,dependent1,dependent2,D/E1,D/E2,D/P,D/Y,E1/P,E2/P,B/M,SVAR1,SVAR2,INF,NTIS,TO,M0G,M1G,M2G
1996-01-01,-0.046207,-0.045857,-0.9186489096848548,-0.7522747983962219,-3.460716482153142,-3.4919246922030003,-2.5420675724682877,-2.70844168375692,0.5768456105609329,0.007330158000000001,0.007060535,0.008,2.479730666025936,8.775564266288491,0.090694076319227,0.026492937764605484,-0.03867457881005098
1996-02-01,0.021062000000000004,0.025297999999999998,-0.9160424838877644,-0.7473307485641847,-3.4944449756811338,-3.460716482153142,-2.578402491793369,-2.747114227116949,0.5577139321312305,0.001807485,0.0019188529999999999,0.021,2.397487846064894,3.6614642543277616,0.0814352737356765,-0.047950994007231566,0.09207034126127978
1996-03-01,-0.002042999999999999,-0.0005099999999999983,-0.916403663367543,-0.7453365500909719,-3.526093156845814,-3.497419392170219,-2.609689493478271,-2.7807566067548417,0.5419492702941365,0.010990851999999999,0.01018909,0.023,2.3297190797238327,10.824349825173757,-0.1216805381885272,-0.055712228475726655,0.011510238640283443
1996-04-01,0.28531500000000004,0.33037700000000003,-0.9583740644259572,-0.7903457885858316,-3.8518322185100367,-3.57209501630766,-2.89345815408408,-3.061486429924205,0.4363422782759821,0.026774548,0.030018747000000002,0.006,1.7612265882707945,28.7184109539597,-0.03356061255217846,0.06316507803449868,0.01877012219413099
1996-05-01,-0.037826,-0.0131,-1.2022205806913604,-1.0372464744784864,-4.096822039231874,-4.0997265116451365,-2.8946014585405138,-3.059575564753388,0.4376114646521501,0.014573698999999999,0.015923879,0.006999999999999999,1.7663494583259496,34.45356144402036,-0.023931784155420962,0.003312339966657252,0.01760418727081836
1996-06-01,0.233023,0.20493200000000006,-1.1037834985529995,-0.941879024840592,-4.243593486850943,-4.002449185073779,-3.1398099882979444,-3.301714462010352,0.343843684273623,0.010999068999999998,0.007937508000000001,-0.005,1.3878706444500568,39.02775017666953,-0.005229691149753468,-0.006748485317170427,0.01873205741626793
1996-07-01,0.116609,0.15487,-0.9728009265185094,-0.8139816804802181,-4.269717243559473,-4.116691728175475,-3.296916317040964,-3.4557355630792546,0.29505495659576353,0.016007296,0.015866357,-0.016,1.1909426622850998,48.59830356910265,0.018734101256245417,0.012176681357948029,0.017806401615668266
1996-08-01,-0.00941,0.001285999999999999,-0.970495484158242,-0.8147771949127964,-4.300523886328094,-4.2715093358556935,-3.330028402169852,-3.485746691415297,0.286617072315464,0.008202444,0.009103834,-0.008,1.1568844770413211,27.357776916823727,0.036371971403363464,0.007378327209085045,0.04272777088801094
1996-09-01,0.057051,0.055539000000000005,-1.0174660314276809,-0.8648645637106505,-4.4443587199263535,-4.351608827147866,-3.4268926884986715,-3.5794941562157017,0.2612289404425059,0.009848673,0.009947252,0.015,1.054409298477722,27.511919735698868,0.03900115526944958,-0.00240279855658776,-0.0036841886902044822
1996-10-01,0.195685,0.21759299999999998,-1.0504509286574013,-0.8965187903444409,-4.7328634470601045,-4.476954162516254,-3.6824125184027032,-3.836344656715664,0.2360169835198919,0.011718537,0.011523733999999999,0.015,0.816336541219268,45.112677098301894,-0.0004756808181709538,-0.006024031846770139,0.015401998262139172
1996-11-01,0.0724,0.091303,-1.069775541304022,-0.9145119972888658,-4.868815922418109,-4.751798756682781,-3.7990403811140867,-3.954303925129242,0.20995360983535905,0.013543391,0.014243111000000001,-0.002,0.7261884340414487,31.397813411003504,0.03569303985722794,0.005727561322760755,0.01353069354031744
1996-12-01,-0.178257,-0.18354700000000002,-1.0985044670393336,-0.9419087804253684,-4.7492553553835215,-4.8971556966273395,-3.650750888344188,-3.8073465749581534,0.2434196581328525,0.049001012000000004,0.04892582,-0.001,0.8419409434923217,37.53523707554923,0.011143021252153941,0.01657353152399521,0.026339996223462947
1997-01-01,0.062666,0.08213999999999999,-1.102226258621652,-0.9442976907173204,-4.849100421206232,-4.752588146819765,-3.7468741625845783,-3.9048027304889104,0.2210247458951784,0.0055804240000000005,0.006054885,0.006999999999999999,0.7644813262886676,16.557710750195028,0.30572597137014323,0.032328846527226666,0.03355152579213594
1997-02-01,0.051526,0.051981999999999993,-1.1026151075054536,-0.9433529178196416,-4.92605360125814,-4.849100421206232,-3.8234384937526857,-3.9827006834384977,0.20465415129273093,0.015969627,0.015927723,0.011000000000000001,0.7078586444114608,12.599455952967126,-0.12294440093970238,-0.12026170154399594,0.0044502085240565314
1997-03-01,0.186053,0.199512,-1.0959144747436866,-0.9353179209810812,-5.1014075508650505,-4.918964270757254,-4.005493076121366,-4.16608962988397,0.17052436802276547,0.006884461999999999,0.0071907709999999994,0.02,0.5898104056294469,25.317348081652618,-0.07935515873015875,0.06615537876593147,0.0075090508620470064
1997-04-01,0.092296,0.11703,-1.147783671196585,-0.9857730822174452,-5.238157447350087,-5.0980018893877075,-4.090373776153502,-4.252384365132642,0.1900400087824464,0.003116415,0.0032981829999999997,-0.011000000000000001,0.5126767762999195,23.22564694909804,-0.0003340481244814564,-0.005855978475209023,0.015413764335755697
1997-05-01,-0.090384,-0.092942,-1.1607188113829814,-0.9974367997951852,-5.1536931927336225,-5.198713665671517,-3.992974381350642,-4.156256392938438,0.19879121348224266,0.033065216,0.034931397999999995,-0.002,0.536285170358501,19.448062396147545,-0.02274442168804569,-0.0027482521084696288,0.0041203692246776225
1997-06-01,-0.005109000000000001,0.007913,-1.3338655676860256,-1.1694342061380285,-5.35523985101873,-5.27706856501403,-4.021374283332705,-4.185805644880702,0.183843308297694,0.015219614,0.016010893999999998,-0.009000000000000001,0.49595974682505845,12.75433671034674,0.006132803882638482,0.016945025924512747,0.02046185506031972
1997-07-01,-0.07227599999999999,-0.07608999999999999,-1.289948147192565,-1.1244727322223262,-5.241916046846164,-5.263911231553671,-3.9519678996536,-4.117443314623838,0.1879317742751594,0.014061695,0.014749419,-0.017,0.5069893272316685,11.570369258860469,0.0005920014032625431,-0.025600366291379077,0.007831037959703746
1997-08-01,-0.012554000000000001,-0.016405,-1.3924635532918683,-1.2260355447774278,-5.304680859802122,-5.299166694277441,-3.9122173065102537,-4.078645315024693,0.1868983392489086,0.005967924,0.005976019,-0.012,0.5042013977784543,10.414637208878629,0.021913005368686237,0.015101910018362032,0.015408578959980934
1997-09-01,-0.113825,-0.118073,-1.4751863850959095,-1.3078857289030488,-5.242420796338667,-5.344099410956812,-3.767234411242757,-3.9345350674356174,0.2069016259331536,0.017676839,0.017582406999999998,0.006,0.5581648794599448,11.316379322693036,0.01062506700975674,0.004644461066815042,0.013527482123049994
1997-10-01,0.12898099999999998,0.13579200000000002,-1.5291989036371056,-1.361380517426543,-5.385902023681639,-5.245722333835328,-3.8567031200445316,-4.024521506255095,0.23829164200810196,0.006948236,0.007080763,0.017,0.4851580488606816,10.411256955949165,0.00667296124590222,-0.015058841829152403,0.00875048316265481
1997-11-01,-0.050931,-0.052716,-1.5602288085643998,-1.39194124851371,-5.354804992041483,-5.368668911713716,-3.794576183477084,-3.962863743527773,0.24161830520294486,0.003515193,0.003564356,-0.006,0.49193108299324995,8.228103683553229,0.031149752344820317,0.009518968572487907,0.010918240155117552
1997-12-01,0.039111,0.046438,-1.615119366605274,-1.4464046639379189,-5.416072480645973,-5.363655000500909,-3.8009531140406985,-3.9696678167080535,0.2292794922678145,0.002075923,0.0021689179999999997,-0.003,0.46680945321883566,7.673760323216913,0.04016728362382449,0.04323999319804517,0.0388777257677817
1998-01-01,0.01538,0.019906999999999998,-1.65760129034879,-1.488496070312248,-5.453633686401957,-5.414540616034009,-3.796032396053168,-3.965137616089709,0.2204891923160537,0.005181213,0.00528859,0.001,0.4489125402698226,7.797242649922353,0.2879657286590158,-0.03645816982929162,0.013364426514336449
1998-02-01,-0.02684,-0.027520999999999997,-1.6994220684187695,-1.5299584392525991,-5.444152616885472,-5.453296494996732,-3.7447305484667015,-3.9141941776328717,0.2225145643812428,0.001207265,0.001219665,0.006999999999999999,0.45303616605494623,5.722951360742179,-0.16953556498123346,-0.0833610963255822,-0.002032286680388684
1998-03-01,0.019150999999999998,0.017125,-1.7475481049102903,-1.5777543712993989,-5.483410224382695,-5.45182631473568,-3.735862119472405,-3.9056558530832963,0.2155965091786748,0.002847522,0.002991852,0.015,0.4389511140753461,7.942566565601399,-0.06293002243235846,0.053045357489660105,0.00014996087977059425
1998-04-01,0.084834,0.085311,-1.7693080151631049,-1.5989189301855653,-5.572682549512629,-5.462335189413262,-3.803374534349522,-3.9737636193270633,0.2342617861508061,0.0029279209999999996,0.002872407,-0.005,0.3930908239297495,14.674766992745846,-0.0027448289383393827,0.016042538601922285,0.006781996092909637
1998-05-01,0.050671,0.050218999999999986,-1.7963073788558503,-1.6253705470776223,-5.632014833887523,-5.5586066812812875,-3.835707455031674,-4.006644286809902,0.21768108561263766,0.0015324720000000002,0.001584106,-0.008,0.3652684405057398,12.125785003693155,-0.0185392706183034,-0.0017439164126844544,0.013748893829185649
1998-06-01,-0.064532,-0.066011,-1.6771026930442154,-1.5056602287343637,-5.426215679291474,-5.473355734224793,-3.7491129862472574,-3.9205554505571096,0.2281882934492853,0.003951191,0.003948359,-0.013999999999999999,0.38289951492711427,9.84700919096513,-0.02644124834742201,0.0008518887509727513,0.007681825924033436
1998-07-01,-0.018129,-0.016875,-1.7086687852347457,-1.5367581253909464,-5.418639133051233,-5.419825102650738,-3.709970347816487,-3.881881007660287,0.22845907836788035,0.003151135,0.0033023690000000003,-0.018000000000000002,0.3833538914966233,6.906431461153797,0.03261182667379936,0.010543730613931991,0.01749885904565507
1998-08-01,-0.13119,-0.125304,-1.539910839690183,-1.3675654119399852,-5.087638327265882,-5.213312697304595,-3.5477274875756986,-3.720072915325897,0.2590526897219354,0.015561741,0.015355023999999998,-0.013000000000000001,0.4346899121586115,7.404447883181374,0.009132843166557159,0.0030192650740337172,0.010226965965487887
1998-09-01,0.075624,0.069991,-1.5558878447455842,-1.3831376201377132,-5.155445393081745,-5.068337054184344,-3.5995575483361613,-3.772307772944032,0.2374419416385899,0.004197833,0.003995845,0.008,0.39842711868553565,9.712367129746896,0.0393846621654308,0.02120915897967901,0.025647745608896374
1998-10-01,-0.015688,-0.013944,-1.5618013081788715,-1.3882487786961093,-5.1487787731395445,-5.147258854680626,-3.586977464960672,-3.7605299944434334,0.2788827715858309,0.001882999,0.00183316,0.016,0.3978220019338652,8.42681220579041,-0.002536094224924068,-0.03359327656218647,0.010829254117210807
1998-11-01,0.017178000000000002,0.019435,-1.547381035231478,-1.3730477391457543,-5.151885428627775,-5.120454547321575,-3.604504393396297,-3.7788376894820215,0.27025356250512,0.001227926,0.001270554,-0.003,0.38551256735648487,9.142356581464172,0.016159904011884274,0.009236220037924124,0.013420543404127015
1998-12-01,-0.08524000000000001,-0.08703000000000001,-1.5575822935529653,-1.3824889130866111,-5.074926327305659,-5.148373405921369,-3.5173440337526927,-3.692437414219047,0.2908500136551129,0.003037588,0.0030599409999999996,-0.003,0.4148930894397627,4.998592567018469,0.049967200824664985,0.024100685717969084,0.02220015846775381
1999-01-01,-0.013173999999999998,-0.009028,-1.5584408062223292,-1.3826072123320683,-5.059705134709326,-5.062257071900266,-3.5012643284869966,-3.6770979223772566,0.29159319249147897,0.0025046829999999997,0.002516619,0.002,0.41595322266633983,5.532627051794548,0.07075917959336664,-0.039682067231912255,0.009583869624922858
1999-02-01,-0.04646,-0.046324,-1.571998778047778,-1.3954440723171937,-5.018487561414336,-5.059915899103377,-3.446488783366558,-3.6230434890971424,0.30392713713027303,0.001705334,0.001712151,0.002,0.43354740577074985,1.7234563281239013,0.06559973326665003,-0.008187031529231725,0.021592417061611302
1999-03-01,0.06401899999999999,0.061618999999999986,-1.5835609222952982,-1.4063034761570563,-5.091504551838233,-5.0168783022593635,-3.507943629542936,-3.685201075681178,0.2820718265562952,0.0019699270000000002,0.001891664,0.013000000000000001,0.4023711400014951,8.650867034742056,-0.11282853566958695,-0.01123021513496869,0.006125554380300269
1999-04-01,-0.037868,-0.039006,-1.5880317593134097,-1.4041694879985371,-5.06909831827997,-5.096412775238762,-3.4810665589665604,-3.6649288302814327,0.3241462503855273,0.002668325,0.002451182,-0.008,0.41351316564866175,10.811661757381835,-0.010280736404034707,0.01793050234756421,0.007191192771551114
1999-05-01,0.11779,0.112717,-1.5894201627039948,-1.3989033129305923,-5.189498027589356,-5.070924299443534,-3.6000778648853604,-3.7905947146587633,0.2879022681603658,0.011105263,0.011100031000000002,-0.01,0.3672767405540788,11.728252878697527,-0.029933184855233882,-0.0012719104790775981,0.007718507938252017
1999-06-01,0.3353,0.36072600000000005,-1.448349540772227,-1.251127645928911,-5.353572602951665,-5.048865174988698,-3.905223062179438,-4.1024449570227555,0.21228158997397964,0.020064191999999998,0.020433699,-0.013000000000000001,0.27080748944239785,26.2198957610297,-0.0007806042795481805,0.022806465208717097,0.011834346407901151
1999-07-01,-0.058538,-0.066107,-1.3614893216342914,-1.1575111863810859,-5.23280304435896,-5.2671503448707595,-3.871313722724668,-4.075291857977874,0.219699553798038,0.020952927,0.021655989,-0.018000000000000002,0.2802705811792461,14.447657107256495,0.02927255181287625,-0.01716041153203296,0.0004534699430243095
1999-08-01,0.007425000000000002,0.005273000000000001,-1.3697747537937524,-1.1589884382166424,-5.266435325721106,-5.241526629469387,-3.896660571927352,-4.107446887504462,0.21429471750518053,0.0027639540000000003,0.002950292,-0.009000000000000001,0.2733756349547747,10.39113811909201,0.017501562639521406,0.023955850395908973,0.012682427702084055
1999-09-01,-0.028507,-0.026363,-1.3511530939858645,-1.1335058972886678,-5.231595933223068,-5.248252010926347,-3.880442839237205,-4.098090035934401,0.21789391804466596,0.00563392,0.005557851999999999,0.01,0.27796713279600166,7.207622785738959,0.07548924967090831,0.017050532338162894,0.0199624203426485
1999-10-01,-0.046326999999999986,-0.049857,-1.3058739385048632,-1.088329229155466,-5.1294875286879735,-5.1711528974893,-3.8236135901831116,-4.041158299532508,0.25305236673687703,0.005999417,0.006053446999999999,0.02,0.2897933979279554,3.2662182347710003,-0.008257719172269806,-0.03698806266169363,0.00269987738889621
1999-11-01,-0.043836,-0.04562,-1.339038168283512,-1.1215928972135316,-5.1404730503161415,-5.147714390941832,-3.8014348820326314,-4.018880153102612,0.2548914558194452,0.001464324,0.0014869999999999998,0.0,0.2918995069566996,4.352454407685556,0.027069277604081062,0.017767868023698563,0.010130860559840471
1999-12-01,-0.051689999999999986,-0.050518,-1.3555110200092173,-1.1381622722241431,-5.098388026324347,-5.142228379586567,-3.7428770063151298,-3.9602257541002035,0.26631455409939114,0.001888926,0.001965267,-0.006,0.30498114103938967,4.522532849309453,0.07790595209484907,0.03074499093183292,0.028645578633996523
2000-01-01,0.139184,0.15898199999999998,-1.3803924120750857,-1.163137398907125,-5.247730710698954,-5.108765363485934,-3.8673382986238662,-4.084593311791829,0.23176242043828654,0.008474286999999999,0.00911309,0.0,0.26541233420138116,10.934127761705893,0.19608338597599492,-0.040902574956020336,0.011030218210660971
2000-02-01,0.117069,0.120168,-1.3929484757682395,-1.1757845276807828,-5.359863506647969,-5.245990083066964,-3.9669150308797287,-4.184078978967186,0.2068180401408224,0.014172911000000002,0.015183724,0.009000000000000001,0.23684624403267834,13.165727862740223,-0.13116149597052296,-0.056590285590331864,0.0029945454725441856
2000-03-01,0.058868,0.05407000000000001,-1.401771898226837,-1.1846964581240125,-5.4265913293185015,-5.354591755511507,-4.0248194310916645,-4.241894871194489,0.19245065818326465,0.008346052,0.008861487,0.019,0.2203928415591155,18.081430980268706,-0.053464921690624334,0.051329773351518,0.00841743198495859
2000-04-01,0.015016000000000003,0.011157999999999998,-1.3904397645265796,-1.1787116631608896,-5.409757091323699,-5.384287246176221,-4.019317326797118,-4.231045428162808,0.2086160112131944,0.002574751,0.002539568,-0.016,0.21485035279869716,12.335685244305786,0.03325173398612824,0.01497370570310186,0.012356979815641544
2000-05-01,0.027618,0.025835000000000004,-1.359665272806584,-1.152942032578789,-5.388472907097121,-5.348941164128128,-4.028807634290537,-4.235530874518332,0.20052993798397614,0.003898065,0.003866347,-0.009000000000000001,0.20652263300408266,8.332169424687923,-0.04387773755986979,-0.02200406846518277,-0.0005528437494536353
2000-06-01,0.022364,0.021865,-1.2904322789651808,-1.088403360110057,-5.332032128081121,-5.290074706432954,-4.04159984911594,-4.243628767971064,0.19229028486201186,0.0013611920000000002,0.00130429,-0.01,0.19803674369051613,11.916809541790215,-0.005308421507481564,0.029303731704876542,0.02057245578007838
2000-07-01,0.044032,0.041388999999999995,-1.260069698283722,-1.0624526409811637,-5.341132573582954,-5.2733309000160205,-4.081062875299232,-4.27867993260179,0.17968484532035686,0.000930203,0.0008871739999999999,-0.015,0.18505459952546685,9.19782961351534,0.011566164643503908,-0.03760811919630946,-0.0022227342245385584
2000-08-01,-0.0073830000000000015,-0.006547,-1.276273279304828,-1.0828104121120248,-5.329904390450358,-5.3297785045718475,-4.053631111145531,-4.247093978338334,0.17966222695944456,0.0016123479999999998,0.001555349,-0.008,0.18503130523087521,10.5158893928073,0.016889788826334184,0.02724886907958413,0.011608094492317813
2000-09-01,-0.050122,-0.047077999999999995,-1.3185972514303153,-1.1290528689782915,-5.305569009017977,-5.345409814231407,-3.9869717575876606,-4.176516140039683,0.1869646153735013,0.002898908,0.00279147,0.01,0.1925519203452629,5.385260354972448,0.038569574875847216,0.012779205551917805,0.02099955943447962
2000-10-01,0.023531,0.022366,-1.384728508478073,-1.1914643914338434,-5.37659609595158,-5.346060375679984,-3.9918675874735072,-4.185131704517737,0.2053652019371044,0.000895132,0.000901709,0.016,0.18676107257807734,4.273806751682994,-0.021968104362170005,-0.04853893086574623,-0.007291883185165605
2000-11-01,0.05497600000000001,0.052317999999999996,-1.4043117299765946,-1.207498676617618,-5.437009601353222,-5.371180430034915,-4.0326978713766275,-4.229510924735603,0.19228154838276604,0.001894807,0.001875323,-0.001,0.17486267329718766,7.564568426579291,0.021211307300884163,0.029827898392813523,0.011361969400823568
2000-12-01,-0.003624,-0.003961,-1.4203182577170956,-1.2201155456835229,-5.469362173796245,-5.428626974389778,-4.04904391607915,-4.249246628112721,0.1846063086776872,0.000747277,0.0007972060000000001,0.006999999999999999,0.16788273713422772,5.211893049914078,0.0558449887229151,0.02975366637954724,0.02760605880861622
2001-01-01,-0.01026,-0.012255,-1.4441267161466342,-1.2406831175240214,-5.4781674091974475,-5.469362173796245,-4.0340406930508115,-4.237484291673425,0.18298794217850434,0.002002398,0.001995948,0.001,0.16641097921048564,4.284491854601888,0.1614910562558436,-0.0227729372657306,0.02179127451614038
2001-02-01,-0.060558,-0.06126199999999999,-1.468482294237429,-1.261936981070896,-5.431723930111363,-5.479268214690824,-3.9632416358739353,-4.169786949040469,0.19189810835535207,0.0029897979999999997,0.0029293,0.009000000000000001,0.17451396928056886,3.182757386476219,-0.12389637921896612,-0.06795923512994695,-0.00969481465626576
2001-03-01,0.070619,0.07405700000000001,-1.4832524639264086,-1.273735818080194,-5.505271143601714,-5.4237678443805954,-4.0220186796753055,-4.23153532552152,0.17687817986902465,0.00115281,0.0011656519999999999,0.001,0.16085470311622796,5.447292607171182,-0.036771003307089815,0.06418755803173283,0.01860573259691245
2001-04-01,-0.007201999999999999,-0.00731,-1.4476068972603713,-1.2390851258682185,-5.453880045302213,-5.455718967311672,-4.006273148041842,-4.214794919433995,0.20789163972073876,0.001190558,0.001164773,-0.006,0.1611507745127829,6.094766038745645,0.01816375298354278,-0.015619385217905181,0.0086878423830401
2001-05-01,0.034636000000000014,0.033289,-1.239849292504136,-1.0322943419788009,-5.270355321234074,-5.232406575139706,-4.030506028729938,-4.238060979255272,0.20015023008036228,0.000553264,0.000531453,0.002,0.15514988789202602,4.542727943479359,-0.04655067123755119,-0.017785324684121858,-0.006673890682983964
2001-06-01,0.004548000000000001,0.0009540000000000002,-1.0397635637836444,-0.8331485510616154,-5.0691478197246065,-5.056739309517784,-4.029384255940961,-4.23599926866299,0.19768200904991926,0.001135687,0.00106478,-0.005,0.15323660397517905,5.574872063315236,8.320016525265039e-05,0.06381463933490072,0.06325775537521494
2001-07-01,-0.134055,-0.134358,-0.9938420405562988,-0.788141188848499,-4.86802543856065,-5.0098766408392,-3.874183398004352,-4.079884249712151,0.22780976737044314,0.00456009,0.004496936,-0.012,0.1765906532010558,4.236150806453444,0.009192853413504842,-0.08085212209582926,0.009600589731375564
2001-08-01,-0.037969,-0.037078,-1.0050481671724647,-0.8002367460650639,-4.9023275488250775,-4.866057777623709,-3.8972793816526132,-4.102090802760014,0.2196952054200024,0.005432828000000001,0.005464255,-0.005,0.170300511159259,3.572221385381272,0.02121362003806237,0.07362717182717449,0.004778101374983246
2001-09-01,-0.049926,-0.053857,-1.0093322950480648,-0.8053865646045288,-4.846663598664321,-4.8936091836734645,-3.837331303616256,-4.041277034059792,0.2302548504335017,0.003477388,0.00365141,0.001,0.178486001325152,2.8759069403616135,0.04832732898032255,-0.028139591450770496,0.011344004498813344
2001-10-01,-0.049696,-0.05038,-1.0199494887574474,-0.8178619846400004,-4.7931015962850445,-4.841616277889852,-3.773152107527597,-3.975239611645044,0.2722688952196156,0.017823394,0.018073438,0.009000000000000001,0.18735868023163624,3.816334388664423,-0.03850019250428149,-0.02430399457278809,-0.0009591625577757279
2001-11-01,0.035167000000000004,0.036819000000000005,-1.0267593046791037,-0.8264698579984042,-4.821561139349008,-4.7844884950952755,-3.794801834669904,-3.995091281350604,0.2623599770839731,0.004119606,0.004525011,0.003,0.18053997322171575,4.163744629458875,0.020393369238108642,0.01762201813227127,0.017102950713626663
2001-12-01,-0.06352500000000001,-0.06459899999999999,-1.0402245862047008,-0.8416759066625303,-4.775619096138144,-4.8198377617665615,-3.7353945099334425,-3.933943189475613,0.2742215029435291,0.002523687,0.002614465,-0.002,0.18870234457444504,4.120836816891862,0.06148849797022993,0.0499021151736001,0.02734535977098851
2002-01-01,-0.10231,-0.109581,-1.0551859972374515,-0.8583234922179948,-4.671860210775731,-4.775619096138144,-3.6166742135382783,-3.813536718557735,0.3042029477869433,0.020925509,0.022509311,0.001,0.20933372787208065,5.42983736167902,0.0661038447809903,-0.04641698955052709,0.008448224563318618
2002-02-01,0.024758000000000002,0.026511000000000003,-1.0693013913911005,-0.8740729990567502,-4.7007464779958985,-4.671234742058356,-3.631445086604799,-3.8266734789391488,0.29535656876923083,0.00186529,0.002051008,0.003,0.20324619482409684,3.3860340296338434,-0.005042482044303798,-0.04268929077935957,0.008120307741322108
2002-03-01,0.058914999999999995,0.064457,-1.085427518757207,-0.8917835538667056,-4.7692401467921846,-4.702345882738378,-3.6838126280349774,-3.87745659292548,0.2762452533053507,0.0065366669999999995,0.007138993000000001,0.011000000000000001,0.1900949648978329,10.950661979084412,-0.06591453320153473,0.04407323618018688,0.01944243656732492
2002-04-01,0.040760000000000005,0.037689,-1.0883965028649172,-0.8808022672575184,-4.8409888635509555,-4.783429439858602,-3.752592360686037,-3.960186596293436,0.30562012553608103,0.0026638390000000003,0.002751879,-0.013000000000000001,0.17946215299165155,6.557992694558506,0.020556938312459083,0.0034362182965888,0.003084090611397583
2002-05-01,-0.08782100000000001,-0.086767,-1.1258700673365638,-0.90380293335118,-4.797886765952473,-4.889810062294746,-3.672016698615909,-3.8940838326012925,0.3350454543601917,0.003931425,0.004060166,-0.003,0.19674090010949727,4.509737486247363,-0.03915172419879254,-0.003593905965066257,0.008825636857527908
2002-06-01,0.14102900000000002,0.131349,-1.0596604973317802,-0.8225663024061838,-4.878286250798998,-4.743155078446339,-3.818625753467217,-4.055719948392813,0.292696148452638,0.014105241000000001,0.014477005,-0.003,0.171873108426798,8.883147919472252,-0.009559754039048518,0.017982695897957868,0.02155267643639736
2002-07-01,-0.045097000000000005,-0.041807,-1.0046462810408665,-0.7602464152283872,-4.7946421110493835,-4.8362236745141765,-3.789995830008518,-4.034395695820997,0.3163682845876408,0.001236281,0.001192825,-0.009000000000000001,0.1791705286412285,6.644151060860837,0.017242098778924797,-0.025530921146891258,0.007369639514428261
2002-08-01,0.007813999999999998,0.004586,-0.816790924877477,-0.5648364784706814,-4.636126098517909,-4.619908343389515,-3.819335173640432,-4.071289620047228,0.3112788821082453,0.000911712,0.000859128,-0.006999999999999999,0.17628822034066735,3.901794559385964,0.023112244964402118,0.016308623969312208,0.01404602860712556
2002-09-01,-0.055105999999999995,-0.05726700000000001,-0.7713864976786837,-0.5116153926487073,-4.553846872198144,-4.604017727740242,-3.7824603745194594,-4.042231479549436,0.3272944069591109,0.0010395019999999999,0.001071027,0.003,0.1853583774764766,3.0791714202705123,0.033156172017252405,0.008013679487558491,0.02155422897609993
2002-10-01,-0.052368999999999985,-0.052818,-0.8264096333361621,-0.5625465311282873,-4.524782179401694,-4.560936042816348,-3.698372546065532,-3.9622356482734062,0.3565340849921007,0.001621351,0.0015596310000000001,0.01,0.19218241327466187,3.282379114162298,-0.01348562670710962,-0.02526831509882577,0.0017455695874248887
2002-11-01,-0.058642999999999994,-0.064328,-0.8824761224439115,-0.6148723131873375,-4.47874027879951,-4.535107652373399,-3.5962641563555984,-3.863867965612173,0.37720817332401146,0.004872988,0.005386246,0.002,0.2033263581459304,5.401901452230989,0.0207141456640354,0.008803071299471998,0.013774340552127784
2002-12-01,-0.05427599999999999,-0.053127,-0.9309184714185506,-0.6598818475579655,-4.433723304855307,-4.483442655985979,-3.5028048334367554,-3.773841457297341,0.3964367747858353,0.00259917,0.002939283,-0.001,0.21369114285623897,5.4993248065151334,0.056993623668589725,0.029188511854982387,0.029324689408803725
2003-01-01,0.09805599999999999,0.09385700000000001,-0.962759303474165,-0.6854409645885475,-4.53714343551187,-4.433723304855307,-3.574384132037704,-3.851702470923321,0.3703146943303606,0.006253374,0.005666418,0.003,0.19269556963980852,9.296217858249078,0.2295805713961603,-0.020991200955687628,0.02993443976732335
2003-02-01,0.007180999999999998,0.008074999999999999,-0.9942453914017548,-0.7109909481409602,-4.547938800371433,-4.537771322626599,-3.5536934089696786,-3.836947852230473,0.3665686043322761,0.001399455,0.001430406,0.011000000000000001,0.19074626825599977,4.4779081776039185,-0.15568849309922986,-0.0580845655254435,-0.002291531582688689
2003-03-01,-0.008456,-0.014767,-1.022185573169125,-0.7333127808422013,-4.539373712788802,-4.54594457439859,-3.5171881396196767,-3.8060609319466,0.36898520678701147,0.0018549839999999998,0.0017706739999999999,0.009000000000000001,0.1920037624730474,5.636942461880673,-0.04630998089442195,0.06070079418014174,0.023033646959647932
2003-04-01,-0.004409000000000001,-0.013688999999999998,-1.0067804281639037,-0.7042314171500266,-4.515725712271318,-4.5139201481560685,-3.508945284107416,-3.811494295121293,0.3769939346053472,0.004395693,0.003982184000000001,-0.006,0.1916574001533173,16.065705364718987,0.01956215473650369,-0.02576086415727008,0.008446978285985951
2003-05-01,0.040838000000000006,0.04227,-1.0235882750645011,-0.7074498035628558,-4.55615724665088,-4.522585106603233,-3.532568971586379,-3.8487074430880237,0.364547536539286,0.0027245740000000004,0.0027376540000000004,-0.002,0.18532985990492643,8.468530464286053,-0.01869774567488136,0.022068972398363692,0.017208268816219174
2003-06-01,-0.06292400000000001,-0.06853999999999999,-0.8448000698414724,-0.5151568300380553,-4.30410255649474,-4.367518586443643,-3.4593024866532684,-3.788945726456685,0.3884144690327948,0.001502584,0.0015235129999999998,-0.006999999999999999,0.1974634085152752,7.305644760461045,-0.009239831890449524,0.022795973736214226,0.027078142678894856
2003-07-01,-0.012454,-0.013947,-0.9216226147729358,-0.5926341388373899,-4.31857838343722,-4.318661191811368,-3.3969557686642844,-3.7259442445998303,0.4037648313966111,0.00138641,0.001308428,-0.012,0.1974797608161326,6.67699758721707,0.023898250209796856,-0.04019574518001568,0.00627429694834869
2003-08-01,-0.035261999999999995,-0.032724,-1.1279227095284805,-0.7995140897929431,-4.43783563119413,-4.466265172199588,-3.3099129216656493,-3.6383215414011865,0.4154084067570565,0.0007480760000000001,0.000747533,-0.005,0.20317458685948042,4.527627270974433,0.014089861094231937,0.008535159361786393,0.02133354918281194
2003-09-01,-0.044417,-0.045024,-1.1457955296082645,-0.8179040175787229,-4.368390536522128,-4.400341276189728,-3.222595006913864,-3.5504865189434045,0.4288953237809736,0.001496301,0.001556528,0.006999999999999999,0.20977098392263618,5.364203633972143,0.03973473824826379,0.01610370147212703,0.01412794129308881
2003-10-01,-0.024318000000000003,-0.039514999999999995,-1.1527138024148869,-0.8222110813522754,-4.3473227173903375,-4.364874960467102,-3.19460891497545,-3.525111636038062,0.4502528201610977,0.002028725,0.0020434710000000003,0.012,0.21348543836420553,5.673299250668272,-0.0030421121402617324,-0.013726276869856724,0.004224573322683112
2003-11-01,0.024198,0.019101,-1.1407993438781645,-0.8077324367699923,-4.3659112389545385,-4.325082151997584,-3.225111895076374,-3.5581788021845466,0.4322396417114848,0.0044146640000000004,0.004561335,0.009000000000000001,0.20494456726811255,10.207965293193036,0.010349757022618977,-0.007110813331719924,0.008776871437486511
2003-12-01,0.055557,0.025503,-1.1478510982473686,-0.8122657610151265,-4.422976186727642,-4.362742426065552,-3.275125088480273,-3.610710425712515,0.4069728192171792,0.00255495,0.002172529,0.01,0.19296441204257186,13.839377796865385,0.0708444236196526,0.034053992401952726,0.02251458770401316
2004-01-01,0.06221,0.07309299999999999,-1.1780876720436029,-0.8470606968129673,-4.4912988355283545,-4.42180476529072,-3.3132111634847523,-3.6442381387153873,0.3992930792634458,0.002961548,0.00236922,0.006,0.1800098745691207,10.177272183853063,0.12871178320562748,-0.04459609530112807,0.017534946669149898
2004-02-01,0.063289,0.06983800000000001,-1.2067704304818925,-0.8800095197931591,-4.552159168339905,-4.489530095483474,-3.3453887378580127,-3.672149648546746,0.3750527223006319,0.0034114009999999997,0.003424796,0.011000000000000001,0.16908180232595543,18.239058228360804,-0.1074143586766173,0.0007402557680266098,0.008657366909293085
2004-03-01,0.036153000000000005,0.030698999999999994,-1.227928329952274,-0.9051684629381996,-4.586291267704091,-4.543765525556566,-3.358362937751817,-3.681122804765892,0.3594377003032002,0.002851645,0.002920629,-0.002,0.16204221587397694,13.507302175783783,-0.029960127559637617,0.030014056223252705,0.02027687910436926
2004-04-01,-0.094472,-0.100944,-1.202792045136427,-0.8867033602278269,-4.444733803579163,-4.540710902922672,-3.241941758442735,-3.558030443351335,0.4102033368333855,0.002317829,0.00248466,0.003,0.17836535314249594,13.402645542393543,0.030106081483389332,-0.029506895296057437,0.008518112741987327
2004-05-01,-0.024756999999999998,-0.024572,-1.1393292435178497,-0.8296054720366968,-4.3329190713112835,-4.361236522475952,-3.193589827793435,-3.503313599274588,0.4219852797926805,0.003225236,0.003229947,0.005,0.1834883987833776,5.351213540790768,-0.04175235431423052,0.016215859722754522,0.005198609446664504
2004-06-01,-0.103414,-0.114871,-1.1312050383325811,-0.8275606496719483,-4.204213062106883,-4.305153896154792,-3.073008023774303,-3.376652412434936,0.4668048384328714,0.004120615,0.004348775,-0.001,0.202976919930624,8.63406177005126,-0.0016195560474011605,0.007534703550940547,0.015265940051711224
2004-07-01,-0.009932,-0.005104999999999999,-1.1494156447063588,-0.8481131733916031,-4.182175672381089,-4.182988976351624,-3.0327600276747297,-3.3340624989894856,0.4887153054223397,0.003938148,0.004169095,-0.006999999999999999,0.20314206901463,9.089613861354273,0.020587267149658302,-0.028557629721308705,-0.0012604251296693958
2004-08-01,-0.039136000000000004,-0.046071,-1.1840918790464556,-0.8849520799676078,-4.144663124436285,-4.178913490873949,-2.9605712453898287,-3.259711044468677,0.50574393752085,0.002525156,0.002633055,-0.002,0.21022028309673432,7.449904539646083,0.005607678872281641,0.02026906121873473,0.006728427275583204
2004-09-01,0.046970000000000005,0.051739,-1.2233411713527964,-0.92620462396415,-4.195566126960284,-4.147360868968652,-2.972224955607487,-3.2693615029961336,0.4819427017166801,0.00903562,0.009513943,0.006999999999999999,0.20032693162458057,15.28577861753569,0.05155410868155141,0.0017477454701508857,0.016800999494471336
2004-10-01,-0.056601999999999986,-0.05639,-1.2594606892994626,-0.9642247994846224,-4.134689426886677,-4.1899988732089435,-2.8752287375872143,-3.1704646274020547,0.5227268997896125,0.0039027309999999996,0.004355135,0.011000000000000001,0.2117190450187773,11.046581811636885,-0.02172657895544605,-0.010942777694519012,-6.793654398595804e-05
2004-11-01,0.015138999999999998,0.020891,-1.3100585283474329,-1.0165709848182092,-4.165354198144545,-4.14526896014382,-2.855295669797112,-3.148783213326336,0.5123325416127451,0.003126678,0.0034263540000000004,0.0,0.20750903863174192,12.382986995806656,0.006524472999389852,0.013878403313652976,0.013929824987511276
2004-12-01,-0.06305999999999999,-0.0704,-1.3496325026220293,-1.0577585995957044,-4.105572064023367,-4.166449899520662,-2.7559395614013376,-3.0478134644276618,0.5444911806254402,0.00212787,0.0023422720000000003,-0.003,0.22053418875049752,9.696786994777172,0.062300679144451136,0.021102036396736024,0.028208888416633607
2005-01-01,-0.062469000000000004,-0.060728,-1.382979497848165,-1.0914132877291216,-4.04447373184793,-4.106547797646094,-2.6614942339997647,-2.9530604441188077,0.6034246505490065,0.003194532,0.003298252,0.001,0.2346574520035326,9.134746918478463,0.11864516519705792,-0.027218634595391308,0.014173045213236925
2005-02-01,0.094376,0.093928,-1.4158128832204468,-1.124535283212488,-4.1429825818047945,-4.04595097922412,-2.727169698584348,-3.0184472985923065,0.5476243592381628,0.0045282840000000005,0.004690605,0.006,0.21295804981944164,9.204693615644992,-0.05610730776613848,-0.05548297024768701,0.0063980046911147346
2005-03-01,-0.098813,-0.107907,-1.4563867192468756,-1.1653803684140804,-4.0505070959485865,-4.153153668378607,-2.59412037670171,-2.885126727534505,0.6068223919489861,0.002992109,0.003318495,0.018000000000000002,0.235978752581427,14.427773195847408,-0.06304137512093055,0.06469890247650845,0.02017159417419889
2005-04-01,-0.028524,-0.032725,-1.441184965653601,-1.1402426278123698,-4.009812444151859,-4.036673679651425,-2.568627478498257,-2.8695698163394887,0.6304438289597021,0.005350941999999999,0.005835014,-0.009000000000000001,0.24240333322709406,15.721967996359545,0.020133292841689517,-0.022352734603633517,0.009084733473742279
2005-05-01,-0.080864,-0.07114699999999999,-1.3881591234526771,-1.0771534232891966,-3.879002608333142,-3.9581568141598105,-2.4908434848804646,-2.8018491850439453,0.6823742544959397,0.002375593,0.0025596670000000003,-0.003,0.26237039082627317,9.75142617059681,-0.03946034811248311,0.014351102707122252,0.008419070396916695
2005-06-01,0.019482,0.011359999999999999,-1.2354350910831364,-0.9142356685948698,-3.7393985692759197,-3.727650668230343,-2.503963478192784,-2.8251629006810504,0.6744046937421193,0.012596516,0.012196718,-0.002,0.2593061240314508,20.109619250684755,0.001786024037567335,0.0164455416384639,0.02430927086784029
2005-07-01,-0.004028,-0.019387,-1.1980744442606517,-0.8736049983379104,-3.685201171756141,-3.691401668578205,-2.4871267274954896,-2.81159617341823,0.7016158705344048,0.0049362040000000005,0.005182202,-0.008,0.26091894581037633,16.15973281098821,0.015465667982172747,-0.038622035976408016,0.004281406642328235
2005-08-01,0.086224,0.08655800000000001,-1.1640652345911384,-0.8363838407369428,-3.703427169086897,-3.640667648526492,-2.5393619344957585,-2.8670433283499537,0.6589360842035286,0.00487541,0.004756385,0.0,0.2450470630258801,31.527002215910947,0.008519120314389284,0.02684470075022793,0.015604571069084416
2005-09-01,-0.002814,0.002855,-1.1714678520788409,-0.8406310361494462,-3.7000136820123046,-3.7004150816360273,-2.528545829933464,-2.8593826458628584,0.6592006339913258,0.0037281190000000002,0.00400871,0.002,0.24514544456860923,27.506998149821534,0.04315188211072152,-0.0014793423386993965,0.021863873289823758
2005-10-01,-0.054675,-0.052853,-1.183446055804147,-0.8462583956713701,-3.63803202148571,-3.7046013623597718,-2.454585965681563,-2.79177362581434,0.7142213373923387,0.002447244,0.002589067,0.006999999999999999,0.26202004974515264,14.273571352667792,-0.017058383005012282,-0.008157769598994502,0.0005334710649349539
2005-11-01,0.002219,-0.0034170000000000003,-1.187239562404795,-0.8437541976296501,-3.62736864276976,-3.634489224079761,-2.440129080364965,-2.7836144451401097,0.719325158018697,0.002149374,0.0025048970000000003,0.004,0.26389244316774524,16.865794315965243,0.02358792635812934,0.015524711751623066,0.01654700566542955
2005-12-01,0.05756300000000001,0.048794,-1.1957732488075905,-0.8460425314389539,-3.6665407373270185,-3.6286194547844066,-2.470767488519428,-2.8204982058880645,0.6925581526044311,0.001552995,0.001820234,-0.003,0.25407266920834304,15.825457646328625,0.07239420617874925,0.006951601853197653,0.02190970225830724
2006-01-01,0.08921799999999999,0.093896,-1.177212586688622,-0.821634448103552,-3.7210870253668737,-3.6605479264477614,-2.543874438678252,-2.8994525772633217,0.6660137247064658,0.002187219,0.002197644,0.004,0.23914766980549249,21.163911408602058,0.21965445640549766,-0.03054299836235175,0.01612002716600891
2006-02-01,0.037092000000000014,0.032549,-1.157701899606721,-0.7960908086354337,-3.735853696353995,-3.714304152938169,-2.5781517967472745,-2.9397628877185618,0.6518149708291278,0.002531512,0.002531225,0.013000000000000001,0.23404927801874117,21.251303633223706,-0.16473179970092489,-0.026717661564808703,0.0031116871420635572
2006-03-01,0.006170999999999999,0.015032999999999996,-1.1377203432302636,-0.7698816811487781,-3.6822408651981138,-3.7287640426218047,-2.5445205219678506,-2.912359184049336,0.6828559380066921,0.002595137,0.002622592,0.005,0.2451952569883112,24.80859852985666,-0.041254357279342235,0.04978609311299997,0.01961924727371711
2006-04-01,0.120967,0.11314,-1.1314614808668608,-0.7617570563990128,-3.783728178841976,-3.6828360535856746,-2.652266697975115,-3.021971122442963,0.6196656505432581,0.004095238,0.003882642,-0.01,0.22166400295647765,37.37974026584383,0.029128285878980312,-0.0260663774921418,0.010343918568884504
2006-05-01,0.182104,0.20274,-1.0940705299274676,-0.7224709410043673,-3.885496864730879,-3.753238581064828,-2.791426334803411,-3.1630259237265115,0.5428981729731274,0.013771532,0.014819528,0.001,0.19420308696065244,44.82930143372733,-0.028582038298987426,0.029861473552988183,0.009586986185694313
2006-06-01,0.033732000000000005,0.042267000000000006,-1.0875390242482688,-0.7140141647865086,-3.918569382807093,-3.8859146720689712,-2.831030358558824,-3.204555218020584,0.5254563193865327,0.00790779,0.008814553000000001,-0.002,0.18796386572643384,36.961008510926405,0.00016066269740311334,0.0019938375168708773,0.019091767921295636
2006-07-01,-0.060993999999999986,-0.056957,-1.0586507263669491,-0.6827985243628305,-3.9747138277690617,-3.904449171208995,-2.9160631014021132,-3.2919153034062316,0.5025110237280231,0.006353920999999999,0.008375883,0.015,0.17520997016430012,30.08732109284514,0.012080149711876098,-0.025829769264759102,0.00388655405230609
2006-08-01,0.026655,0.035389000000000004,-1.0778179788275573,-0.6995624596611519,-4.0503480926275435,-4.00887053617522,-2.9725301137999867,-3.3507856329663923,0.4820944364032911,0.0037794659999999996,0.00500272,0.01,0.16809134094601008,20.966308913324756,0.018219907807948577,0.016698091966216744,0.011959201601823288
2006-09-01,0.052215999999999985,0.047768,-1.039262114798266,-0.6585235146113391,-4.087128526540841,-4.027009791874075,-3.047866411742575,-3.428605011929502,0.4539655373959892,0.00178681,0.002035682,0.004,0.15828366843116506,22.987867801594188,0.06210451281270979,-0.0023237828737552317,0.012137431928635369
2006-10-01,0.03218,0.017046000000000002,-1.0601163954358377,-0.6826604160476073,-4.261771935240201,-4.086652800384279,-3.201655539804364,-3.5791115191925935,0.3808503724317971,0.002367054,0.002707259,0.005,0.13285650795385198,19.475982723785314,-0.028154292107642087,-0.0039061933911319615,0.0026571619285604697
2006-11-01,0.135252,0.120345,-1.0878049047161902,-0.7134857715358827,-4.403575145767809,-4.2685759212858905,-3.31577024105162,-3.690089374231928,0.33275528842361723,0.003108956,0.0037493540000000003,0.001,0.11607893499186625,24.551935407569882,0.02255592715479837,0.01452064062687519,0.014296079083224722
2006-12-01,0.23761999999999997,0.142331,-1.1028194373332738,-0.7315008896365605,-4.634492158582058,-4.3981324106450685,-3.531672721248785,-3.9029912689454984,0.2627091698622604,0.008785744,0.007048708000000001,0.003,0.09164392486344657,26.93255174046751,0.06053763702018933,0.008278005330256688,0.02392189773305331
2007-01-01,0.087338,0.192209,-1.23015700452952,-0.8623878384235155,-4.803626564549763,-4.640216118518398,-3.573469560020243,-3.941238726126248,0.28001526918335673,0.015273082,0.017609789,0.013999999999999999,0.07782792031811508,32.75583875411134,0.03237625320342108,-0.016544836732875767,0.017133242606081067
2007-02-01,0.052243000000000005,0.104076,-1.3445390911714623,-0.979580995386062,-4.875321316383491,-4.8095942080626735,-3.5307822252120284,-3.8957403209974295,0.26220247906805993,0.015467681,0.01602314,0.006999999999999999,0.07287700312784985,19.695039432237245,0.09584555941455064,-0.03681235069146405,0.020371280388833183
2007-03-01,0.111762,0.123633,-1.4422614964985137,-1.0795848315296863,-5.004999417456425,-4.875241792457288,-3.562737920957911,-3.925414585926738,0.23029460973808594,0.004210957,0.004887356,0.01,0.06400847564012939,29.005138674481543,-0.10578514447434084,0.030181395173532913,0.015152014063487762
2007-04-01,0.2178,0.296042,-1.596240744740996,-1.2489470517186554,-5.246162529845347,-5.01243968033338,-3.6499217851043504,-3.9972154781266918,0.23300524801853134,0.008592884,0.011515875,-0.003,0.05066790420387704,27.512054255403715,0.015552094990680219,-0.014443619371970253,0.00887903403756063
2007-05-01,0.07834699999999999,0.1001,-1.7693996482527832,-1.4336420709104731,-5.383011489937567,-5.291537076136837,-3.613611841684783,-3.949369419027093,0.2126370163055872,0.010174800999999999,0.013084083,-0.001,0.0462387524057521,24.053614002530935,-0.0390423633659297,0.021930954389907886,0.006511074644609094
2007-06-01,-0.073607,-0.086841,-1.6378372439282245,-1.3110520917098647,-5.072914546834634,-5.138158913218965,-3.4350773029064112,-3.7618624551247706,0.22697296865604205,0.020373306,0.025102099,0.003,0.049356161419245315,24.243085073883677,0.005729204275521038,0.022424025386266862,0.02194644758446396
2007-07-01,0.17487600000000006,0.193896,-1.4904836271818276,-1.1633735971001649,-5.026002929201566,-4.843093926749415,-3.53551930201974,-3.8626293321014025,0.20781734204765626,0.01298691,0.015665214,0.004,0.0411059798925542,12.822418125781825,0.016560334212513572,-0.03989678956383425,0.016019626704609324
2007-08-01,0.16353199999999998,0.15758100000000005,-1.5455907831290825,-1.2182034524460654,-5.15757801991256,-5.00492881282479,-3.611987236783477,-3.9393745674664937,0.17839680727941098,0.009605190999999999,0.01046417,0.009000000000000001,0.035286639222061204,15.64518280499558,0.018155795926702026,0.03203774650322888,0.008649129395249977
2007-09-01,0.059313999999999985,0.047242,-1.615623352136467,-1.2879965598774632,-5.2439647716143325,-5.156824327798912,-3.6283414194778665,-3.95596821173687,0.16350930168428982,0.006574493000000001,0.0074792059999999995,0.012,0.03234191141631819,11.429140310277042,0.043425097556320624,-0.023573046709412404,0.015221285150778476
2007-10-01,0.046327999999999994,-0.020009,-1.6895003794060557,-1.364239822816664,-5.3319418046066325,-5.230721520033992,-3.642441425200577,-3.967701981789968,0.16391078268188045,0.008446476999999999,0.006938491999999999,0.003,0.029228482782827327,6.961605688148784,-0.0245534191876291,0.0030954324993179854,0.00281165877565015
2007-11-01,-0.158198,-0.148038,-1.7718530249937778,-1.4485899026394191,-5.3719448838387285,-5.334159604055099,-3.6000918588449515,-3.92335498119931,0.1578329179195725,0.013612163,0.010890751,0.003,0.028144681200924993,5.063142034473045,0.02366499068782924,0.008800829990822212,0.014088486177099568
2007-12-01,0.09263699999999997,0.146329,-1.8497205212818348,-1.5281660234983008,-5.499308967494997,-5.3756254389016895,-3.649588446213162,-3.971142943996696,0.13947054937526465,0.005394311,0.005806097,0.006999999999999999,0.02487031349876551,5.528297268268731,0.04785821128249279,0.007510982524437716,0.009216327952084937
2008-01-01,-0.158913,-0.114908,-1.9202516340664568,-1.6000077058143347,-5.337555603699087,-5.4992477818391015,-3.4173039696326306,-3.737547897884753,0.19398486613136268,0.017746668,0.020036177,0.01,0.029235012271319638,9.54326134972058,0.20733736007924874,-0.015600860080248191,0.03563449644993755
2008-02-01,-0.000523,0.031797000000000006,-1.9854451231786925,-1.666343110695923,-5.343850530385191,-5.3368131685135545,-3.3584054072064973,-3.6775074196892663,0.1926245166806633,0.013195238,0.013066541000000001,0.012,0.02902999713958484,4.508490436219741,-0.11503456888759213,-0.045440254356031495,0.007704705967304105
2008-03-01,-0.20681599999999997,-0.195946,-2.0430993482542554,-1.7250011857150866,-5.1207869588757085,-5.339648750419372,-3.077687610621453,-3.3957857731606222,0.2397518849930554,0.017209619,0.021082363,0.026000000000000002,0.03613245424567056,8.332500906779012,-0.062284178419798615,0.034889975651985594,0.0047898070159204656
2008-04-01,0.048337000000000005,0.024869,-2.097602759966321,-1.7871801790103987,-5.136796318078822,-5.0761842163151085,-3.0391935581125016,-3.349616139068424,0.2867549807727872,0.029439296,0.034191854,-0.006999999999999999,0.034007441532926626,8.26031405138779,0.01171554496473748,0.0008927274109880036,0.014795232189098506
2008-05-01,-0.06993100000000001,-0.079876,-2.071716994998031,-1.7676021910100168,-4.954083295924182,-5.020746834254819,-2.8823663009261513,-3.186481104914165,0.3065226538084705,0.009950531,0.011846603999999998,0.001,0.03635177042022735,9.508312285404035,-0.020146731316181055,0.005391491810433413,0.016090517675512398
2008-06-01,-0.21147,-0.23181100000000002,-1.6870766196120923,-1.3882375926898582,-4.249409745874594,-4.486740586425166,-2.562333126262501,-2.8611721531847363,0.38862796759083656,0.024380252999999998,0.029212967000000003,-0.004,0.046088974114027625,8.600064666682705,0.0003984182596215025,-0.0012545830673942324,0.01586216730212353
2008-07-01,0.01852,0.028159,-1.6249390338988547,-1.3334377589373183,-4.164645471815319,-4.149017763496559,-2.5397064379164647,-2.8312077128780015,0.4019775076750202,0.012557064,0.015124483000000001,-0.002,0.045374307912238995,12.431833435424121,0.01676102967000781,-0.008508617892721615,0.0072689050541969715
2008-08-01,-0.15562900000000002,-0.178359,-1.654330160669474,-1.3695879556527473,-3.99659451891765,-4.1571918414353695,-2.3422643582481757,-2.6270065632649033,0.4720068312717825,0.019020356999999998,0.022681965,0.001,0.05327905887739549,8.893056787049671,0.005358261867574043,0.011129563924914043,0.005566130301768224
2008-09-01,-0.049794,-0.069927,-1.6991281474892546,-1.4206323266713596,-3.9569117356437284,-4.0058571818263085,-2.2577835881544743,-2.5362794089723693,0.4956841376903723,0.024511495,0.024813985,-0.001,0.055951699439260164,10.454728228298933,0.028305158691828813,-0.01951469996234612,0.009027626092722896
2008-10-01,-0.25401799999999997,-0.268524,-1.6212931974834106,-1.34855367139998,-3.5667561565965364,-3.8560427817356775,-1.9454629591131256,-2.2182024851965565,0.6685389099856035,0.020013495,0.02344955,0.0,0.07472206527176098,13.79966698003067,-0.012830308577999385,0.016552550385568576,0.0005180407892537708
2008-11-01,0.093796,0.12917199999999998,-1.5613443451776554,-1.2940740172368983,-3.579441279221001,-3.4842919417513585,-2.0180969340433457,-2.2853672619841032,0.6078604072661934,0.0221398,0.026457895,-0.003,0.06794007700889365,22.64810829937999,0.009243932531745493,-0.0052581631192873965,0.012162711848248131
2008-12-01,-0.018956000000000004,0.011864,-1.5798125706259256,-1.3177453761849414,-3.5845843387897816,-3.5758899410705918,-2.004771768163856,-2.2668389626048397,0.6025983355475911,0.010758297,0.013799658000000001,-0.008,0.0673519394142837,28.7048174093374,0.0826270100552593,0.04914080732677562,0.03602342249059265
2009-01-01,0.094914,0.13234,-1.5711418630733682,-1.3142272868027265,-3.675422312218117,-3.5846087608734614,-2.104280449144749,-2.361195025415391,0.5719088269503982,0.005408543000000001,0.006602467,-0.002,0.06150498000048777,15.535565308466635,0.2005733429654204,-0.0591921131147487,0.044131964031141946
2009-02-01,0.052021000000000005,0.056662,-1.5628176397863849,-1.3111193566033243,-3.732090269054997,-3.6758694874997566,-2.169272629268612,-2.420970912451672,0.5406428009067071,0.014720408999999999,0.01794144,0.009000000000000001,0.05814252742781793,35.63108319128566,-0.1446052607596321,0.011686268836221479,0.021307526692939668
2009-03-01,0.14932,0.184853,-1.5572677818990712,-1.3108507266826486,-3.8778439539181266,-3.7353894284962834,-2.320576172019056,-2.5669932272354785,0.4688600289912559,0.009564058,0.011232718000000001,0.0,0.050422769062517664,26.79317786756142,-0.03970279227856965,0.05688616030031968,0.047203967824472885
2009-04-01,0.046306000000000014,0.048824000000000006,-1.4596649756347624,-1.2244768649581843,-3.940387504415831,-3.8921601521939913,-2.480722528781069,-2.7159106394576473,0.4608251713588533,0.006860446,0.008405171999999999,-0.003,0.04804871960644279,28.5816057472471,0.015137740762259266,-0.05306985813504661,0.0185714395465908
2009-05-01,0.061398,0.052645,-1.3644979773241666,-1.1433764935866328,-4.039170884742564,-3.971262607727315,-2.674672907418397,-2.895794391155931,0.4305702342058879,0.0034420909999999996,0.00381853,-0.002,0.0448941371697092,20.93035915146166,-0.02036797307423288,0.01191676609717218,0.014398822202763341
2009-06-01,0.12423099999999998,0.11485900000000003,-1.194866642034647,-0.9918828287583104,-4.128150837753136,-4.013790967528585,-2.9332841957184885,-3.1362680089948256,0.3840414870692337,0.003342361,0.003051885,-0.003,0.040042738279722705,21.962034072861805,0.002427573725190868,0.039659391321654525,0.0376692895868187
2009-07-01,0.154873,0.170017,-1.1350813129547,-0.930141161073113,-4.250834749952745,-4.09359013205388,-3.1157534369980446,-3.320693588879632,0.33957679368221805,0.0075845140000000005,0.007343426,-0.005,0.03421631998575134,26.124119841672822,0.017785386155984906,-0.046805242333274766,0.007358985163332444
2009-08-01,-0.214734,-0.215262,-1.1137216169802855,-0.9067184132319924,-4.0232550922470445,-4.255352460705193,-2.909533475266759,-3.1165366790150517,0.4282886937445108,0.020227461999999998,0.020757273,0.0,0.04315507792077083,23.151456943588723,0.004886705869334485,0.008756288022950587,0.006274797280090727
2009-09-01,0.043720999999999996,0.049862000000000004,-1.0914850885385547,-0.8823031386710376,-4.079618524074675,-4.027583440019537,-2.9881334355361204,-3.1973153854036376,0.4065725558499039,0.00743223,0.008135453,0.005,0.04096692391001141,19.826536639524605,0.06920952752237519,-0.016446928413336837,0.015096930117803888
2009-10-01,0.08352799999999999,0.094212,-1.0751043821191857,-0.8652420029777801,-4.150255281163776,-4.065444342472368,-3.0751508990445906,-3.2850132781859958,0.3778701703004428,0.005407586999999999,0.005457192,0.004,0.03763573765470923,12.854366945570462,-0.0287502361137324,0.02238721070648153,0.002114691003176849
2009-11-01,0.07670300000000001,0.083194,-1.153450148836697,-0.9429038613011862,-4.317972442611499,-4.230812452218885,-3.1645222937748017,-3.3750685813103125,0.34632951640938936,0.0073229919999999995,0.007706338,-0.001,0.03449429948731472,22.708402497573303,0.017174103853188072,-0.005102912909381585,0.013571164544714076
2009-12-01,0.021838,0.028439,-1.1545675110355091,-0.9433338090723318,-4.356054679752621,-4.321306110297478,-3.201487168717112,-3.4127208706802885,0.3345017502398228,0.004415129,0.004254645,0.003,0.033316258086891086,17.000792196360063,0.05236483150761861,0.01829328383169848,0.02626918041594095
2010-01-01,-0.08497199999999999,-0.086369,-1.1881632881255657,-0.9755377318661368,-4.278486720230799,-4.356027503307239,-3.090323432105233,-3.302948988364662,0.3852791625714262,0.0042309,0.004411645,0.01,0.03600242480040067,16.2909483489937,0.0656674431981592,-0.005358417889632428,0.025211691434873677
2010-02-01,0.025195,0.029186,-1.2206924165959911,-1.0067623431533796,-4.322322164970103,-4.278486720230799,-3.1016297483741115,-3.3155598218167235,0.36875509495302816,0.001975421,0.0018877310000000001,0.006,0.03445833272478051,8.344563332883505,0.05169961172374138,-0.0598663527494605,0.016724452365302955
2010-03-01,0.01962,0.022714,-1.2458136449337296,-1.030658420032136,-4.3467337074294905,-4.315939157687102,-3.1009200624957596,-3.3160752873973536,0.3575725128231497,0.002694872,0.0028856990000000002,0.012,0.03341337594715925,14.164150702875034,-0.08830361200705494,0.04588123580258907,0.02181387315909067
2010-04-01,-0.07868,-0.07861199999999999,-1.3392505900000522,-1.1115113474192952,-4.25681445008868,-4.3326736273860815,-2.917563860088628,-3.1453031026693843,0.4141901734218654,0.004220236,0.0042772290000000004,-0.006999999999999999,0.036046705571295266,16.758727530312775,0.01476320392250874,-0.003119555729985679,0.010175826606421357
2010-05-01,-0.090748,-0.08536200000000001,-1.394457597795579,-1.1563437905403902,-4.127379444135843,-4.214966613741165,-2.7329218463402647,-2.9710356535954534,0.4521040688052048,0.009577629,0.009464964000000001,0.002,0.03934632760880828,12.95298391465003,-0.025330996039050646,-0.008603498870263238,0.010341995573582395
2010-06-01,-0.07659099999999999,-0.07808599999999999,-1.4584553478255664,-1.2116410607804085,-4.027440725468669,-4.102914251793346,-2.568985377643102,-2.81579966468826,0.4875466218235519,0.005324443000000001,0.005495781999999999,-0.001,0.042430870302789865,10.96337294211898,0.006516282955073116,0.006196057964233503,0.015934773296410132
2010-07-01,0.114751,0.120527,-1.347468407411153,-1.1026076786966108,-4.013779705603085,-3.874650690875441,-2.6663112981919315,-2.9111720269064736,0.4538292660691906,0.0039885170000000005,0.004219784,-0.006,0.03691976910813419,14.079143606568692,0.016406997510924448,-0.016911225031998045,0.00019253719741985087
2010-08-01,0.022073,0.023707,-1.3933452711198375,-1.1502810578022178,-4.0543563265928775,-4.019531079250147,-2.66101105547304,-2.90407526879066,0.4382965841732945,0.004126896,0.004289069,0.004,0.035656159481999704,17.55427237658133,0.00959969888089618,0.01492732598796076,0.01996203527653151
2010-09-01,0.006444,0.009677,-1.3998545324954892,-1.1584479990796517,-4.050034412002916,-4.02228823287107,-2.6501798795074265,-2.891586412923264,0.4263026904467002,0.0020760089999999998,0.002282168,0.006,0.0346804361864777,14.572445080793418,0.04838460139105494,-0.0173997995570655,0.013039253077142376
2010-10-01,0.118642,0.11844,-1.4433959379041317,-1.2022849876684596,-4.185967904556197,-4.064394756617118,-2.742571966652065,-2.983682916887737,0.3876341690058785,0.003604739,0.0036399059999999996,0.006,0.030710437525605785,17.584580048773233,-0.004974389052495809,0.0410500648225064,0.004745701616977183
2010-11-01,-0.041708999999999996,-0.046716,-1.4717729686058831,-1.2309409950884849,-4.160301107557963,-4.1859913200809595,-2.68852813895208,-2.929360112469478,0.397721592423242,0.008748357,0.008687509,0.006999999999999999,0.03150961678126262,21.925805430126502,0.014550096077059038,-0.014817946878825206,0.01509379075162687
2010-12-01,-0.008162,-0.010495,-1.4975725144542549,-1.2570042724416728,-4.1629615774436886,-4.158528849478088,-2.665389062989433,-2.9059573050020155,0.39596250246198944,0.00356805,0.003491083,0.011000000000000001,0.031370252332314504,13.11142141754932,0.05623469817961313,0.0036496275181092655,0.021838551540562582
2011-01-01,-0.028297000000000003,-0.021737000000000003,-1.5389922712453623,-1.2989994365713569,-4.142779056722503,-4.162811301094013,-2.6037867854771406,-2.8437796201511465,0.4526327179539911,0.004503216,0.00422058,0.005,0.032005005431052454,10.106694866642973,0.3010617591567664,-0.04597327500849735,0.011067181758039224
2011-02-01,0.051856000000000006,0.050747,-1.5770877328127817,-1.337624987029958,-4.199472954180813,-4.140963804248732,-2.622385221368031,-2.8618479671508545,0.4269094242570559,0.002503056,0.002415249,0.01,0.030186148503969577,9.93170795413903,-0.18589315145949425,0.008417537218903703,0.003060458931034571
2011-03-01,-0.005138,0.0007209999999999999,-1.6161875489286182,-1.3772147246587814,-4.193941223204149,-4.200193976831795,-2.577753674275531,-2.816726498545368,0.4295871465529341,0.0018327620000000001,0.0019033670000000002,0.0124,0.03037548637819533,16.95915095613057,-0.05130099963198487,0.03701526776239983,0.029886018032483138
2011-04-01,-0.016817,-0.015115,-1.6386906015101452,-1.4003480120397178,-4.181740855139179,-4.18308148238355,-2.5430502536290334,-2.7813928430994608,0.4646872315392273,0.001697832,0.001658325,-0.0021,0.030416235891645754,13.409073533959731,0.014355714039971268,-0.025297507059866442,-0.0009844478304065207
2011-05-01,-0.065057,-0.06260500000000001,-1.6677029237185863,-1.4299501640734178,-4.116934657342661,-4.1784676171102815,-2.4492317336240745,-2.686984493269243,0.4941788611183585,0.002692951,0.002591895,0.0014000000000000002,0.03234661895626449,11.061789202564476,-0.01948108355162204,0.007535929682821906,0.007954574429255068
2011-06-01,0.024516,0.021348,-1.6082572597462457,-1.3710576899634006,-4.048486877086084,-4.026213272280025,-2.4402296173398383,-2.677429187122684,0.4832933957707198,0.002646387,0.002548103,0.0007000000000000001,0.031634107702819034,10.023839690606039,-0.002802936924534372,0.01049565057201396,0.02280775501101928
2011-07-01,-0.012896,-0.014239000000000003,-1.5292874527821605,-1.2906360038575606,-3.935497774752278,-3.9417520988912185,-2.4062103219701183,-2.644861770894717,0.5153068393191924,0.0024630470000000003,0.002360955,0.0028000000000000004,0.03183257766702768,12.60178570419791,0.01585569520115282,-0.03494156638747692,-0.010114062174101268
2011-08-01,-0.047566000000000004,-0.049674,-1.5486592082405082,-1.3086313295622285,-3.8912028888421295,-3.927854672608486,-2.342543680601622,-2.582571559279902,0.5345441413923475,0.004398414000000001,0.004422714,0.0046,0.03302094324967127,11.884809208794653,0.013106351406411363,0.025516530514097968,0.010257993714539948
2011-09-01,-0.09404900000000001,-0.09068999999999999,-1.5782458767660683,-1.3369112841743096,-3.8023175845788413,-3.8944853463611264,-2.2240717078127723,-2.4654063004045312,0.5861537184165598,0.003961961,0.0038609890000000004,0.0031,0.0362090745602438,8.520765042655519,0.029928733242666983,-0.03320745577376672,0.00839326240918492
2011-10-01,0.039382,0.040224,-1.6002866918351335,-1.3577397277613308,-3.844613433546325,-3.7987109573134,-2.2443267417111907,-2.486873705784994,0.5737284555902346,0.003823934,0.00372878,0.004699999999999999,0.034584558269070594,8.11260171498035,-0.012003192817252371,0.057709159570583424,0.0373670464164515
2011-11-01,-0.055597,-0.054059,-1.6203070972557008,-1.3766062788238005,-3.7891243625007145,-3.839627772555996,-2.168817265245014,-2.4125180836769147,0.603447847794332,0.00385681,0.003768691,0.0009,0.03637605395207026,12.184216365382103,0.015841081038255208,-0.017442112648996092,0.010607718600588623
2011-12-01,-0.081774,-0.074518,-1.6424498387219586,-1.3976495455359412,-3.71540861578433,-3.786871116258681,-2.072958777062372,-2.3177590702483895,0.648149980544991,0.0036112609999999997,0.00340473,-0.0019,0.039070714640071884,9.087496425622433,0.07251392883349594,0.012373313503982295,0.03161370091842142
2012-01-01,0.027525,0.032373,-1.6459491404759632,-1.4011581670629774,-3.7458766643994506,-3.7155450623707935,-2.099927523923487,-2.3447184973364728,0.6587443128438761,0.006307368000000001,0.005885884,0.0031,0.03790342957670629,7.866098064180557,0.17876913506340886,-0.09840063552824684,0.005058756968868483
2012-02-01,0.072239,0.067262,-1.6501204724726437,-1.405338756379269,-3.8234038738273313,-3.746696412131641,-2.1732834013546882,-2.4180651174480623,0.6101031278142338,0.002266946,0.002201516,0.015,0.03510466882029192,14.1146487193951,-0.1399504743158525,0.06955786423927922,0.013170395023600843
2012-03-01,-0.07075300000000001,-0.07152599999999999,-1.6524144894227817,-1.4076419688212631,-3.760865880527781,-3.8223575021174914,-2.108451391105,-2.353223911706518,0.6487968362364027,0.003748461,0.0035382509999999996,-0.001,0.037331062617772616,15.885096899775116,-0.03601724055639621,0.027316367854598008,0.03274332861288376
2012-04-01,0.05672500000000001,0.057242999999999995,-1.6549629962979502,-1.408831163512971,-3.823477305602452,-3.764674070917071,-2.168514309304502,-2.414646142089481,0.6422079796405529,0.0019154170000000002,0.0018665379999999998,0.002,0.0351991707241525,11.64637054543949,0.01217005801020732,-0.03927663713228435,-0.006656643676685392
2012-05-01,-0.0006140000000000004,-0.004256,-1.6379876345733386,-1.3904912012554151,-3.8108518343829614,-3.8077632161961183,-2.172864199809624,-2.420360633127548,0.6402275044351717,0.002040197,0.001983624,-0.001,0.03509062164491468,14.005818649753879,-0.023100011973668063,0.024198119828234832,0.011740884342898772
2012-06-01,-0.052635,-0.053964,-1.7668635128889,-1.5179971584892478,-3.8819268690599733,-3.9409905778338508,-2.115063356171074,-2.3639297105707264,0.6791807535404369,0.002298209,0.002228804,-0.003,0.03722563414707028,9.990310041159518,0.004994390730089782,0.018475557655429187,0.02771230383530998
2012-07-01,-0.0604,-0.057009000000000004,-1.4875623750564737,-1.2384314378435557,-3.541160000157173,-3.599551885501956,-2.0535976251007,-2.302728562313618,0.7600813807086437,0.00214266,0.001996027,-0.006,0.039464025073617084,11.163051618725767,0.008546454014904059,-0.04725723398305637,-0.0063987608788486075
2012-08-01,-0.026482,-0.027355,-1.4618355247922352,-1.2124415544918676,-3.4904312347026654,-3.512368723747944,-2.02859570991043,-2.2779896802107977,0.7769398983482874,0.001812445,0.00174308,0.001,0.04033933261267906,11.908626793679293,0.010646910241414398,0.024782354898947645,0.006334848688703597
2012-09-01,0.020313,0.02265,-1.4611195667224948,-1.2114640994755559,-3.507943573442444,-3.4866602125135984,-2.046824006719948,-2.296479473966887,0.7605787339591819,0.004264396,0.004168108,0.006,0.03948984804685106,11.83273158188562,0.06366920840735912,-0.005684985721410074,0.02032033398651545
2012-10-01,-0.011531,-0.011951999999999999,-1.4619513218955156,-1.2124655085657352,-3.5019690978995466,-3.5085047573578687,-2.0400177760040314,-2.289503589333812,0.7756039287106731,0.001386888,0.001320639,0.003,0.039748785487507314,10.312946873548285,-0.03678921533853608,0.01906908042774136,-0.0077191491090202735
2012-11-01,-0.06489600000000001,-0.06091900000000001,-1.4641593978939509,-1.2148431179574042,-3.442824667803801,-3.5039066758293917,-1.9786652699098504,-2.227981549846397,0.8244561829173561,0.00216788,0.002086316,-0.001,0.042252405829233286,10.787032710835257,0.017960854758804826,-0.01055750405297906,0.009000463140984793
2012-12-01,0.15055400000000002,0.147681,-1.4660969273284188,-1.2169500603919945,-3.5884553957161462,-3.444491772319097,-2.122358468387727,-2.3715053353241515,0.7139124768381679,0.004935126,0.004837244,0.001,0.03658717142635958,16.361220143188888,0.04328311335376656,0.027500265185782743,0.03102820151803698
2013-01-01,0.050964,0.048215,-1.4647764468053914,-1.2147930157883522,-3.6422143986555504,-3.587696138755703,-2.177437951850159,-2.427421382867198,0.7015384572146047,0.002832801,0.002771043,0.008,0.034645900660779,18.814979162612147,0.14251458246927684,-0.03137491764775713,0.01845760113855288
2013-02-01,-0.00037100000000000013,-0.003867,-1.4647320706296585,-1.2139104341353182,-3.6457669936172787,-3.642731561191166,-2.181034922987621,-2.431856559481961,0.6994122133008469,0.002241397,0.0022545079999999997,0.0101,0.03454089482017388,12.550825759586445,-0.034203245079274185,-0.056906618472197024,0.0065229202747525425
2013-03-01,-0.054193,-0.054214000000000005,-1.4625143377494148,-1.2108528492502195,-3.590789536474436,-3.6441111149512864,-2.128275198725021,-2.379936687224216,0.7377181680071366,0.00445796,0.004297443,0.0106,0.03643265754226288,17.238476523010753,-0.08046486989263635,0.09856457245604676,0.03730974267265541
2013-04-01,-0.027199,-0.027336000000000003,-1.4781031759102703,-1.2251513694759952,-3.5767254303622384,-3.59843232449791,-2.098622254451968,-2.3515740608862434,0.7858084312732039,0.002099534,0.002032625,-0.0091,0.037232143165332535,11.725587981490525,0.002643884334297741,-0.060419010491589716,-0.0031920068377687683
2013-05-01,0.076145,0.070858,-1.4743997470449701,-1.2201762589165879,-3.641159264743376,-3.5651385936406363,-2.166759517698406,-2.420983005826788,0.7282849347467013,0.0015806,0.0015495270000000002,0.0024,0.0345066403928882,17.619839820219518,-0.02114406465044738,0.01876154015299492,0.00931406641357002
2013-06-01,-0.13760199999999995,-0.138418,-1.5136732592932276,-1.2581963238514255,-3.507872405115922,-3.6726110314623375,-1.9941991458226944,-2.2496760812644965,0.8587097670578048,0.00612726,0.006117185,-0.005600000000000001,0.04068625852329382,13.80897727717813,-0.006751251437819184,0.0023147424736942317,0.011739485747208178
2013-07-01,0.02434,0.021994999999999997,-1.376805229190186,-1.1213901475338872,-3.3845420317155583,-3.361465197873468,-2.007736802525372,-2.2631518841816707,0.8740486096477248,0.004901395,0.00470902,0.0,0.039758099175044255,19.302117416480865,0.0064529184071222545,-0.01988424362881358,-0.002078283697963812
2013-08-01,0.052889999999999986,0.050643,-1.3917618904487945,-1.1364074954469918,-3.447020974281884,-3.3900496525819017,-2.0552590838330893,-2.310613478834892,0.8256448107613668,0.002097158,0.001962901,0.001,0.03755634172662461,20.423532409397108,0.009420029632744464,0.02049579582964633,0.008595308813808211
2013-09-01,0.039678,0.036192,-1.398394013136116,-1.1430991703833833,-3.4853203648687274,-3.444292505832614,-2.0869263517326107,-2.342221194485344,0.7924558629949671,0.002274038,0.002329602,0.004699999999999999,0.03604666656411424,21.153319056260333,0.0285329087570676,-0.016824132077383647,0.015192115255311169
2013-10-01,-0.021353,-0.01977,-1.4106930288590291,-1.1547305021601026,-3.46769208146166,-3.485471360530898,-2.056999052602631,-2.312961579301557,0.8079746681800687,0.002346281,0.002164557,0.008100000000000001,0.03669328144874251,18.601140624427547,-0.015874838673360814,0.028574865045873917,-0.006624402313480604
2013-11-01,0.039777,0.037884,-1.4237112910086689,-1.1670965816823475,-3.5105738278371525,-3.468708128472393,-2.0868625368284843,-2.343477246154805,0.7748465481820734,0.0021406710000000002,0.002068731,0.0006,0.03518880429267993,16.29772196475438,0.015208944087030662,-0.006358218205211985,0.008423223526381252
2013-12-01,-0.043426000000000006,-0.043822,-1.436187013533193,-1.1789350891281245,-3.4796882004328324,-3.51118968160759,-2.04350118689964,-2.300753111304708,0.7996438880109029,0.002258407,0.002073074,-0.0006,0.03631494822435648,16.07218353088943,0.037794534199764085,0.021760390082885103,0.025265458167178508
2014-01-01,-0.029237,-0.033335000000000004,-1.4526540488832786,-1.196042780542161,-3.4610918148600547,-3.4802827781414933,-2.008437765976776,-2.2650490343178937,0.8444480151303807,0.001951035,0.001830526,0.0028000000000000004,0.037018597318638526,13.556332947108828,0.3058356166385461,-0.1047708923927585,0.015360005700006953
2014-02-01,0.011590000000000001,0.010883,-1.4674004635130196,-1.2114095957184825,-3.4772077876553418,-3.4602137754584703,-2.0098073241423218,-2.2657981919368595,0.8302187042491883,0.002273587,0.0020841329999999997,0.01,0.03639481809221539,17.008579861531125,-0.1852255903374207,0.07185984053137695,0.007333749400244781
2014-03-01,-0.023504,-0.019012,-1.4850673782302763,-1.2296776012523158,-3.4594471084565765,-3.4794906210278214,-1.9743797302263,-2.2297695072042596,0.8470270901150595,0.002835049,0.002684491,0.0053,0.03713165784646469,18.8590079202786,-0.06404989012523066,0.029450033125782538,0.025558886786462898
2014-04-01,-0.008112000000000001,-0.007735,-1.482605437984429,-1.2282403129709891,-3.4437419898106363,-3.4483445347439035,-1.961136551826208,-2.215501676839647,0.8791259155532979,0.0018615320000000002,0.00178894,-0.0049,0.03730295186196862,16.139239714843693,0.0049073107340564795,-0.044695796838011725,0.007000412117860844
2014-05-01,0.010275,0.009932999999999999,-1.482443899299014,-1.2290849234782968,-3.442476181499199,-3.4350138390698106,-1.960032282200185,-2.213391258020902,0.8725899939058217,0.00128838,0.001199438,-0.0034000000000000002,0.03702562051923832,12.224059550211734,-0.00962935767545603,0.02011506359194581,0.011534175104381816
2014-06-01,0.021307,0.020205,-1.258413622700143,-1.0060427904855338,-3.2213150308434098,-3.2099520567877704,-1.9629014081432672,-2.2152722403578764,0.8627308968571846,0.001265282,0.001182073,0.001,0.03660728064766677,13.214425465068333,-0.01894985298300067,0.031283956838821014,0.023084986410655484
2014-07-01,0.08505800000000001,0.08747100000000001,-1.401695924488358,-1.149193642427505,-3.435715002725601,-3.3571839274166346,-2.034019078237243,-2.286521360298096,0.8363471814803263,0.001559465,0.0015327,-0.0013,0.033842454686184346,22.244518285529683,0.0069436823377269094,-0.0713237886483511,-0.012680325982285523
2014-08-01,0.017193,0.012225,-1.4125064891065442,-1.1598746678350764,-3.4619625540319627,-3.4391667165198854,-2.049456064925419,-2.3020878861968868,0.817497609179562,0.001443324,0.0014147139999999999,0.0005,0.0330797142709976,24.320164219380885,0.011353962316793531,0.03173340569193939,0.002721241003259989
2014-09-01,0.07735399999999999,0.074771,-1.3741682920079583,-1.1214088008040974,-3.505520578110339,-3.4163192634435404,-2.1313522861023806,-2.384111777306241,0.7477335242873878,0.002040499,0.0019807410000000003,0.0018,0.030256738437555324,27.170444763407293,0.014610581367059838,-0.0165048477658859,0.0038015327744551635
2014-10-01,0.019584,0.021104,-1.423511739525626,-1.1706161642910793,-3.5534454375417965,-3.5441283265080266,-2.1299336980161705,-2.3828292732507173,0.7484215523163738,0.001601861,0.001587699,0.0045000000000000005,0.029976142248778995,23.033928538187773,-0.0195997794123125,0.02179238470302447,-0.002341914806552325
2014-11-01,0.088939,0.093246,-1.433232769528285,-1.1802039679043899,-3.648164320280532,-3.5525448005292968,-2.214931550752248,-2.467960352376142,0.6801727922164561,0.0020221220000000003,0.002096874,0.0003,0.027242609876914445,29.116843626343066,0.012946243164520864,0.009348136111409387,0.00781300559520237
2014-12-01,0.14548000000000005,0.16328,-1.4431553325700897,-1.1899960731204793,-3.8053532715728413,-3.6475768514050415,-2.362197939002751,-2.6153571984523616,0.5808952522801478,0.010245951,0.011138558,-0.0022,0.023266297797139367,46.18091444762854,0.03116094809366365,0.021945440271123214,0.0163567455546616
2015-01-01,0.012018,0.005563000000000002,-1.4481345514391428,-1.1950070151720242,-3.8235158119552035,-3.8026419022444986,-2.3753812605160607,-2.6285087967831804,0.5940452415565146,0.010706017,0.01169338,0.0034999999999999996,0.0227856729092441,28.461156641931325,0.04614998988541719,-0.03846797508453115,0.011670223846417029
2015-02-01,0.042032,0.038047,-1.4565436120972135,-1.2034473156562058,-3.864590557619376,-3.8242929784580753,-2.4080469455221625,-2.6611432419631704,0.5705825757158478,0.002684549,0.002782115,0.0026,0.021885720191798647,15.07326958401141,0.15633895277684995,-0.03942259464882458,0.01180505300085577
2015-03-01,0.153894,0.14635499999999999,-1.4649694804521154,-1.2119039514444516,-4.026114315031293,-3.8654423367448487,-2.5611448345791783,-2.8142103635868416,0.4858917795352294,0.003815565,0.003933151,0.011899999999999999,0.01863725249068763,33.63087928870004,-0.15016399313086215,0.047556455955769183,0.01427754072838594
2015-04-01,0.174478,0.17628,-1.4476027570584409,-1.1923998284071191,-4.17352864524333,-4.0089379516033885,-2.7259258881848893,-2.9811288168362116,0.4347810093415022,0.006472927,0.006246623000000001,-0.0055000000000000005,0.015808878398761408,36.86853890590022,-0.01900490090284379,-0.010724877085634077,0.004270540274201817
2015-05-01,0.091703,0.065647,-1.429022057587403,-1.171676334426664,-4.242314747129793,-4.1551383419818775,-2.81329268954239,-3.070638412703129,0.39848349213972256,0.014239213,0.014024901000000001,-0.002,0.014489080561940133,30.18073586530779,-0.02791544064531859,0.022348863590978763,0.020751813618700817
2015-06-01,-0.081234,-0.071031,-1.5820176622699478,-1.322523724344915,-4.314970658809013,-4.395500784279545,-2.732952996539065,-2.9924469344640983,0.4319009147140681,0.027445202999999998,0.027290211,-0.0017000000000000001,0.015704156562333937,38.065241816831666,-0.007984730508868498,0.01797224547415155,0.019901008265045258
2015-07-01,-0.152303,-0.151109,-1.425571195914504,-1.1652446816859268,-3.9570819652286713,-4.153896506002353,-2.531510769314167,-2.791837283542744,0.5579786341482202,0.043681488,0.040323446,0.0003,0.01912009674090667,45.81136572487022,0.006935428758551909,-0.04619717334923512,0.01487619729647549
2015-08-01,-0.143398,-0.13760199999999995,-1.4336630340576662,-1.1725109119731627,-3.8033258813171966,-3.960567433792576,-2.36966284725953,-2.630814969344033,0.6529902669705534,0.040276373,0.038716167,0.0031,0.022375833609483517,38.575240624074766,0.0008656394745971685,0.03570318910098813,0.0027320626410551885
2015-09-01,-0.059736000000000004,-0.05946900000000001,-1.4666398109880063,-1.204668962095763,-3.7750797299174152,-3.831717410053251,-2.308439918929409,-2.5704107678216523,0.6910415168276252,0.0151555,0.013354719,0.0048,0.023679725073876685,26.614198273126807,0.03320552820341116,-0.02291456140383019,0.0021490646745605524
2015-10-01,0.138975,0.13253199999999998,-1.4752250667390427,-1.2138193509398576,-3.9171561854927033,-3.7670543383725135,-2.441931118753661,-2.7033368345528466,0.6194992615205931,0.008511972,0.007557332,0.001,0.020379252576752587,25.45755214413691,-0.01839462418823601,0.02678008866768966,0.0008799998729247528
2015-11-01,0.038816,0.030632999999999997,-1.4891118015940954,-1.2282525974103784,-3.983756235402818,-3.9147036844744503,-2.4946444338087232,-2.75550363799244,0.578164805170308,0.009482517,0.008927163,-0.0029,0.019019500631257794,30.892361996057723,0.0071412555099688016,0.00017655262797156013,0.009504120659207691
2015-12-01,0.03857,0.038709,-1.5015272498415868,-1.2411968413391037,-4.0643950830987166,-3.980095132094952,-2.5628678332571297,-2.8231982417596133,0.531423368166393,0.0038482720000000002,0.003896062,-0.0001,0.01748187886208077,22.117540959453812,0.047877047299904614,0.0029719803167869148,0.01333528793254457
2016-01-01,-0.252414,-0.245811,-1.4966442817657042,-1.2350731274738111,-3.7743675746559866,-4.066621711544755,-2.277723292890282,-2.539294447182176,0.7327273128280553,0.031071791,0.029070587000000002,0.005,0.023415986848158696,21.78851020455397,0.14727042011037028,-0.00514195424707653,0.017267700213477788
2016-02-01,-0.020984,-0.019883,-1.4866691671670471,-1.2238378598137878,-3.753021966198183,-3.771552965096944,-2.266352799031136,-2.5291841063843954,0.746432071105559,0.010884201999999999,0.010195395999999999,0.005,0.02385395392535775,16.634004746757725,-0.04281213310829368,-0.07816224649556558,0.00585964375059289
2016-03-01,0.13784200000000002,0.133969,-1.478267600858555,-1.2141562732165951,-3.887546069790581,-3.751832547772821,-2.4092784689320257,-2.6733897965739857,0.6517044061410528,0.007902786,0.007111401,0.016,0.02082671347978946,24.27417906228228,-0.06871481768743347,0.09750374835055252,0.015147458287079862
2016-04-01,-0.022591,-0.020829,-1.4886167214015842,-1.2235338197724983,-3.884825342805844,-3.8985938211873936,-2.3962086214042597,-2.6612915230333454,0.695237040173573,0.0028703170000000003,0.0025532420000000003,-0.0043,0.021115448795767,19.159209216110277,-0.003836587126520907,-0.04392874438629102,-0.000683474862706035
2016-05-01,-0.008145,-0.006834000000000001,-1.4871616308022269,-1.2211048493605006,-3.88685533739244,-3.884069371486589,-2.399693706590213,-2.66575048803194,0.6933028290573252,0.004958527,0.00449977,-0.0018,0.021056703744186986,15.061911310219216,-0.025192238208150308,0.021313753813272163,0.01140700983031806
2016-06-01,0.023758,0.018609999999999998,-1.3523825812681949,-1.0853496055064935,-3.784719405629225,-3.752775896248245,-2.4323368243610304,-2.6993698001227315,0.6715062860504903,0.00291995,0.00255244,-0.0046,0.020394708250289464,16.88819955027076,0.0006081485857678537,0.019723914385483262,0.019700907393745082
2016-07-01,0.014412,0.018580000000000003,-1.4551336342464545,-1.1888557029090272,-3.909307454590945,-3.8868630871615966,-2.45417382034449,-2.7204517516819173,0.6806546269711246,0.001892669,0.0017071170000000002,-0.0013,0.019942060621154594,19.668523462663508,0.007276792060477487,-0.047309917640175225,0.0007157972814919589
2016-08-01,0.039602,0.040034,-1.4231573486228049,-1.1576329767339644,-3.926985143412733,-3.876724166197569,-2.5038277947899275,-2.7693521666787677,0.6472897591736556,0.0015124679999999999,0.001423066,0.0019,0.01896452489324106,17.877460267892445,0.0028239770491216287,0.027808418648253008,0.013022745762231835
2016-09-01,-0.02302,-0.020612000000000002,-1.4263450395718529,-1.1615727467457797,-3.9191714085724776,-3.9295661998209113,-2.4928263690006247,-2.757598661826698,0.6540532929575811,0.001396591,0.0013033419999999999,0.0006,0.01916268530439182,13.130844076638896,0.025434207395196973,-0.02665705256741291,0.003559001206704604
2016-10-01,0.030219000000000006,0.028997,-1.4266661066382191,-1.1642492240580182,-3.9661396035205705,-3.9258704540691625,-2.539473496882352,-2.8018903794625523,0.6400655751803669,0.0007556819999999999,0.000721447,0.0067,0.018406350940250105,12.120313062774743,-0.013119841791634723,0.02489248757278129,0.002060789634127147
2016-11-01,0.040507999999999995,0.043315,-1.4191416230983693,-1.159104844196964,-4.01896083245763,-3.9650340382731275,-2.5998192093592607,-2.8598559882606662,0.6064630711911116,0.0008046430000000001,0.000802839,-0.0012,0.01744004451028299,20.10400331529702,0.010722895750256313,-0.0030487000680705645,0.00720418899714348
2016-12-01,-0.051173,-0.045863,-1.4131674429310939,-1.1555358583546074,-3.9806603527315616,-4.019447039423213,-2.5674929098004675,-2.8251244943769542,0.6304479035757685,0.001915298,0.0016518939999999999,0.0014000000000000002,0.01812977578038085,15.671583634163543,0.052391131448997534,0.002060814962009827,0.012829454186943812
2017-01-01,0.003832,0.012817000000000002,-1.4299776810438587,-1.1746788260945316,-4.001594996471766,-3.9811098804230696,-2.571617315427908,-2.8269161703772347,0.6526614672529232,0.000858468,0.000688558,0.0022,0.0177621633663794,10.786827828133891,0.2678434295048806,-0.052294099814278905,0.016695360615289312
2017-02-01,0.033780000000000004,0.02493,-1.4486879063137648,-1.1956421088274567,-4.039924725056173,-4.0042078810304425,-2.5912368187424093,-2.8442826162287176,0.629761844900813,0.000606334,0.000583689,0.01,0.017138950791936194,12.538324915940594,-0.1717223867681017,0.03730443749625922,0.004421142483732599
2017-03-01,-0.007514,-0.005921,-1.4604432411521555,-1.2095748475595158,-4.040484442059867,-4.035837743763364,-2.5800412009077114,-2.8309095945003517,0.6268423199378956,0.000697,0.0006075519999999999,-0.0017000000000000001,0.01705949600266875,15.536603716732273,-0.04353465168054349,0.017223472447352117,0.010547957633580074
2017-04-01,-0.028049,-0.022897,-1.4779977554774284,-1.2305429458859614,-4.015391502639577,-4.039523495716097,-2.537393747162149,-2.784848556753616,0.6745913958970389,0.001167214,0.001021898,-0.0032,0.017476183166579454,14.576939863736536,-0.003096763284918702,-0.022805574313530246,-0.0020490637599773764
2017-05-01,-0.026417000000000003,-0.016881,-1.4738462219240167,-1.2296710137267404,-3.9645062197969807,-3.993061107848547,-2.490659997872964,-2.7348352060702403,0.6941319389653746,0.000982512,0.000825804,0.0007000000000000001,0.01798240680345606,12.840287634156034,-0.015489824275774944,0.009782037691125291,0.003150063655811275
2017-06-01,0.040204000000000004,0.041967000000000004,-1.509334558466357,-1.268312722068618,-4.018690679470343,-3.9821402743946015,-2.509356121003986,-2.7503779574017244,0.6692191942910926,0.000929476,0.000797143,-0.0011,0.017337009172003866,12.934804610705136,-0.0052800915820331315,0.015210555183689191,0.01868543440921755
2017-07-01,0.023545000000000003,0.033306999999999996,-1.3894648614419935,-1.1505340328421774,-3.897254878186264,-3.8816876345164735,-2.50779001674427,-2.7467208453440857,0.6879200315551435,0.001171748,0.00094213,-0.0015,0.01706920958460392,16.002403965459614,0.0022598542736063103,-0.02737551651477488,-0.001401289450454701
2017-08-01,0.026538000000000003,0.023599,-1.3953848410795435,-1.1584710181564828,-3.9194721886593062,-3.886330123528978,-2.5240873475797616,-2.761001170502823,0.6654946061493598,0.001157395,0.001118733,0.0011,0.01651277239900564,18.15054335563547,0.006285626774941378,0.014442771177043843,0.009920198539686176
2017-09-01,0.004208,0.005141,-1.398250940358924,-1.163283985052935,-3.932783824096585,-3.905772604665877,-2.5345328837376613,-2.7694998390436503,0.6477593885369474,0.00028115700000000003,0.000237512,0.0042,0.016072712315611252,15.573271645911245,0.03253172923543923,-0.01542955594493034,0.0063856942212154886
2017-10-01,0.012996999999999998,0.015359,-1.410613580470805,-1.1765510492047326,-3.9476853509964336,-3.9317006834736152,-2.5370717705256283,-2.7711343017917014,0.6431796722942565,0.000391887,0.000285904,0.0054,0.015817837821960293,10.187181130093204,-0.02176177451169581,0.016152773040027824,-0.0013456308766507385
2017-11-01,-0.031748,-0.023773,-1.4266240208677488,-1.1934412882241432,-3.9310155495012684,-3.9504284036963635,-2.504391528633519,-2.7375742612771248,0.6557876075495881,0.001497045,0.001359091,0.0011,0.016127907128764146,14.601311751346497,0.00575209354476991,0.002560128394283101,0.01002715464645676
2017-12-01,-0.002796,0.0005140000000000001,-1.4416572810751838,-1.2093307141969802,-3.939761990388,-3.9329551432755,-2.498104709312816,-2.73043127619102,0.6513389195131878,0.0009590369999999999,0.000929252,0.0001,0.01601849971290278,10.750610311018837,0.02947171158503359,-0.002870869225217509,0.012108835189117428
2018-01-01,0.033392000000000005,0.043774,-1.4547662259406664,-1.2247142731978364,-3.972186168831772,-3.9350564854646986,-2.517419942891106,-2.747471895633936,0.6532092989571398,0.0009187280000000001,0.000931685,0.003,0.015434644151003174,15.630183971874045,0.05648888175896461,-0.016356373084593926,0.018091650747458218
2018-02-01,-0.057867,-0.06028500000000001,-1.4719902986713898,-1.2441291325142352,-3.9203611543346715,-3.971907599808098,-2.4483708556632813,-2.6762320218204363,0.6877628216135302,0.004986366,0.004932293,0.006,0.016251107307936902,9.70074060759549,0.09094708875408064,-0.04725042146678926,0.004797528253223327
2018-03-01,-0.019229,-0.023777,-1.4915563076307023,-1.2658066556547105,-3.902793470030264,-3.92272560186078,-2.411237162399562,-2.6369868143755544,0.7016089337008109,0.002701067,0.002429584,0.012,0.01657827627703038,14.186873024862823,-0.1072360556929658,0.0608285575359393,0.006239978291036508
2018-04-01,-0.035351,-0.034049,-1.5044958399362507,-1.2791772962087578,-3.87488417898366,-3.904480807785312,-2.3703883390474094,-2.595706882774902,0.7558767206957872,0.002079315,0.002037203,-0.011000000000000001,0.017076270489696736,10.916745888232493,-0.0167303414630815,-0.008935714323062172,-0.0012505308776437074
2018-05-01,0.00337,0.0030360000000000005,-1.4347019452115075,-1.2098047893821438,-3.8035161528437342,-3.7939632940730696,-2.3688142076322265,-2.5937113634615905,0.7486903171348753,0.002084889,0.0020146120000000003,-0.002,0.016913919979760023,11.947825574678584,-0.023807114824475503,-0.0020662412083682913,0.0030961111663283525
2018-06-01,-0.08379299999999999,-0.07921800000000001,-1.4094160148898247,-1.1849308517317532,-3.6885844875416858,-3.7672256810110514,-2.2791684726518606,-2.5036536358099326,0.8099452313138347,0.004314995,0.0037980920000000003,-0.002,0.01829775077478731,11.15788403831871,-0.002658188611568857,0.03199408858883745,0.015555702048568596
2018-07-01,0.007365000000000002,0.013678999999999998,-1.4103477537966,-1.1860535267573944,-3.6810990774232586,-3.6767210669732147,-2.2707513236266585,-2.495045550665864,0.8326576467471007,0.00356239,0.0034688159999999996,-0.001,0.018217818131329357,13.440177778585557,-0.0008441466116989593,-0.047029705533782495,0.0033995059999525346
2018-08-01,-0.062664,-0.056215,-1.4114044697232373,-1.1872963496744122,-3.6224823421211454,-3.669522283821316,-2.211077872397908,-2.4351859924467334,0.8727616644726653,0.004513321,0.0043031020000000005,0.003,0.019095258822727765,13.25620521033185,0.0035207985536171993,0.01662662419461669,0.007023056161920893
2018-09-01,0.022868000000000003,0.027514999999999998,-1.4123672673786771,-1.1884406061133852,-3.644192667364848,-3.610969246633108,-2.231825399986171,-2.455752061251463,0.8442419214880377,0.002298064,0.002343746,0.006999999999999999,0.01847127189019196,10.163721564417768,0.02119469395177753,-0.0027052447888711306,0.007265257915624045
2018-10-01,-0.08841900000000001,-0.087096,-1.422656465758951,-1.1985780258264462,-3.549947475683471,-3.6387388101668527,-2.1272910099245195,-2.351369449857025,0.9359803666100396,0.010053533,0.009712397,0.006999999999999999,0.020186377360551448,13.114439074847127,-0.0161062676432695,0.00242256221134185,-0.003387968367150607
2018-11-01,0.004081,0.00365,-1.4359231337297231,-1.2116975617190209,-3.5730221523120673,-3.5477150954152776,-2.137099018582344,-2.3613245905930462,0.9125906687341788,0.0035998609999999998,0.003441531,0.002,0.019681929527546712,20.019155408726572,0.00651406520721376,0.0033538804395558675,0.009809451282115857
2018-12-01,-0.042921,-0.043183,-1.4468106616839016,-1.2224423940217477,-3.531464796668644,-3.568647190751705,-2.0846541349847416,-2.309022402646896,0.9471617087649222,0.0022455229999999997,0.002185987,-0.003,0.020427526427548852,13.27362664263858,0.03748549174996052,0.008824171759436172,0.007483640286318316
2019-01-01,0.029475000000000005,0.035442,-1.4566721428517937,-1.2316316547001875,-3.572470540901879,-3.5348045442532166,-2.115798398050085,-2.340838886201692,0.9461555372435928,0.001595644,0.0015939510000000001,0.0,0.019672413597080864,16.66764461116569,0.19481671502177345,-0.026025737227732826,0.02145407636762631
2019-02-01,0.15774700000000005,0.14746700000000001,-1.4602958795920955,-1.2345914106045406,-3.7190411043102856,-3.569614801624017,-2.2587452247181896,-2.484449693705745,0.8148309501050669,0.00560765,0.005431941,0.005,0.016941920045057356,18.953423494036524,-0.0912980838594718,-0.02284813411339681,0.00079966329808423
2019-03-01,0.06488699999999999,0.060727,-1.4669011291695997,-1.2405407682840135,-3.786174226595026,-3.7192085913426496,-2.3192730974254268,-2.5456334583110127,0.7620521817198821,0.006628884,0.006205537,0.01,0.01584454681206577,33.37716705767161,-0.057157400818673036,0.07247724902164276,0.01177271438309413
2019-04-01,-0.013603,-0.006683,-1.4360701068770112,-1.2052730491321275,-3.7650331647713102,-3.776193939479601,-2.3289630578942986,-2.5597601156391825,0.7918806236293099,0.003528832,0.0034513509999999996,-0.004,0.016022374732173997,28.8362067690436,-0.013021075883374866,-0.05137964397739148,-0.0025096747817021647
2019-05-01,-0.061146999999999986,-0.061514,-1.4173778849230665,-1.1819320775317834,-3.7061517858617,-3.767635705889088,-2.2887739009386334,-2.524219708329916,0.8420964637807096,0.007623407,0.007250559,0.001,0.01703840793767052,18.43193577888797,-0.01578162652557058,0.01963226760822878,0.003440055216447302
2019-06-01,0.030577999999999998,0.033829000000000005,-1.3293905683879361,-1.0890683296630217,-3.666211396753482,-3.6399225841893177,-2.3368208283655463,-2.5771430670904607,0.8202472015866384,0.002452345,0.002304309,0.0,0.0165963248053791,15.577816339173841,-0.0029877005639954435,0.03595739743484816,0.015972519843310495
2019-07-01,-0.003974999999999999,-0.004657,-1.3461015499788191,-1.1065064114548484,-3.6673642145010876,-3.672153642418596,-2.321262664522269,-2.56085780304624,0.8573496819815061,0.002066939,0.001912319,-0.001,0.016676002359373096,15.174539989143913,0.0014919890836384564,-0.06868884188595281,-0.0010145801969593249
2019-08-01,-0.011465000000000001,-0.012932,-1.3517752230842284,-1.1128912623236609,-3.657987865452181,-3.662383882940453,-2.306212642367953,-2.5450966031285205,0.8611269024578078,0.002233257,0.0021370539999999998,0.004,0.01674947172537216,15.450068770077252,0.006374732164659891,0.03260113747496085,0.008378410638278044
2019-09-01,0.005071,0.004143000000000001,-1.3664902673733543,-1.1283020794654526,-3.6711255127454017,-3.6621612173661693,-2.304635245372048,-2.542823433279949,0.8534420028623794,0.001500332,0.001354789,0.006999999999999999,0.016599995488921333,17.061763543824945,0.0133574195960664,-0.006179281584328011,0.008658291687204667
2019-10-01,0.008923,0.010748,-1.3729617353752062,-1.1378680187583896,-3.6863313068659593,-3.673747454119116,-2.313369571490753,-2.5484632881075697,0.8519072578717217,0.00090608,0.000814842,0.009000000000000001,0.016392412426716484,11.43892135824834,-0.009906305531176551,0.0011952186208727955,-0.003406293427860807
2019-11-01,-0.018734,-0.016922999999999997,-1.3752173951690487,-1.143185025117294,-3.6706751583044483,-3.6847522020781898,-2.2954577631353987,-2.5274901331871544,0.8639843994206857,0.001076686,0.001066084,0.009000000000000001,0.01662480096828266,13.015747768991364,0.007880836918031209,0.0059748216949657715,0.008135797461751082
2019-12-01,0.06666299999999999,0.06527100000000001,-1.3810832140298075,-1.1520796089781131,-3.7516503125734846,-3.672720861844411,-2.370567098543677,-2.599570703595372,0.7984124045885838,0.001183462,0.001105125,0.004,0.015363063645354263,16.615184065930855,,,
