,KitchenSink,ridge,lasso,elastic net,lars,OMP,FC
2002-01-01,-0.033465196499733174,0.004842525556041755,0.0035005318196454915,0.003973653847477332,-0.006116060002721052,0.015840891353019304,0.004408308514692566
2002-02-01,0.03880343559971619,0.005590592159400734,0.005424032140379264,0.0054255844650155614,0.02274524866055944,0.03207279696683263,0.014251650878437525
2002-03-01,0.016156678593882506,0.005295268148803794,0.002811463758008477,0.002813531161706391,0.03040625021956925,0.03108720474062099,0.01448274360574178
2002-04-01,0.01260444117816606,0.012395168431104551,0.020202651142760653,0.019652880786002917,0.020521944278418525,0.012306628812365937,0.017015854690130516
2002-05-01,-0.015313747806152715,0.00617412482970861,0.005593933216625491,0.0043949610968669894,0.002186272944132289,0.025165521157628382,0.008702962648992351
2002-06-01,0.016176119579756367,0.003787548789474043,0.0075194541314134436,0.0067901001859069785,0.0157385,0.029991614101761817,0.012765443441711256
2002-07-01,-0.014773954723088845,0.0063299573005034535,0.004625521377053243,0.0038810233697338936,0.002522946649232139,-0.0007947924018441023,0.003312931258935725
2002-08-01,0.011390629806392829,-0.005663955028071543,7.087475456124537e-05,-0.003698301932102632,0.004475501570332968,0.0037062734100014594,-0.00022192144505570055
2002-09-01,-0.03461336251103325,-0.026628634067918436,-0.008005882699217927,-0.014067734311877744,-0.012959048683907737,-0.01375136010312783,-0.015082531973209934
2002-10-01,-0.011558445598735756,-0.024336762833306932,-0.018186921673911727,-0.017886645470704787,0.009569839147338749,-0.0019265127988126183,-0.010553400725879463
2002-11-01,0.036945615757393364,0.0003273409216194567,-0.005472111639864441,-0.006381564915442006,0.025226620946949496,0.027345655163239117,0.008209188095300324
2002-12-01,0.002169950016847721,-0.00951923921661238,-0.005128582125292325,-0.005819634514579286,0.013653255635146385,0.01635878545188013,0.001908917046108505
2003-01-01,-0.025561907347968704,-0.010083115895474807,-0.00760811682675533,-0.007047917380868406,0.061790366257451934,-0.013347134765663736,0.00474081627773793
2003-02-01,-0.019476849167493367,-0.015086356665242691,-0.021990331728400425,-0.018473858940105503,0.0024687212179391183,-0.03522381271034297,-0.017661127765230496
2003-03-01,0.07267902375520062,0.014641837364315182,0.025344552178925398,0.023243164309282586,0.04046505497401304,0.0612172797526272,0.03298237771583268
2003-04-01,0.003723529781795354,0.0038469688071594006,0.006965245683767885,0.007152084272602777,0.013599882033953986,0.03622056353429543,0.013556948866355894
2003-05-01,0.0315367492927755,0.012285633730542506,0.015534361721045975,0.015394823342738074,0.019064973011841152,0.013276304934991212,0.015111219348231788
2003-06-01,-0.004181956620775806,0.0031644608705689303,0.008311579837540953,0.007837245791014191,0.014911208582293915,0.0055802585991994716,0.007960950736123493
2003-07-01,-0.020218655834750687,-0.0027707553118880572,0.004479755926459959,0.004589599515169089,0.01291869662921348,-0.010058861501711314,0.0018316870514486316
2003-08-01,0.0016748132595404695,0.002654213984206621,0.0035332128107750907,0.0038047899894267405,0.08941962673706727,0.008344748298262095,0.021551318363947563
2003-09-01,0.004611700528670631,0.009711108314057415,-0.002017359490204252,-0.0014445860516509727,0.01211041758241758,0.03643862962868838,0.010959641996661629
2003-10-01,0.02989212453089465,0.011173582141554369,-0.0010149469536073208,-0.0006625352536666212,0.011495989130434784,0.04271387917319708,0.012741193647582458
2003-11-01,0.054250644166125406,0.014617499983814732,-0.000567500952452624,-0.0004929442622870222,0.01111089247311828,-0.003000663435029435,0.004333456761432786
2003-12-01,0.03919175866633895,0.014800816431611519,0.004444708931490756,0.005088902082841294,0.011250117021276594,-0.0031435117252258033,0.006488206548398873
2004-01-01,0.016341362162041073,0.011840336414034395,0.00992497028804478,0.010663105315138508,0.011716505263157892,0.03587218874776621,0.01600342120562836
2004-02-01,0.028224780583657683,0.010099734950269,0.010836067034550844,0.010836342011700069,0.012242479166666664,0.03345597526092259,0.015494119684821834
2004-03-01,0.06507916990098753,0.03382137598104143,0.024258456298305742,0.024255881024070017,0.012768731958762885,0.03150786241930836,0.025322461536297684
2004-04-01,0.008573768594681562,0.022366823100380292,0.01681513584196913,0.016814216392586092,0.013007346938775508,0.03079362132011465,0.019959428718765132
2004-05-01,0.06104429343842066,0.02697622421167384,0.010828748427395877,0.011004603239254736,0.01192169696969697,0.03945047976221466,0.02003635052204722
2004-06-01,0.02311497501225804,0.009449886226064158,-0.0003746541388528757,-0.0003048453822261342,0.011554909999999998,-0.002829891656365293,0.00349908100972397
2004-07-01,0.02030084167495844,0.01226701842825456,0.002827196810731157,0.003364230280842533,0.008530236802009414,-0.002963879115908884,0.004804960641185756
2004-08-01,0.02196121472749027,0.013210093502454829,0.0033131919857567072,0.003427202148215411,0.014918074967578243,-0.008051620821213933,0.005363388356558253
2004-09-01,0.006849393507704638,0.011185051686159492,0.00010864475690488054,0.0005029999271699247,0.009737951456310677,-0.023739130921727844,-0.0004408966190365737
2004-10-01,0.03742579876288202,0.02135417436450308,0.01240166301804387,0.012591655914040005,0.010095951923076921,0.011248742491661322,0.01353843754226504
2004-11-01,0.05699524214995276,0.016839880709672326,0.005598541609900498,0.0062656548725926655,0.024529023416197338,-0.0030028220274164776,0.010046055716189271
2004-12-01,0.011164315461734407,0.018664956943227742,0.007406744611705037,0.008168108808000882,0.009329403053792686,-0.011475043935133196,0.006418833896318631
2005-01-01,-0.005937210517569402,0.014027634880614741,0.003241697969989521,0.0037771243125863728,-0.012318262716958584,-0.01940754168905981,-0.0021358694485655518
2005-02-01,0.02127675805398288,0.011119348819244613,0.0021091714570148305,0.0025607305752486185,0.004367643306277757,-0.0027533840906969627,0.0034807020134177717
2005-03-01,0.04094369705321088,0.016373306004747498,0.0031219414688456078,0.003221855484838321,0.04575045964343247,-0.0030092068143057252,0.013091671157511637
2005-04-01,0.04370605314670517,0.018324493309965027,0.009485166136886292,0.009650221819987216,0.003150872298581046,-0.002665296221916073,0.007589091468700702
2005-05-01,0.011141458367103785,0.016128568034931068,0.0100155266511709,0.010212657108409505,-0.0006563840891092012,-0.0025454144937566148,0.0066309906423291315
2005-06-01,-0.006379153007943117,0.004578927897954849,0.0019244348441072327,0.0020148708147996967,-0.0025251841440385747,-0.0021236093974227807,0.0007738880030800847
2005-07-01,-0.009042389159535813,0.011805371230831096,0.013200677743825918,0.01348041098919649,-0.0008285484908184025,-0.0020984233537533203,0.007111897623856356
2005-08-01,0.0027900392383067296,0.006798631838962777,0.007974360617566442,0.008182238920695466,0.0011279567383265052,-0.0020188975077571093,0.0044128581215588155
2005-09-01,0.010929649800914487,0.024614207259906682,0.024971658982156482,0.026586847861427683,-0.0023838407174166898,-0.0021267741263315664,0.01433241985194852
2005-10-01,0.01878690993359033,0.018611175452252497,0.01796661910172375,0.0191950874936888,0.0022431605922548425,-0.0021275417205819432,0.01117770018386759
2005-11-01,0.02746808046889726,0.004484014645778505,0.004848858201548107,0.00537822352868895,0.006655615506420697,-0.001609931617182269,0.003951356053050798
2005-12-01,-0.002099020408138197,0.0056594032977834345,0.007949092276150281,0.00866222306682743,0.0015895974977246784,-0.0014603504830042573,0.004479993131096313
2006-01-01,-0.019784445670754214,0.006508297824987313,0.008589429050892364,0.00876195729024722,-0.0009227254164775133,-0.0015078201958378305,0.00428582771076231
2006-02-01,0.017269896911360442,0.012573814637008572,0.015424851574744191,0.015667647923495537,0.007632024155886728,-0.0015582564809044285,0.009948016362046121
2006-03-01,0.048443224441029775,0.01553334220474245,0.017046628646570895,0.017259129250976953,0.01000968358183632,0.030612407130636805,0.018092238162952683
2006-04-01,0.012157351832318808,0.0173165661641076,0.02113260277752121,0.02137776333708793,0.0006320763854586325,-0.015130913544520381,0.009065619023930998
2006-05-01,0.02310965875627563,0.03195155966358112,0.03705463815648442,0.03884812900594955,5.564117189898586e-05,-0.01284075109639256,0.019013843380304304
2006-06-01,0.044483845504997455,0.05205401201217706,0.06076121053280713,0.06115291831961413,0.018324179890753762,-0.0008823848175569961,0.03828198718755902
2006-07-01,0.0350712555989528,0.03926283176669397,0.044602824871980376,0.04598892846193809,0.016344328156210484,-0.0008999021262040951,0.02905980222612376
2006-08-01,0.048845983103422974,0.023108296542537453,0.015876134636437892,0.015971976544053412,0.015803988986397843,0.008384330531452005,0.015828945448175726
2006-09-01,0.004425721717085329,0.012463851378483446,0.007373960409979706,0.007128013122866589,0.007748936824480752,-0.008904009967273445,0.0051621503537074105
2006-10-01,0.0006664604028350231,0.013662349430284595,0.007994980527676191,0.008093149681296688,0.00873589752686954,-0.0023542288860161718,0.007226429656022168
2006-11-01,-0.019108407507197056,0.008062605028860085,0.00290567006722442,0.002979098276712885,0.00883079752324439,-0.0034395363936003545,0.003867726900488285
2006-12-01,-0.01225802323870695,0.014751259633168971,0.008731491541578575,0.008900057766841551,0.008653353710889586,-0.0029062709583268552,0.007625978338830366
2007-01-01,0.003041164006358524,0.0210077549156972,0.038542846075934965,0.03854048905841567,0.016621473356293215,-0.001592896637930251,0.02262393335368216
2007-02-01,0.056163443497599885,0.03201155825838474,0.0503136991528058,0.05031019661908803,0.05002301596497635,-0.0012983886518611182,0.03627201626867877
2007-03-01,0.029678221739581963,0.013822550646061985,0.02629331558144066,0.02629223772711812,0.02729888878541238,-0.0009343476831610094,0.018554529011374426
2007-04-01,0.034461897115834306,0.030784277317640232,0.04476399874003992,0.04476126724716395,0.03163185312121318,0.03420453481341774,0.037229186247894994
2007-05-01,0.037490241647799134,0.03520781262043619,0.045960472832713886,0.045957702219634584,0.033033558604518835,0.038133157423503115,0.039658540740161334
2007-06-01,0.034786114953496296,0.03196594196241985,0.03938191305291279,0.03937991873821788,0.023388079997971063,0.023288875143983347,0.03148094577910099
2007-07-01,0.03032475976399502,0.028780270431782676,0.03801782585581515,0.03801583469585824,0.02160490441702964,0.023083142607451663,0.02990039560158748
2007-08-01,0.03434445033221613,0.009289843783179009,0.01573177001900425,0.015731928229019698,0.024942976551860646,0.029148592920713975,0.01896902230075552
2007-09-01,0.0441070638683909,0.016284154626084454,0.02279186646764086,0.02279145902539907,0.01854415107913669,0.021780902812098685,0.020438506802071956
2007-10-01,0.06279402309312224,0.00927672154493209,0.0141031073839946,0.014103562353141629,0.01883536428571429,0.045133644635786736,0.02029048004071387
2007-11-01,0.033641747801058365,0.001818223319752368,0.00487031683519573,0.004871675094554709,0.019030347517730497,-0.0007854338128967692,0.0059610257908673065
2007-12-01,0.010468372950022007,-0.004644633394565348,-0.0009813905009915874,-0.0009796542995598682,0.01778226056338028,-0.00162654562184638,0.0019100073492834195
2008-01-01,0.024786170303012403,-0.001145027379650384,0.001128380867063607,0.0011299313079451425,0.018305720279720283,0.012479879921920976,0.006379776999399925
2008-02-01,0.04163580814786032,0.0041348429429224655,0.008297428803880198,0.008298252484088137,0.017075034722222222,0.01246565622154864,0.01005424303493233
2008-03-01,0.04770350601316625,-0.0033196743624283875,-0.003014931868452281,-0.00301305617754586,0.016953668965517237,0.026561687005232558,0.006833538712464654
2008-04-01,0.024938836873705628,-0.0021164049934432726,0.0035201518222944678,0.003521329894128532,0.015421,0.028494440695359613,0.009768103483667868
2008-05-01,-0.033834055167687754,0.0002401842917680325,0.003732389577784621,0.003733561209898649,0.015644918367346942,-0.012921453231637523,0.0020859200430321445
2008-06-01,-0.017317815575244918,0.0007919506551116156,0.006033292261766823,0.006034129572583386,0.0150667027027027,0.005679884585348051,0.006721191955502514
2008-07-01,-0.05683116198577271,-0.0068226006050304475,0.0021643117170145887,0.002165391105812091,0.01351704637192111,0.0017190214376050436,0.002548634005464477
2008-08-01,-0.03707479864129792,0.0036049163016318156,0.011566818294583964,0.01156700875082678,0.013560258117397729,0.011488078365586069,0.010357415966005272
2008-09-01,-0.05610416559133147,-0.011442465452713884,0.0018590551844436184,0.001860062045527536,0.0124588940397351,0.0014443652459364374,0.0012359822125857615
2008-10-01,-0.05573807293564609,-0.0107762935582997,0.005270356589505507,0.005271004426626473,0.012049335526315787,0.00500514742955266,0.0033639100827401462
2008-11-01,-0.045178787819783184,-0.018118939318334595,0.011779002365948477,0.011778868930738186,0.010310333333333331,0.0118324466841062,0.005516342399158321
2008-12-01,-0.060417807608899365,0.010440553118480056,0.03464469010758603,0.034643052788093015,0.016154239084203034,0.03529387588627123,0.026235282196926675
2009-01-01,-0.05942292811344724,0.021457552698864027,0.04897640548414365,0.048973616150570234,0.02004902616181166,0.05009965720922114,0.03791125154092214
2009-02-01,-0.04900818911028676,-0.00422385404543834,0.016397804823193828,0.016396781740226227,0.007838704015931655,0.016823159225142263,0.010646519151811126
2009-03-01,0.028467064870427324,0.046857488226030135,0.06279256277485269,0.06277717684704634,0.04164264053532137,0.06946127339362808,0.056706228355375726
2009-04-01,-0.030275257773791583,0.0313039590680117,0.04399586947842368,0.04398524394026217,0.012332759493670884,0.04844837084861346,0.036013240565796384
2009-05-01,0.037568776235157635,0.03836265998274632,0.0489099093999502,0.04889930258353321,0.030625465567654837,0.0532773530167838,0.04401493811013367
2009-06-01,-0.0028640441434403807,0.0211426325045289,0.03045021499973156,0.030445067231095236,0.01285175,0.03256388233791965,0.025490709414655068
2009-07-01,-0.004306996547890324,0.02769383153176052,0.03348669663120549,0.03347988713838745,0.014519310527466,0.03629112433759653,0.029094170033283195
2009-08-01,0.040970937758932034,0.041819128131587294,0.04500562872661836,0.04499495373876606,0.02105317783928838,0.049307182925212974,0.04043601427229461
2009-09-01,0.036454141655117366,0.029835523816461082,0.03505786055633686,0.03511459128631586,0.02278691150755719,0.03739398060600276,0.032037773554534764
2009-10-01,0.020320886932870152,0.021789997522328755,0.026786103312379368,0.02683581831100055,0.021497402862879843,0.0287115853328678,0.025124181468291262
2009-11-01,-0.013308873898340344,0.006315270427213297,0.0096078054101537,0.009642420835926674,0.009911673397078664,0.010664043609557508,0.00922824273598597
2009-12-01,0.02151941815794206,0.029724867197906325,0.0346805229973899,0.03467465294742337,0.022950045367597517,0.03716392599700167,0.03183880290146375
2010-01-01,0.011796323520042036,0.015655976827877862,0.020083629830564304,0.020132554918670185,0.016841111018570734,0.021931782265209768,0.01892901097217857
2010-02-01,0.03494388626794054,0.012751172418632271,0.019014141764284044,0.01901324901764996,0.020846685111815054,0.01937714354150105,0.01820047837077648
2010-03-01,0.0017923810454572031,-0.006268257827670404,-0.0005614581003569978,-0.0005593445777699428,0.003808962712261322,-0.00141680046630039,-0.0009993796519672826
2010-04-01,0.011910518633458432,0.007832734335613902,0.013938374877799028,0.013938319240881878,0.01939684858480157,0.013960954415096354,0.013813446290838546
2010-05-01,0.0033246263920765073,0.01198701357707208,0.0196565019942574,0.019655191756010774,0.007655339451987598,0.020199047261181657,0.015830618808101903
2010-06-01,-0.001116960519905813,0.0013316572951564375,0.009750127196376685,0.009750427415765268,0.00767920404999977,0.009629163780296705,0.007628115947518973
2010-07-01,-0.019689365554595856,-0.005816694293193203,0.004250955222578866,0.0042517048372081,0.0014246573258286013,0.00395135341348057,0.001612395301180587
2010-08-01,-0.02596439324615293,0.005306031604152824,0.012681091550893465,0.012681073974500658,0.0037191414719285024,0.012688172893921056,0.0094151022990793
2010-09-01,0.005134138662887644,0.012963703076656095,0.021361254924176443,0.02136039976475806,0.015957010070531866,0.02170578402883011,0.018669630372990517
2010-10-01,0.00787266505893941,0.0057386644537345405,0.013872814631271449,0.013872683440269805,0.012761099671887684,0.013925737166188999,0.012034199872670496
2010-11-01,0.0010629862866430027,0.013862982920297834,0.021967533267814532,0.02196673192829474,0.017837810790211697,0.02228950527155721,0.019584912835635203
2010-12-01,0.03516244155668535,0.02281487770297672,0.032258509909696746,0.032256631543304104,0.024509627683894253,0.033019317457694285,0.028971792859513224
2011-01-01,0.0074305614760402094,0.0015296317445961712,0.010287330366287413,0.010287561077641987,0.014477180842344709,0.010193159116873756,0.009354972629548809
2011-02-01,0.001637696157245544,-0.0069245466555731315,0.0027021283584205864,0.0027030651015710412,0.004665942739210503,0.002320115983621675,0.0010933411054501348
2011-03-01,-0.009384967837683195,-0.005350850299523105,0.0025656878958092502,0.0025665889270926924,0.008579596921271342,0.002197474632569016,0.002111699615443839
2011-04-01,0.014962022524057704,0.009685649501426094,0.019726484698579214,0.01972584843497729,0.019953525478750917,0.019986309876852737,0.01781556359811725
2011-05-01,-0.0010571128203032687,0.0011082041662787822,0.01083662873731936,0.010836769980128176,0.0066858536723042325,0.010778802251413248,0.00804925176148876
2011-06-01,-0.011942759715685423,-0.006046914437462808,0.004700947798483301,0.004701644701337118,0.004438953167144768,0.004415211455018827,0.002441968536904241
2011-07-01,-0.02516041148966286,-0.00695243221990167,0.0022646126271908197,0.0022654841298825647,0.0027671702651210755,0.0019077164114569105,0.00045051024274994015
2011-08-01,0.005812134336361352,0.00011652145576722048,0.008473806466951034,0.008474114733231432,0.006933538804754551,0.0083477453654375,0.0064691453652283475
2011-09-01,-0.011859687781124034,-0.003087424236043705,0.006410846997079056,0.0064113114007327545,0.006412501513383625,0.006221294868251969,0.00447370610868074
2011-10-01,-0.007341428224815122,-0.013295099408246577,-0.002434483968888373,-0.002433274952238169,0.00037009208392763815,-0.002925460942135472,-0.0041436454375161896
2011-11-01,-0.041418802626235374,-0.013297133607261341,-0.0031391366576024073,-0.003137858133269177,0.0011316077237137415,-0.00366120916753555,-0.004420745968390947
2011-12-01,-0.005476818404920703,-0.0050731456233024975,0.006525681193264597,0.006526069886916095,0.0047654497862092676,0.006368102507466722,0.003822431550110837
2012-01-01,-0.028913306696102512,-0.015243816772841944,-0.0017257902187616282,-0.0017249658150454495,0.004587942614849001,-0.002055859203172004,-0.003232497878994405
2012-02-01,0.0007988969519334699,-0.016214402963321942,-0.0044780074070788845,-0.004476756542773359,0.0013302896813647373,-0.0049837321168378045,-0.005764521869729451
2012-03-01,-0.00985721860705685,0.00029374840842588684,0.01136947493703997,0.011369426157504484,0.01310424081345045,0.011389415269735158,0.009505261117231191
2012-04-01,-0.008803406264483754,0.002602511656464527,0.015263186815751171,0.015262751631013878,0.00897088092713638,0.015441605014378709,0.011508187208948934
2012-05-01,-0.001148518608934057,-0.005194989958450292,0.005125316093896635,0.005125802798823208,0.0051281223062952476,0.004926168661240394,0.0030220839803610385
2012-06-01,-0.013935727092542566,0.00014919650136340293,0.010862997726893387,0.010862969060075616,0.0062694973044864774,0.010874724015787715,0.00780387692172132
2012-07-01,-0.021005194751015643,-0.011869170012663532,0.0007500928303712066,0.0007509959789527842,0.0005526505455696121,0.00037960582195714626,-0.0018871649671625566
2012-08-01,-0.0009263506081735039,-0.006016595937334546,0.003263608383722989,0.0032642413279224264,0.001314575174238419,0.003005409481079361,0.0009662476859257297
2012-09-01,-0.012923930085791624,-0.004976712666031238,0.004933129595117391,0.004933585762245573,0.0037773381333055366,0.004747391482736164,0.002682946461474685
2012-10-01,0.002539493623068212,-0.0042668986283682315,0.004827090512385175,0.004827561642280133,0.005414021735773331,0.004635124120606637,0.003087379876535409
2012-11-01,-0.014124194423737775,-0.008097619817079283,0.0010332627285236512,0.0010341482698333383,0.0070538686079482625,0.0006716899238503188,0.00033906994261525755
2012-12-01,-0.00461771102187819,-0.00838072675706555,0.0018507239260415684,0.0018515468129536067,0.007971703044220742,0.0015155187503911767,0.0009617531553083084
2013-01-01,-0.010726107671169272,0.007960406930503483,0.016239181933552675,0.016238581233460687,0.0005542359518704628,-0.0026783941924704217,0.007662802371383377
2013-02-01,0.04260099416760693,0.01492898928111156,0.02243120609681808,0.022430030245402608,0.013521493526795944,0.03162644475119822,0.020987632780265282
2013-03-01,0.03094529573055677,0.0005406335601071746,0.00698901550264525,0.006989313162205361,0.009103021428109136,0.026743705174974444,0.010073137765608272
2013-04-01,0.004165567813277343,0.009336673007029063,0.018176917615356544,0.018176169282938283,0.0024015448606025647,-0.0044357549018658815,0.008731109972812116
2013-05-01,0.0024294188087362056,-0.002896119637433484,0.0044672095663790025,0.0044677003388887545,-0.0026010183232931163,-0.0010065937162054145,0.00048623564566714834
2013-06-01,0.007722299669857269,0.01132284221187117,0.019146280450491854,0.019145405164401545,0.007532618524098635,0.006709827118834763,0.012771394693939592
2013-07-01,0.008537732308775081,0.00011630388629648576,0.009141845094357693,0.00914185374927775,-0.0060063730729218385,-0.008933850687628933,0.0006919557938762312
2013-08-01,0.0278201560748786,0.015035309595372859,0.02233055075803355,0.022329241972320814,0.01635483606638405,0.018942823595690224,0.0189985523975603
2013-09-01,0.017507658043331653,0.01769350021949546,0.025001736388205333,0.024999671004747016,0.011339722983770194,0.01036080832420578,0.017879087784084757
2013-10-01,0.0390945675079698,0.019856047409978785,0.02660802306664081,0.026605230278488073,0.024344191114884183,0.029085539189957762,0.025299806211989927
2013-11-01,0.02214939643751937,0.012882708943768743,0.020266985079764432,0.02026510052186584,0.012305647987438212,0.012452651679793321,0.01563461884252611
2013-12-01,0.009535901708141586,0.008111932728330641,0.014959530751518691,0.014958381208674447,0.00781867017491392,0.008273647053297133,0.010824432383346969
2014-01-01,0.005192007036984997,0.006455666286783301,0.01416008718653421,0.014159060546498988,-3.0042912268430158e-05,-0.002833588092912239,0.006382236602927166
2014-02-01,0.05113101595730588,0.001230697263895561,0.00827296001906095,0.008273178245749621,0.022359146120700973,0.03463799171658613,0.014954794673198647
2014-03-01,-0.001633003797977428,0.006966348738397854,0.01603162281127475,0.0160300540665746,0.001959730440179453,-0.0036070146624239217,0.007476148278800547
2014-04-01,0.01517628487333131,0.01070561004054942,0.019887947225371388,0.01988528210661772,0.008708930052829323,0.006446204745208916,0.013126794834115352
2014-05-01,0.015703057775542678,0.005014384475762704,0.013706622533270344,0.0137054662337305,0.00854671595960023,0.009444741011845288,0.010083586042841814
2014-06-01,-0.01691487717098189,-0.004221442273764687,0.005030438825789171,0.005031415889415934,-0.010519425757899749,-0.01734409269698603,-0.004404621202689072
2014-07-01,-0.01051578115577953,0.0016142985849895534,0.007295867964443623,0.007296301781105272,-0.003230814554472969,-0.008130225803329262,0.0009690855945472433
2014-08-01,0.042808617969141115,0.021863130996773308,0.027713385653745586,0.02770919979062072,0.028938784193290632,0.038729894421280456,0.02899087901114213
2014-09-01,0.02442545485962258,0.02538183229143306,0.03266791298637085,0.032663615725194765,0.016095643292828345,0.015632776284945825,0.024488356116154568
2014-10-01,0.04162183388603136,0.033291324569265195,0.03925649325080485,0.039250149720867065,0.03238244296910142,0.038558400957143885,0.03654776229343649
2014-11-01,0.02748897402626244,0.022824157660089897,0.02982349371591433,0.029819504942695745,0.019362420923807782,0.02105448030763397,0.024576811510028343
2014-12-01,0.0353608348416343,0.03704879862694211,0.04441137491837615,0.044404935480146325,0.03450166265106139,0.0346102679969684,0.03899540793469887
2015-01-01,0.07261888996776797,0.0782610865172764,0.08450560977101383,0.08448667305368443,0.06386461715672329,0.09270251893304038,0.08076410108634766
2015-02-01,0.05134181794876398,0.03542555991344158,0.04280727483535453,0.0428024959415126,0.046805520764645836,0.05036978313931452,0.043642126918853816
2015-03-01,0.012650146973978676,0.00585241344520754,0.012271415801109528,0.012271192978142512,0.014615828331874026,0.016953054826392054,0.012392781076545132
2015-04-01,0.03920030461385096,0.0458355788597152,0.05504470751394968,0.0550377419661345,0.045189950078851945,0.04737802443302793,0.04969720057033585
2015-05-01,0.04876682332769466,0.057607885125208966,0.06478406363232539,0.06477393086271536,0.05150298280155517,0.0690871342102546,0.0615511993264119
2015-06-01,0.02298678103442633,0.0426420277972511,0.04951773498402959,0.04951053838749316,0.032496369803598144,0.052543411739476235,0.04534201654236965
2015-07-01,0.05124363164820857,0.05597305169298388,0.06575178902581966,0.0657424522632158,0.04693669827899516,0.06982082757121301,0.06084496376644551
2015-08-01,0.07111200383254249,0.06666837550050361,0.07561031227047192,0.07560096033300809,0.060346954672034714,0.04852836629471002,0.06535099381414566
2015-09-01,0.004987120778834023,0.04283603945107167,0.05211220449411367,0.052106291129104094,0.0107816085106383,0.0006520661603017681,0.0316976419490459
2015-10-01,0.02851837469289108,0.022358164072653508,0.027663905869411396,0.027745831272865718,0.010482805084745764,0.023486778638506324,0.02234749698763654
2015-11-01,0.015365726272233498,0.02273898994476333,0.02776794815697839,0.027764437205220684,0.01102496624472574,0.01566564828376019,0.02099239796708966
2015-12-01,0.02911437307899753,0.03007742351215455,0.03645995596388346,0.036541338115179775,0.011141735294117648,0.029644424921640117,0.028772975561395114
2016-01-01,0.018870758604374958,0.01591286123742899,0.02109522087780974,0.0207431327304404,0.01125649790794979,0.021691349950891683,0.01813981254090412
2016-02-01,-0.004024903025622792,0.011983596420579948,0.01776972876892354,0.017862003278512083,0.010157870833333334,-0.0198384210440412,0.00758695565146154
2016-03-01,0.024967997142086043,0.007121862786143106,0.008912358238684501,0.009000846076154884,0.010028651452282156,0.02405384730959005,0.011823513172570941
2016-04-01,0.013414340403250048,0.01913305263262939,0.02197165739518425,0.02206616820969641,0.010556805785123968,0.011000322723690713,0.016945601349264948
2016-05-01,0.02777621122525971,0.010958843644936584,0.013458770169024295,0.01354681526099261,0.010420395061728396,0.023524279486479217,0.014381820724632219
2016-06-01,-0.004970987016521614,0.004468980136933344,0.006577093350786337,0.0066620763141900284,0.010344307377049179,-0.0074953436243101875,0.0041114227109297396
2016-07-01,-0.0021542990991827928,0.010443460076343291,0.009661521719886462,0.009747272132283366,0.010399057142857144,-0.002949812393676716,0.007460299735538708
2016-08-01,0.03512855966273837,0.012564608905258193,0.014635510340410166,0.01471861747814701,0.010415369918699187,0.031250202265852935,0.016716861781673496
2016-09-01,0.010668433040271057,0.010164568845634898,0.011840453779788596,0.011920846350748592,0.010533534412955466,0.008431126871386209,0.010578106052102751
2016-10-01,0.015800390470350575,0.0028782683290835783,0.003814937804610705,0.0038927162650704773,0.010398237903225806,0.012880779355065349,0.006772987931411183
2016-11-01,0.006788304584168112,0.0013847586644222273,0.0022807581768510693,0.0023568356764218784,0.01047783935742972,0.0036500046700969494,0.004030039309044368
2016-12-01,0.021975601103993558,0.013218911401870755,0.01556066535166361,0.016040361357527348,0.01059796,0.020362567789228955,0.015156093180058134
2017-01-01,0.013609321603128194,0.005896048885449461,0.008711041363310381,0.008777678723592336,0.010351860557768926,0.009588094376861207,0.008664944781396462
2017-02-01,0.02223362591155985,-0.00048780782449026067,0.000732285140091396,0.0007958845532675152,0.010325988095238095,0.018443280829547867,0.005961926158730922
2017-03-01,0.007194622035090095,0.0009586389238257551,0.005170012473801819,0.005196065887138151,0.010418691699604743,0.005521971834704147,0.005453076163814923
2017-04-01,0.0034177423238443768,0.004779242451666558,0.009990498428267507,0.010017270339058184,0.010348090551181102,0.0020167687464930713,0.007430374103333285
2017-05-01,0.014390516272782863,0.003267083923121212,0.008231293717089222,0.008259517119518486,0.010197513725490196,0.009566890289497029,0.00790445975494323
2017-06-01,0.005347192895117135,0.0005635953591072926,0.004268618430300238,0.004324701035659819,0.01005448828125,0.0006812858450825736,0.003978537790279985
2017-07-01,-0.002803474548361273,0.0004605164448481594,0.005058877866043436,0.005101891439554647,0.010171801556420234,-0.0030487586776155803,0.003548865725850179
2017-08-01,0.021196269794888915,0.008028353564863984,0.010120205885863069,0.010163692738987923,0.010223635658914728,0.016720535670820144,0.01105128470388997
2017-09-01,0.015492153634563641,0.01063209902663612,0.013685522533766923,0.013728982678995165,0.010286625482625482,0.012122641355913344,0.012091174215587407
2017-10-01,0.023914141439886148,0.006888660397887585,0.00945257188047828,0.009495403646799813,0.010263246153846156,0.02151668611256408,0.01152331363831518
2017-11-01,0.002967148265961117,-0.0014217507793066635,0.00029121549513920833,0.00034302801325755347,0.01027372030651341,-0.0053903725587799095,0.0008191680953647197
2017-12-01,0.009032932210888758,0.004185022759112483,0.0073086761401050205,0.007362772385398678,0.010113332061068705,-1.8885321221538689e-06,0.005793582962712546
2018-01-01,-0.0006381447242645652,-0.001421630460304784,0.0010003476063751154,0.0010524629101594345,0.010064247148288972,-0.0066570589277244714,0.0008076736553588532
2018-02-01,0.019801390978550625,0.0057762507824982825,0.009065223859439954,0.009119144946781895,0.010152609848484848,0.01036566286498149,0.008895778460437292
2018-03-01,0.016044385598521872,-0.003579670468763563,-0.0008528972171824231,-0.0008002264478165419,0.009895932075471698,0.01298635907496221,0.0035298994033342757
2018-04-01,0.004149609273690673,0.0016786107562008733,0.00633747507891649,0.0063923796342655395,0.00978643984962406,0.00048502319278799846,0.004935985702358993
2018-05-01,-0.013311959698139336,-0.0026822930988500346,0.0008377806968488874,0.0008916167463505902,0.00961738576779026,-0.015995299040168637,-0.001466161785605787
2018-06-01,-0.0007282645799700019,0.000754932678899721,0.002527526882648523,0.002581564682921884,0.009594074626865672,-0.003405748998139148,0.0024104699746393303
2018-07-01,-0.015262918603749134,-0.0011121699450730195,0.0008472443957629576,0.0009018598472074132,0.009246910780669144,-0.020095349067242717,-0.002042300797735244
2018-08-01,0.017060323189842592,0.0038182240817700775,0.0046097324686887675,0.004665316682452046,0.009239940740740742,0.01277824045202846,0.007022290885136018
2018-09-01,0.0019997295271621807,0.0021550865058061514,0.0036022801750257225,0.0036674618013889,0.008974612546125459,-0.0038756177172024203,0.002904764662228762
2018-10-01,0.0070118521374703535,-0.0014157787531711345,-0.0009683247771378882,-0.0009142686234282565,0.009025691176470587,0.004094704872942792,0.0019644047791352198
2018-11-01,0.0028620406417405463,0.0010385411687261132,0.003100989277257445,0.0031657616997261273,0.008668750915750915,-0.003709941814872365,0.002452820249317647
2018-12-01,0.017828731797582792,0.011905969921511935,0.014507156144102603,0.0145774086803154,0.008652007299270072,0.015365214293778212,0.013001551267795643
2019-01-01,-0.005179630584702818,0.0006175344418856664,0.0030904163455835218,0.0031570942260466424,0.008464469090909092,-0.0064758619851759186,0.0017707304238498004
2019-02-01,0.01850258087316018,0.006856857676457075,0.008756292513704602,0.00882510002485628,0.00854059420289855,0.016852551295382275,0.009966279142659757
2019-03-01,0.0194695497748687,0.011410552432606302,0.013236513671926213,0.013302252520669772,0.00907924548736462,0.015566959385214385,0.012519104699556258
2019-04-01,0.03695970628021631,0.031172013732791867,0.03745020273335392,0.03752382286307965,0.009279992805755395,0.04068062804649837,0.03122133203629584
2019-05-01,0.051177166852481935,0.02509286945656104,0.029058697598530588,0.029131561165191788,0.009197974910394266,0.03206931718310072,0.02491008406275568
2019-06-01,0.005321509859305461,0.009180387174274713,0.011906262694381615,0.01196910261560472,0.008946742857142856,0.0007894410440312588,0.008558387277087033
2019-07-01,-0.00038836857200684466,0.00809201838486957,0.007532253346833224,0.007592309600681819,0.009023722419928826,0.000905569921204664,0.006629174734703621
2019-08-01,0.029743930211348295,0.007818290620881569,0.006847931387448058,0.006907821018398149,0.00897762765957447,0.0008869522751544351,0.0062877245922913355
2019-09-01,0.008144146275373243,0.007136567655990142,0.007197914314753613,0.00725824834974698,0.008905392226148409,-0.0037542030208978436,0.00534878390514826
2019-10-01,0.02712453545458637,0.009424072326099464,0.009712503905234857,0.009773687350621877,0.008891890845070423,0.013894439724630128,0.010339318830331349
2019-11-01,0.015463079472144847,0.0012528443753190186,0.0008946560701231407,0.0009521873310600439,0.008892,0.005015226796502407,0.003401382914600922
2019-12-01,0.016912652800076325,0.002990481158569945,0.0032900280893440087,0.003348414354593224,0.008795405594405595,0.0007962519843890942,0.0038441162362603744
