,D/E,D/P,D/Y,E/P,B/M,SVAR,INF,NTIS,TO,M0G,M1G,M2G
2002/1/1,0.023872838,0.033245639,0.028198713,0.015840891,0.026905265,0.007772857,0.012265953,-0.001622049,0.004665577,0.006392616,-0.007690639,0.00591752
2002/2/1,0.019129615,0.036081803,0.028260481,0.024868129,0.035417397,0.045100699,0.01751348,-0.002415094,0.004406622,0.003151661,0.042127616,0.020796177
2002/3/1,0.019141982,0.034342076,0.03333153,0.023701934,0.032125882,0.004334401,0.022225751,-0.002257538,0.001432065,0.02055531,0.039485567,0.021159696
2002/4/1,0.02008874,0.031288895,0.032300364,0.019686145,0.025896049,0.01487765,0.041292025,-0.001867235,0.014796476,0.035716094,-0.008068079,0.011111362
2002/5/1,0.020804121,0.027716922,0.02842091,0.012603216,0.036438714,0.007392664,-0.01433037,-0.001667956,0.008189426,0.015016238,0.015206378,0.026744015
2002/6/1,0.017637676,0.02811244,0.021426762,0.017176327,0.044006968,0.008401143,0.007484897,-0.002282488,0.00316323,0.028155889,0.017620229,0.01962807
2002/7/1,0.021816455,0.025751002,0.030271486,0.004274088,0.031600839,0.031000453,0.009393055,-0.001108452,0.012590856,0.022702563,0.007543345,0.009950879
2002/8/1,0.020250612,0.029064277,0.024556053,0.005462014,0.038609919,0.004597982,-0.005776284,-0.001502652,0.008324918,0.014989791,0.030678598,0.022071024
2002/9/1,0.021540608,0.036874366,0.034679012,0.002155484,0.036231759,0.004037749,-0.000700729,-0.001498956,0.004082376,0.013413276,0.007431913,0.015764425
2002/10/1,0.016011772,0.038968101,0.03360003,0.00394868,0.039859981,0.003100924,0.022606566,-0.001921397,0.00156115,0.009974982,0.011097539,0.00799583
2002/11/1,0.011008527,0.038062038,0.033752837,0.010537823,0.047182759,0.003218475,0.038449698,-0.002382091,0.000735775,0.021169118,0.028904127,0.025705718
2002/12/1,0.007312064,0.037607256,0.032826508,0.018785903,0.05010518,0.009008382,0.017835457,-0.002656446,0.003154283,0.011417226,0.00895127,0.013368028
2003/1/1,0.0050036,0.036937776,0.032939699,0.026180847,0.051450228,0.003305786,0.010087585,-0.0028631,0.002370802,0.001366958,-0.002958457,-0.001339457
2003/2/1,0.009229174,0.034249752,0.036610259,0.019929369,0.046005831,0.012341289,0.02024055,-0.002527095,0.010356664,-0.039303779,0.024997921,0.000640472
2003/3/1,0.009460283,0.033161995,0.031568333,0.021148628,0.043681926,0.002235831,0.038224254,-0.002487358,0.00214919,0.052105221,0.043788509,0.026795889
2003/4/1,0.009162108,0.032599655,0.03040711,0.023655939,0.04276033,0.002997821,0.03267362,-0.002507151,0.003940418,0.025699246,-0.016254587,0.006228453
2003/5/1,0.008360782,0.032751921,0.030970431,0.022796482,0.043449254,0.008180601,-0.000731452,-0.002556087,0.021643065,0.011902523,0.025868726,0.01748879
2003/6/1,0.00942819,0.031273397,0.03083431,0.019567366,0.040083987,0.005126227,0.008528651,-0.002267374,0.008840569,0.019916838,0.002946945,0.010866872
2003/7/1,0.004185795,0.03920169,0.034777214,0.024120313,0.043198891,0.00155592,-0.003162549,-0.002469582,0.005935521,0.01698696,0.001570724,0.002063447
2003/8/1,0.004624883,0.036937699,0.035268885,0.029440547,0.044916155,0.001081032,-0.014200008,-0.002612487,0.004594196,0.010180387,0.03282823,0.018678495
2003/9/1,0.007078414,0.03049221,0.02815957,0.03643863,0.044344763,-0.000891764,0.000657081,-0.002742909,0.000242344,0.011588879,0.007931305,0.005999785
2003/10/1,0.006462698,0.031000805,0.028785797,0.042713879,0.043301732,2.15E-05,0.026778997,-0.002931515,0.00103956,0.005948311,0.003691578,0.011157941
2003/11/1,0.006003388,0.030176865,0.02864679,0.043320276,0.044142985,0.000838946,0.036936331,-0.003000663,0.001233855,0.014038973,0.017779741,0.018823985
2003/12/1,0.006004888,0.029428718,0.029779974,0.040032416,0.039826255,0.00647233,0.030091811,-0.003143512,0.009777519,0.011498395,0.014648576,0.015193774
2004/1/1,0.006991464,0.028265061,0.029250982,0.035872189,0.035860662,0.002932078,0.032752866,-0.0030624,0.016831367,-2.76E-05,-0.004972225,0.004336295
2004/2/1,0.008602783,0.02677153,0.028096366,0.033455975,0.035268222,0.004591505,0.024422823,-0.002934408,0.01066715,-0.010037961,0.033227414,0.009142103
2004/3/1,0.010003996,0.025415331,0.026549936,0.031507862,0.031412353,0.006279641,0.036184849,-0.002659724,0.025874154,0.033976193,0.012277419,0.016747531
2004/4/1,0.010776918,0.024437021,0.024893204,0.030793621,0.028499315,0.005451892,0.006949244,-0.002527962,0.017395182,0.020423056,-0.001510438,0.007741345
2004/5/1,0.009129859,0.027177382,0.023147401,0.03945048,0.035473939,0.003062726,0.017233074,-0.002840128,0.016003275,0.008849762,0.026744915,0.01621644
2004/6/1,0.007598438,0.029609146,0.027995518,0.042682282,0.035666394,0.004693252,0.021323354,-0.002829892,0.001198166,0.020598322,0.00348425,0.018464581
2004/7/1,0.005849925,0.029909207,0.026727741,0.049083527,0.037708648,0.005455494,0.006582996,-0.002963879,0.005850651,0.01245607,0.006570941,0.009121055
2004/8/1,0.006072659,0.02926822,0.029187076,0.050324632,0.038451168,0.004880251,-0.006876292,-0.003038809,0.006532184,0.008763249,0.024617208,0.021635507
2004/9/1,0.006309171,0.028058955,0.027280952,0.052359725,0.036276414,0.001198196,0.003822025,-0.003052564,0.00300193,0.010641196,-0.000349996,0.014617124
2004/10/1,0.007750305,0.027399111,0.028663437,0.051459531,0.033966192,0.016357579,0.024326429,-0.003047756,0.018000752,0.003766579,0.009201757,0.007580929
2004/11/1,0.007951946,0.026387792,0.025133312,0.053626701,0.0340932,0.004227973,0.031941808,-0.003002822,0.009440208,0.01486037,0.014711849,0.01952869
2004/12/1,0.009259506,0.025355391,0.025904008,0.053151956,0.031898553,0.002630601,0.007842926,-0.00304461,0.011919944,0.010298449,0.002709085,0.00903855
2005/1/1,0.009559236,0.024036514,0.022955804,0.053275138,0.029580974,-0.000329331,0.000678316,-0.002949214,0.006358613,0.000632039,-0.001553139,-0.002288406
2005/2/1,0.009672532,0.02244034,0.02181935,0.051420688,0.027598049,0.001354095,0.008763666,-0.002753384,0.004686596,-0.009626187,0.021882451,0.007593958
2005/3/1,0.011292022,0.022902306,0.025146768,0.050777903,0.028687805,0.005330092,0.02050734,-0.003009207,0.005672692,0.019124653,0.037560083,0.014492676
2005/4/1,0.01109268,0.021141613,0.019464368,0.048658408,0.024970228,0.000857757,0.044662509,-0.002665296,0.014172885,0.018029292,-0.022007842,0.002906593
2005/5/1,0.010088067,0.020216236,0.020128658,0.044293036,0.022058903,0.005922958,-0.012317739,-0.002545414,0.016061948,0.00655366,0.017979857,0.01095588
2005/6/1,0.007824232,0.018557154,0.018144644,0.038665752,0.015192628,-0.001679055,-0.001115244,-0.002123609,0.004517354,0.013443366,0.00036238,0.010548485
2005/7/1,0.004526459,0.020307449,0.021240115,0.036691998,0.015404558,0.021843871,0.001162425,-0.002098423,0.022740986,0.008185273,-0.000369348,-0.001139473
2005/8/1,0.003582596,0.019808757,0.020523759,0.034668213,0.014341337,0.004198761,-0.011296874,-0.002018898,0.015471878,0.006308666,0.024075945,0.013692285
2005/9/1,0.003833396,0.022709686,0.024313189,0.035889175,0.019031294,0.004795829,0.00615477,-0.002126774,0.043313361,0.007899699,-0.004961966,0.00584651
2005/10/1,0.003828447,0.021626677,0.022204592,0.034209459,0.017626867,0.002164324,0.010054845,-0.002127542,0.034213875,0.00335428,0.008140194,0.000926058
2005/11/1,0.003193488,0.019036525,0.01894575,0.031711905,0.014259624,-0.001267128,0.01939705,-0.001609932,0.011103023,0.010688988,0.01068042,0.017234852
2005/12/1,0.003128932,0.018396144,0.01903567,0.030409124,0.013459737,-0.001901703,0.013275786,-0.00146035,0.014921016,0.005268507,-0.000298597,0.004399994
2006/1/1,0.003849386,0.019647805,0.020735881,0.030804568,0.0159122,-0.002572452,-0.000199922,-0.00150782,0.013814684,-0.000633469,0.00417978,0.000694184
2006/2/1,0.004451175,0.021657364,0.02309198,0.031188458,0.019280283,-0.000140516,0.014333724,-0.001558256,0.022920503,-0.017146921,0.021778328,0.006031952
2006/3/1,0.004443629,0.021996292,0.022846613,0.030281168,0.019635078,0.000987587,0.032180514,-0.001498514,0.023307679,0.026683824,0.020272986,0.015939713
2006/4/1,0.004022372,0.02217916,0.022085385,0.030231402,0.020123277,0.001175081,0.016170893,-0.000763674,0.028553981,0.013456299,-0.014367055,0.003653223
2006/5/1,0.005726882,0.024001816,0.025978691,0.029983456,0.022050509,0.005450769,-0.012365701,-0.001031004,0.051995214,0.007284239,0.019664797,0.011338246
2006/6/1,0.008186944,0.026610326,0.029704567,0.029190977,0.022730278,0.026337044,0.010840673,-0.000882385,0.075829196,0.014654539,-0.002453896,0.01333865
2006/7/1,0.008585813,0.02614385,0.027140604,0.027861649,0.021882701,0.014679054,0.005689085,-0.000899902,0.056892309,0.011890834,0.009901351,0.006566523
2006/8/1,0.007013045,0.023213171,0.024785519,0.023491357,0.019053054,0.01094404,0.035632753,-0.002220175,0.03891212,0.01008524,0.021187363,0.017310307
2006/9/1,0.00755849,0.021938737,0.022883408,0.021623037,0.018001552,0.005951022,0.026482839,-0.002341196,0.023726661,0.009590612,0.003100747,0.011349012
2006/10/1,0.008085669,0.021790953,0.023062815,0.019439138,0.016810826,0.00242113,0.016041152,-0.002354229,0.02741873,0.0054778,0.011591661,0.011537271
2006/11/1,0.008750958,0.018754907,0.022074691,0.014602585,0.012647804,0.003867686,0.017987819,-0.003439536,0.021720426,0.014755401,0.012419058,0.018864324
2006/12/1,0.011212645,0.017370245,0.020041055,0.011868626,0.010718001,0.006538111,0.011652131,-0.002906271,0.03162869,0.010563994,0.005548881,0.010904909
2007/1/1,0.014880899,0.014641416,0.019541507,0.006447772,0.008318112,0.018635019,0.017074707,-0.001592897,0.039855778,0.008437299,0.010162804,0.0049427
2007/2/1,0.015017827,0.011660848,0.01461063,0.005930733,0.010093311,0.030939134,0.038099045,-0.001298389,0.052213845,0.012043605,0.020645933,0.011146553
2007/3/1,0.014436806,0.010485487,0.011007163,0.007860592,0.009472553,0.031755966,0.025272176,-0.000934348,0.026875985,0.006287029,0.029068026,0.009037203
2007/4/1,0.014354417,0.00866994,0.010318662,0.007843212,0.008771283,0.011488228,0.031930552,-7.73E-05,0.046210337,0.024885713,0.0022014,0.01379804
2007/5/1,0.014976245,0.006081263,0.009074911,0.007637063,0.01134612,0.021428499,0.007745667,0.001825989,0.047291105,0.016113478,0.021971584,0.019775643
2007/6/1,0.015068548,0.004602552,0.003851475,0.009782355,0.011228417,0.024940946,0.012443457,0.002528041,0.040323228,0.022856433,0.008539608,0.021962858
2007/7/1,0.013672823,0.009230365,0.006055087,0.014613416,0.01081202,0.042863489,0.019982699,0.001776443,0.038998451,0.016959538,0.00747916,0.010407555
2007/8/1,0.016966314,0.011750457,0.014106638,0.012805749,0.011926255,0.032097992,0.023221066,0.003413308,0.015657656,0.016925566,0.032302898,0.015853549
2007/9/1,0.018379959,0.010941068,0.012029639,0.011816917,0.012870795,0.026257152,0.034859731,0.005033228,0.02298406,0.017812918,0.005524261,0.021471961
2007/10/1,0.018881501,0.010067902,0.009483956,0.011778765,0.013109422,0.019590843,0.041529602,0.005545855,0.013888991,0.015383475,0.028134623,0.017704129
2007/11/1,0.019378512,0.009125449,0.008493489,0.011771276,0.01367627,0.024082106,0.022456461,0.005894094,0.004229629,0.022892565,0.017769459,0.025578543
2007/12/1,0.015339665,0.005902464,0.00408514,0.011481539,0.010621211,0.034220556,0.021145063,0.003955427,-0.001770749,0.016591079,0.014238717,0.017380519
2008/1/1,0.017205445,0.005093837,0.004638717,0.0107926,0.011353569,0.016187455,0.030113226,0.004835335,0.000405756,0.014815408,0.01533641,0.020495683
2008/2/1,0.010615891,0.005136813,-0.000823423,0.016360938,0.010652786,0.043677539,0.034381415,0.003158306,0.007928168,-0.003441581,0.023391091,0.005937365
2008/3/1,0.00940607,0.004931619,0.002810902,0.018083624,0.010447671,0.032279238,0.037928163,0.003108405,-0.003854981,0.030299794,0.035159536,0.019863429
2008/4/1,-0.001711919,0.006885784,-0.000386699,0.02507914,0.010235493,0.037106673,0.059056161,0.001119306,0.003019501,0.020226999,0.003756967,0.019305504
2008/5/1,-0.000565697,0.006936458,0.006763346,0.026734388,0.013102475,0.062194697,0.000192154,0.001529521,0.003231248,0.015645906,0.015316481,0.014987771
2008/6/1,-0.003828224,0.010307615,0.007427057,0.030419023,0.013564761,0.020406619,0.013816182,0.000875605,0.005679885,0.017208957,0.013294246,0.01380383
2008/7/1,0.000309478,0.025208878,0.019598869,0.034560715,0.016628139,0.040476193,0.003162575,-0.000877344,0.001719021,0.014188606,0.013930676,0.012334607
2008/8/1,0.002654173,0.027121232,0.028473437,0.03479244,0.017394401,0.022050114,0.006943175,-0.000715142,0.011488078,0.013271868,0.016349827,0.016593365
2008/9/1,-0.000929172,0.028311582,0.025891387,0.032569323,0.019728914,0.028793627,0.01129718,-0.001875855,0.001444365,0.012819891,0.008848447,0.015940415
2008/10/1,-0.003809771,0.027768708,0.02847906,0.030455589,0.020086315,0.033526989,0.007155167,-0.002208461,0.005005147,0.011062553,0.018352589,0.013871427
2008/11/1,-0.004571306,0.028927025,0.026853376,0.018803458,0.022820901,0.018222841,0.007231746,-0.0036233,0.011832447,0.011877415,0.005439048,0.015116146
2008/12/1,-0.000684772,0.030762197,0.035873923,0.023325427,0.022746702,0.021754748,0.002075912,-0.003090961,0.035293876,0.010995878,0.012305198,0.011289932
2009/1/1,-0.002010857,0.029175792,0.032241507,0.020964933,0.021448014,0.012981068,-0.007690366,-0.003268145,0.050099657,0.005901808,-0.00315142,0.001148049
2009/2/1,-0.000712082,0.029478685,0.033879573,0.024231067,0.021832326,0.009939374,0.004748697,-0.002675888,0.016823159,0.000133023,0.026058802,0.001057818
2009/3/1,3.13E-05,0.029012648,0.032467698,0.024907053,0.020935714,0.016554313,0.025229749,-0.002347369,0.069461273,0.018807727,0.008376719,0.00938109
2009/4/1,0.001717787,0.028772633,0.033879521,0.028028564,0.019108948,0.014149565,0.009431014,-0.001343505,0.048448371,0.016012915,-0.001885138,0.004762342
2009/5/1,0.005741193,0.027804718,0.030496854,0.026379222,0.018941058,0.012202372,0.003975324,-0.001020537,0.053277353,0.012296303,0.02496954,0.011722708
2009/6/1,0.009460838,0.026272914,0.029130889,0.024414304,0.017631748,0.00977724,0.006301809,-0.00059966,0.032563882,0.015188372,0.009916955,0.012759304
2009/7/1,0.016210275,0.025613313,0.029428287,0.022019414,0.015736074,0.010605343,0.00529727,0.000317425,0.036291124,0.014244162,0.004165472,0.009692916
2009/8/1,0.019591625,0.024232049,0.028981686,0.020037975,0.013956014,0.01465288,0.002857426,0.001474387,0.049307183,0.013920951,0.023898144,0.014644553
2009/9/1,0.018754503,0.026918305,0.022361136,0.021689556,0.017951958,0.021788412,0.010349084,-9.59E-05,0.037393981,0.013541591,0.011801106,0.012847163
2009/10/1,0.019881218,0.02592165,0.028014137,0.020519773,0.016818297,0.013276866,0.020051734,0.000193183,0.028711585,0.008554769,0.015425801,0.013212465
2009/11/1,0.021075773,0.025035577,0.02777062,0.019542926,0.015489433,0.012267904,0.018582893,0.000782615,0.010664044,0.016678831,0.010430831,0.013438932
2009/12/1,0.018469507,0.021784483,0.024190942,0.018340484,0.013887789,0.014013286,0.009323421,0.00131644,0.037163926,0.013566376,0.014688608,0.014006652
2010/1/1,0.018475665,0.020925093,0.021905401,0.017662283,0.013191317,0.012039433,0.017105985,0.001445645,0.021931782,0.010867261,0.011605745,0.013906638
2010/2/1,0.016511371,0.021845217,0.020246555,0.018968052,0.015814225,0.011237964,0.029870915,0.000804908,0.019377144,0.009010202,0.014246857,0.012826925
2010/3/1,0.015348202,0.020905441,0.022181708,0.018786972,0.014826347,0.009707718,0.02217688,0.000946304,-0.0014168,0.0103017,0.02216596,0.013390098
2010/4/1,0.014441188,0.02035695,0.021244439,0.018783971,0.014146428,0.010311683,0.033613256,0.001060296,0.013960954,0.021750232,0.006956248,0.013171715
2010/5/1,0.010749397,0.021565131,0.020098383,0.021055646,0.017177056,0.010748336,-0.002560208,0.000495658,0.020199047,0.012822112,0.013540726,0.013321355
2010/6/1,0.008371008,0.023325758,0.022054525,0.022780886,0.018756174,0.014313192,0.013340276,-0.000122362,0.009629164,0.015021712,0.013824073,0.012650625
2010/7/1,0.005604055,0.02430723,0.023764259,0.023713846,0.020031298,0.010454679,0.007197537,-0.00061222,0.003951353,0.012245785,0.010912337,0.011811751
2010/8/1,0.010649155,0.025668225,0.030060293,0.023827724,0.018937228,0.010095061,-0.001401672,7.64E-05,0.012688173,0.012179499,0.015121675,0.013092463
2010/9/1,0.008873267,0.02477841,0.026546714,0.023918934,0.017997092,0.010280102,0.017234842,0.000198719,0.021705784,0.012689112,0.010204929,0.012269091
2010/10/1,0.008541982,0.024664241,0.026254029,0.023853892,0.01716593,0.008725313,0.020845231,0.000204082,0.013925737,0.010074227,0.015232508,0.012564718
2010/11/1,0.007589722,0.0227724,0.026272226,0.023691183,0.015411954,0.01070391,0.021545816,0.000990656,0.022289505,0.014158849,0.00627321,0.013598844
2010/12/1,0.006136553,0.022749584,0.022709236,0.023769139,0.01571187,0.013960351,0.022946097,0.000677864,0.033019317,0.012639552,0.015448622,0.012771121
2011/1/1,0.005020373,0.02241438,0.02309132,0.023705767,0.015454934,0.01020257,0.030054007,0.00059966,0.010193159,0.00998531,0.01205585,0.012418135
2011/2/1,0.003100313,0.022375672,0.022547051,0.023935454,0.018739341,0.01060438,0.018566779,0.000396757,0.002320116,-0.005699832,0.020554342,0.01260024
2011/3/1,0.002096815,0.021469687,0.023303632,0.024089847,0.017373361,0.009455597,0.027805584,0.000722814,0.002197475,0.02173435,0.011096365,0.013231373
2011/4/1,0.000499513,0.021363356,0.02169389,0.024358347,0.017387699,0.008865409,0.031741176,0.000685032,0.01998631,0.015135641,0.005729163,0.011894007
2011/5/1,-0.0006135,0.021295168,0.021777934,0.024224599,0.019340725,0.008550711,0.005734736,0.000549031,0.010778802,0.012341573,0.017205548,0.013312549
2011/6/1,-0.002671551,0.021850774,0.021179705,0.024009541,0.020394239,0.0086879,0.011460088,0.000127271,0.004415211,0.013209446,0.010644027,0.012115285
2011/7/1,5.84E-05,0.02322679,0.024584739,0.02415244,0.019781391,0.008769905,0.010293994,0.000282114,0.001907716,0.012640567,0.010198933,0.01188222
2011/8/1,0.003110133,0.025052349,0.026045657,0.023856482,0.021366585,0.00846801,0.013881442,0.000190322,0.008347745,0.011787341,0.018170198,0.012631698
2011/9/1,0.001935735,0.02499092,0.025475714,0.023156252,0.021653577,0.009591537,0.016721979,-0.000116761,0.006221295,0.011574337,0.007340551,0.011549179
2011/10/1,-0.00014494,0.024988483,0.024722146,0.021750019,0.022799734,0.008607377,0.013455442,-0.000670251,-0.002925461,0.010365825,0.017024644,0.010882648
2011/11/1,-0.000608808,0.02445875,0.026827117,0.021980998,0.022445651,0.008686474,0.016384961,-0.000450998,-0.003661209,0.012118342,0.000546987,0.011857927
2011/12/1,-0.002005865,0.024290938,0.024864035,0.02076055,0.022613748,0.008309979,0.009395768,-0.000771924,0.006368103,0.01071282,0.014367901,0.010938558
2012/1/1,-0.003848128,0.023866171,0.024401385,0.018711792,0.022508043,0.007536081,0.00406103,-0.001231449,-0.002055859,0.008150386,0.007988608,0.010095359
2012/2/1,-0.003618704,0.023454487,0.025728455,0.018777629,0.023080916,0.009984321,0.01284032,-0.001081234,-0.004983732,0.004552804,0.029240477,0.010507487
2012/3/1,-0.002869523,0.022955104,0.02587982,0.019646874,0.022071921,0.006845211,0.033777201,-0.000690141,0.011389415,0.014533236,-0.004030059,0.010796914
2012/4/1,-0.003798636,0.022648268,0.023140575,0.017891203,0.021926248,0.007597127,0.00578933,-0.001083899,0.015441605,0.010945912,0.003947134,0.009957061
2012/5/1,-0.003112255,0.022176207,0.024597081,0.018445719,0.022431348,0.00628727,0.010950199,-0.000777512,0.004926169,0.010596351,0.01951446,0.010448757
2012/6/1,-0.002312037,0.022072956,0.023492712,0.017965718,0.021856183,0.006344551,0.006020294,-0.000781612,0.010874724,0.011040671,0.005101458,0.010509889
2012/7/1,-0.008356917,0.02007439,0.02029413,0.016713339,0.021767693,0.006139045,0.002419826,-0.001041499,0.000379606,0.010303368,0.005962627,0.010480806
2012/8/1,0.003182031,0.023800998,0.024940669,0.015162002,0.022312907,0.005514963,-0.002968258,-0.001342962,0.003005409,0.009901782,0.021004382,0.010115163
2012/9/1,0.004152657,0.023494375,0.025387691,0.014207887,0.021060638,0.004965296,0.008500393,-0.001471932,0.004747391,0.009694368,0.004057651,0.009598878
2012/10/1,0.004292903,0.023204189,0.025682065,0.01429054,0.02057284,0.007416,0.016904206,-0.00136585,0.004635124,0.009135757,0.01098675,0.009788972
2012/11/1,0.004154281,0.022607545,0.024628738,0.013691354,0.019899187,0.00455569,0.01174512,-0.001421786,0.00067169,0.010241383,0.005360269,0.009540507
2012/12/1,0.003638543,0.021599898,0.023017912,0.011956967,0.017963407,0.004784535,0.004743674,-0.001722803,0.001515519,0.009203543,0.011674231,0.009007315
2013/1/1,0.004414271,0.022322558,0.026277755,0.014800959,0.019950198,0.008376669,0.008788786,-0.000989643,0.016485025,0.009695326,0.003461189,0.010526356
2013/2/1,0.004783772,0.022067657,0.024534224,0.01525266,0.020303715,0.006665701,0.020358277,-0.000736799,0.02291143,0.009235952,0.017378238,0.010410784
2013/3/1,0.004792286,0.021689701,0.023301297,0.01494433,0.01977944,0.006075391,0.023588795,-0.000739442,0.006867115,0.01048983,0.02300853,0.009720947
2013/4/1,0.004585707,0.021268416,0.022175141,0.013908992,0.019216244,0.007767748,0.023616369,-0.001000896,0.018482014,0.010295426,-0.010703733,0.011369278
2013/5/1,0.003768214,0.020683878,0.022116408,0.013225514,0.019207622,0.005323657,-0.007182541,-0.001133194,0.004265853,0.009634754,0.022587524,0.008935673
2013/6/1,0.004414087,0.02074795,0.023400619,0.014149585,0.019330224,0.005332808,0.010854484,-0.00076355,0.019506689,0.01002606,0.005616734,0.009908383
2013/7/1,0.001880371,0.019971878,0.019568116,0.011935381,0.018272779,0.008821443,-0.001600695,-0.001346013,0.00913822,0.009196674,0.008655468,0.009176623
2013/8/1,0.008150046,0.021373725,0.023583244,0.012167133,0.018806809,0.00767203,0.006764443,-0.001228505,0.022878727,0.009292464,0.014046815,0.008913704
2013/9/1,0.00769275,0.021286251,0.023790839,0.012859768,0.019049805,0.005121473,0.008441538,-0.000993591,0.025875286,0.009503813,0.004492992,0.009486826
2013/10/1,0.007548437,0.021170909,0.023366716,0.01325934,0.018912952,0.005527199,0.013945022,-0.000809792,0.027802404,0.009668507,0.013666884,0.009647895
2013/11/1,0.006888763,0.020669819,0.022077164,0.012730925,0.018176376,0.005422394,0.018654245,-0.000907803,0.021083977,0.009484471,0.002693022,0.009544742
2013/12/1,0.006498355,0.020506194,0.02257512,0.013121471,0.018025579,0.005444049,0.007941538,-0.000726143,0.015465813,0.009644502,0.011123325,0.009747179
2014/1/1,0.005719965,0.019854475,0.021001715,0.012265473,0.017071565,0.005239324,0.00595364,-0.00093765,0.014613728,0.009391217,0.004358644,0.009258325
2014/2/1,0.004773585,0.019269059,0.020618865,0.011600583,0.016660803,0.004707459,0.010738382,-0.001078199,0.008175648,0.00887132,0.03378369,0.009175265
2014/3/1,0.004118608,0.018989229,0.020713582,0.011598786,0.016275057,0.005077588,0.021248808,-0.001030945,0.016731184,0.0093301,-0.007027592,0.009386016
2014/4/1,0.003144592,0.018507603,0.0198168,0.011026588,0.015445453,0.005467607,0.014097031,-0.00113207,0.021088846,0.00871099,0.002297701,0.008853815
2014/5/1,0.003145884,0.018240364,0.019739573,0.010691674,0.015211461,0.004392739,-0.000595958,-0.001165959,0.014229429,0.008960551,0.019330814,0.009165481
2014/6/1,0.00314769,0.018128359,0.019737871,0.010687021,0.014975322,0.003847304,0.00162234,-0.001110666,0.004588582,0.008881126,0.004360437,0.009058872
2014/7/1,0.013292278,0.020171774,0.022172159,0.010878477,0.015027694,0.003948628,0.007981272,-0.000996851,0.007099542,0.008889231,0.001918418,0.008819342
2014/8/1,0.007148533,0.019364694,0.021750345,0.012032674,0.016488321,0.004810526,0.005081993,-0.000617395,0.029596434,0.009387735,0.024958036,0.009534975
2014/9/1,0.006709964,0.019074543,0.02073501,0.012076023,0.016185917,0.004782577,0.007682532,-0.000547882,0.034568812,0.009439305,0.002543131,0.009554549
2014/10/1,0.008778369,0.019446336,0.021827953,0.01282061,0.016151412,0.005832305,0.009826624,-0.000219506,0.04206793,0.009754597,0.013133695,0.010044293
2014/11/1,0.006605484,0.018949637,0.020258024,0.012916808,0.016219855,0.00551426,0.01366203,-0.000115123,0.031592181,0.009670422,0.005239755,0.01031856
2014/12/1,0.00656635,0.018753927,0.020982017,0.013596944,0.015846394,0.006435301,0.008075907,0.000283515,0.04721627,0.010139823,0.008252044,0.010515242
2015/1/1,0.006802541,0.018190147,0.021148268,0.014388978,0.01475688,0.01405928,0.005188298,0.000960678,0.092702519,0.010770777,0.006443256,0.010465113
2015/2/1,0.006607351,0.017922497,0.01894051,0.014299375,0.015076838,0.014424998,0.013223549,0.001004406,0.044903578,0.010805321,0.018243262,0.010888288
2015/3/1,0.006411768,0.017615818,0.018826005,0.014378026,0.014658958,0.007909986,0.012089472,0.00120607,0.012369711,0.011279877,0.018668219,0.011014553
2015/4/1,0.006786783,0.016545957,0.019259894,0.014623823,0.013164927,0.009614163,0.025871963,0.001961418,0.058111602,0.008360485,0.001069818,0.011406992
2015/5/1,0.008453758,0.01548442,0.018161677,0.014540535,0.012419942,0.012395235,0.001155383,0.002857798,0.069087134,0.012259637,0.014199703,0.013038122
2015/6/1,0.009709577,0.014919416,0.016298351,0.014307504,0.011693251,0.018515344,0.007019564,0.003326752,0.052543412,0.01269354,0.008268967,0.011712952
2015/7/1,0.00301149,0.013499866,0.01211644,0.014392117,0.012279799,0.026214056,0.007006194,0.002880735,0.069820828,0.012159812,0.008584722,0.011283588
2015/8/1,0.008765106,0.017536612,0.015141707,0.014819345,0.015314597,0.022698004,0.009262208,0.002125077,0.080129596,0.011433554,0.021084133,0.011197468
2015/9/1,0.007759579,0.018459177,0.017287419,0.014652251,0.016963723,0.00326449,0.012919918,0.001434183,0.055494577,0.010759495,0.004306598,0.012557968
2015/10/1,0.006017847,0.018188963,0.018716757,0.014322745,0.017208293,0.007192055,0.015219017,0.001146211,0.030944883,0.010542569,0.014816846,0.012112709
2015/11/1,0.006261161,0.017340723,0.020588004,0.014684152,0.01651807,0.01047375,0.009874413,0.001774817,0.02994307,0.010878997,0.005669895,0.013314695
2015/12/1,0.005792774,0.016617046,0.018445111,0.014542835,0.01547866,0.010312269,0.003901313,0.00192355,0.039959953,0.011124709,0.011113199,0.011861019
2016/1/1,0.005399709,0.01569356,0.017553378,0.014280343,0.014235543,0.012084234,0.008442251,0.002062097,0.023903823,0.011410653,0.010679855,0.011231742
2016/2/1,0.004310142,0.017812309,0.014742983,0.014061468,0.018286021,0.004479442,0.015376054,0.000904221,0.021593415,0.009698099,0.011189434,0.00935861
2016/3/1,0.004692989,0.017760057,0.018813475,0.013775832,0.018113243,0.008888298,0.015198954,0.00080383,0.012418438,0.010388775,0.025533742,0.011504274
2016/4/1,0.005789616,0.017027611,0.020031972,0.014132703,0.01699289,0.010293368,0.033423196,0.001417094,0.026223499,0.011515516,-0.011882597,0.010116443
2016/5/1,0.005231219,0.016800832,0.017513829,0.013918402,0.017892687,0.01137461,0.000978029,0.001298559,0.017059258,0.01056908,0.02068045,0.013578236
2016/6/1,0.005274715,0.016611934,0.017566494,0.013722913,0.017555689,0.010778308,0.004802944,0.001244457,0.009916923,0.010694768,0.005451876,0.010725754
2016/7/1,0.011462622,0.017925832,0.019545598,0.013614197,0.017006686,0.011320544,0.000557909,0.001336572,0.01310331,0.010503448,0.00591644,0.00895675
2016/8/1,0.006824945,0.016355855,0.017529158,0.013503573,0.017239662,0.011582307,0.005744463,0.001386766,0.017873887,0.010452821,0.021165371,0.013140398
2016/9/1,0.008368171,0.016279272,0.017818143,0.013408182,0.016501977,0.011838822,0.010819756,0.001548396,0.014902817,0.010616144,0.00412103,0.010554819
2016/10/1,0.008060322,0.01613924,0.016785442,0.013238945,0.016363917,0.011656435,0.008685814,0.001425633,0.006604432,0.010255051,0.01659261,0.012573893
2016/11/1,0.0080332,0.015642618,0.016918045,0.013102545,0.016087243,0.011924939,0.018136951,0.001545192,0.004974847,0.010711446,0.00464243,0.013035756
2016/12/1,0.008398923,0.015123079,0.01647548,0.012938613,0.015316242,0.012099678,0.006079344,0.00170907,0.01875684,0.010600045,0.011301251,0.011998676
2017/1/1,0.008312691,0.015247207,0.015313077,0.012772529,0.015538401,0.011436555,0.009857457,0.001460029,0.010909698,0.009928302,0.009875878,0.010393502
2017/2/1,0.00743545,0.014929235,0.015811292,0.012711173,0.016060014,0.011632991,0.011076113,0.001456015,0.002618449,0.007653877,0.022348746,0.009476729
2017/3/1,0.006608041,0.014557884,0.015569871,0.012736583,0.015569782,0.011832836,0.023287179,0.001597411,0.00572189,0.011437611,0.001719647,0.01238023
2017/4/1,0.005921395,0.014440865,0.014993081,0.012696311,0.015322911,0.011686184,0.00504161,0.001546339,0.010723342,0.010517054,0.006320225,0.010893772
2017/5/1,0.004823104,0.014533068,0.014729616,0.012708522,0.016283746,0.011333138,0.002569133,0.001411453,0.008952631,0.01022006,0.015558454,0.01351757
2017/6/1,0.004712954,0.014931929,0.01519224,0.012728426,0.016404844,0.011143467,0.008471256,0.00129074,0.005882573,0.01008672,0.007767567,0.012057437
2017/7/1,0.00314216,0.01441696,0.015476738,0.01282335,0.015983026,0.011331401,0.005803256,0.001461232,0.006184476,0.010200748,0.006651261,0.008940392
2017/8/1,0.008530717,0.015928392,0.016961008,0.01290925,0.016539967,0.011354472,0.005261584,0.001562042,0.011416406,0.010240401,0.016522089,0.01322841
2017/9/1,0.008246445,0.01572206,0.016950916,0.012917888,0.016036469,0.011446735,0.009373131,0.001664251,0.01508978,0.010296016,0.006931758,0.010916828
2017/10/1,0.008014831,0.015495799,0.016597375,0.012820316,0.015472482,0.011592793,0.014141259,0.001657554,0.01071081,0.010219738,0.013819167,0.011647683
2017/11/1,0.007440701,0.015302234,0.01620539,0.012812725,0.015333644,0.011578074,0.01598965,0.001703442,0.001663655,0.010338155,0.006521959,0.013314498
2017/12/1,0.006522602,0.015245525,0.015680695,0.012721387,0.01531354,0.011083642,0.009173671,0.001549251,0.00895268,0.010118415,0.009509616,0.010654793
2018/1/1,0.005768901,0.015042808,0.015829746,0.012661858,0.0150634,0.011110828,0.007594448,0.001522664,0.002403083,0.010046531,0.010728375,0.010190743
2018/2/1,0.005199794,0.014757102,0.015893979,0.012702669,0.015247062,0.011249394,0.012135609,0.001655116,0.010760911,0.010123265,0.013960775,0.009097361
2018/3/1,0.004035857,0.014985401,0.014991633,0.012622565,0.015535795,0.01013532,0.016438517,0.00139689,0.000528419,0.00967027,0.020716022,0.011544522
2018/4/1,0.002939545,0.014998579,0.015496267,0.012593891,0.015555287,0.010413304,0.025352217,0.001310143,0.007994548,0.010313386,-0.003859275,0.01108894
2018/5/1,0.002130355,0.01503012,0.015471761,0.012440137,0.016289106,0.010298839,-0.009209854,0.00115334,0.002307465,0.009636318,0.011658494,0.012306614
2018/6/1,0.005312354,0.015762975,0.016898127,0.012381792,0.015979269,0.010263357,0.004150136,0.001156782,0.004053382,0.009613617,0.010050505,0.011405286
2018/7/1,0.00608449,0.016352666,0.016599371,0.012015582,0.016030646,0.009506192,0.003746506,0.000808888,0.00234173,0.009224506,0.001911834,0.008761223
2018/8/1,0.006037641,0.016363626,0.017710093,0.012008969,0.016335203,0.009595353,0.00524774,0.000836707,0.006244576,0.009220465,0.019976197,0.010772562
2018/9/1,0.005706028,0.016352841,0.017187971,0.01157659,0.015742957,0.009180789,0.010951225,0.0005737,0.005667197,0.00895855,0.005357401,0.009802787
2018/10/1,0.00572111,0.01618512,0.017963368,0.011610744,0.015397661,0.009494846,0.016985382,0.000650845,0.000463129,0.00904903,0.009590533,0.009824863
2018/11/1,0.004871492,0.016249105,0.016751409,0.011013378,0.014952866,0.008326128,0.016411755,0.000309184,0.005126007,0.008629143,0.008131929,0.010851565
2018/12/1,0.004252763,0.015918127,0.017718985,0.01091671,0.014410536,0.008897973,0.009056342,0.000303463,0.017024101,0.008645731,0.007917713,0.009013423
2019/1/1,0.003548724,0.015778657,0.016935488,0.010500386,0.013636106,0.008794765,0.001582959,0.000136319,0.005202624,0.008510583,0.006557,0.009118475
2019/2/1,0.00322781,0.01552883,0.017429451,0.010625312,0.01397521,0.008949942,0.006068653,0.000237393,0.011094945,0.008927574,0.014102233,0.007345668
2019/3/1,0.003770536,0.015272243,0.018267096,0.011599088,0.014871086,0.009165446,0.013805073,0.000841963,0.015566959,0.006962371,0.014209309,0.010234636
2019/4/1,0.003769555,0.014913056,0.016766518,0.011793455,0.0145565,0.009226181,0.021237861,0.001089412,0.040680628,0.008146854,-0.007394446,0.009359823
2019/5/1,0.005301476,0.014955515,0.015850695,0.011558043,0.014793647,0.009574806,0.001017215,0.001029449,0.032069317,0.008780289,0.021069137,0.010913014
2019/6/1,0.006108051,0.015059885,0.015487945,0.011162674,0.014712131,0.008771863,0.007902792,0.000789441,0.01404368,0.008452654,0.004642763,0.009729553
2019/7/1,0.010463257,0.015564803,0.017141678,0.011127333,0.014580998,0.009491222,0.006538185,0.00090557,0.009449821,0.008776508,0.001236571,0.008693242
2019/8/1,0.00961127,0.015412118,0.016595108,0.011079004,0.01492728,0.009476431,0.005051802,0.000886952,0.008743859,0.008812503,0.023882533,0.010226104
2019/9/1,0.009243778,0.015310651,0.016515651,0.010974071,0.01460401,0.009358564,0.012235706,0.000834273,0.009122246,0.008830564,0.002040794,0.009245796
2019/10/1,0.008522451,0.015109754,0.016437606,0.010939937,0.014354863,0.009421499,0.016554942,0.000846592,0.011739109,0.008947195,0.010171631,0.00920555
2019/11/1,0.00808524,0.014919861,0.016247746,0.010908212,0.014257988,0.009485946,0.01940774,0.000873458,0.002550613,0.0085143,0.008625002,0.010234558
2019/12/1,0.007747009,0.014838576,0.015880556,0.010767277,0.013976529,0.009316034,0.019149497,0.000796252,0.005041992,0.008749043,0.007529226,0.009100918
