,"MA(1, 9)","MA(1, 12)","MA(2, 9)","MA(2, 12)","MA(3, 9)","MA(3, 12)",MOM9,MOM12,"VOL(1, 9)","VOL(1, 12)","VOL(2, 9)","VOL(2, 12)","VOL(3, 9)","VOL(3, 12)"
2002-01-01,0.01859586956521741,0.029871428571428597,0.01709642307692309,0.02586168181818183,0.023994500000000012,0.028370190476190497,0.01777216901408452,0.053140684210526326,0.004679909090909093,0.015994777777777795,0.008556416666666667,0.022853863636363644,0.03988287500000001,0.027688166666666684
2002-02-01,0.013558124999999997,0.02386318181818181,0.012673962962962963,0.020288999999999995,0.018502999999999995,0.022430181818181814,0.016104361111111104,0.04536815000000002,2.817391304347789e-05,0.009768210526315789,0.004121759999999995,0.01741195652173912,0.03419516,0.020846157894736837
2002-03-01,0.014006120000000009,0.023902086956521736,0.01310553571428571,0.020475208333333335,0.018763625000000003,0.02253139130434782,0.01622290410958905,0.04438671428571428,0.0010585833333333393,0.010517700000000005,0.0049154615384615396,0.01771804166666667,0.03383219230769233,0.021041750000000005
2002-04-01,0.01573338461538462,0.025360958333333357,0.01468517241379311,0.02201280000000002,0.02036968000000002,0.024047375000000024,0.016799824324324336,0.045047090909090926,0.023650326530612248,0.012822333333333342,0.006915444444444454,0.019365920000000012,0.03476118518518521,0.022845238095238102
2002-05-01,0.01737747916666667,0.02597692,0.015554333333333337,0.022733846153846153,0.021153923076923077,0.024715879999999992,0.017119293333333327,0.044860695652173904,0.023992520000000003,0.018375811320754713,0.022478085106382988,0.015490591836734692,0.006481595744680831,0.02365954545454546
2002-06-01,0.01666029629629629,0.02160007692307692,0.012219645161290319,0.018639222222222217,0.01711781481481481,0.02038753846153846,0.0157385,0.03933229166666667,0.021800098039215683,0.016409203703703693,0.020180187500000002,0.01342436,0.004516958333333328,0.014404471698113198
2002-07-01,0.015230571428571428,0.012690479999999995,0.01816259999999999,0.02301028571428571,0.014978469387755097,0.02485574074074074,0.017365649350649347,0.04340015999999999,0.024092961538461542,0.018675018181818177,0.022646489795918365,0.015926411764705883,0.007302918367346929,0.01674937037037037
2002-08-01,0.014024020000000009,0.01155739215686273,0.01678739130434782,0.014140142857142851,0.013776960000000008,0.022357428571428577,0.016564846153846156,0.03999642307692307,0.02278749056603773,0.017536232142857138,0.02129162000000001,0.014752884615384616,0.006254919999999997,0.015624890909090906
2002-09-01,0.013902254901960787,0.011485403846153843,0.01659646808510638,0.014013620000000011,0.013660039215686273,0.01332100000000001,0.01645407594936709,0.038804481481481475,0.022510203703703692,0.01736566666666666,0.021027352941176476,0.014621962264150948,0.006285490196078422,0.015485410714285712
2002-10-01,0.021102035714285712,0.026023370370370363,0.015102666666666667,0.01265833333333333,0.012337615384615391,0.011979294117647055,0.015559574999999999,0.0354505357142857,0.021098999999999996,0.0161161551724138,0.01956325,0.0133307037037037,0.005104884615384622,0.014246964912280693
2002-11-01,0.018568551724137933,0.02322364285714286,0.0162449375,0.02066175862068965,0.02154321428571429,0.021855931034482756,0.014720950617283951,0.032422275862068965,0.01978707142857143,0.014955389830508484,0.018206037735849057,0.012136163636363639,0.004020471698113218,0.013098413793103447
2002-12-01,0.01599483333333333,0.02040065517241379,0.01397560606060606,0.018018266666666664,0.0187781724137931,0.019172633333333335,0.013826268292682924,0.004849057692307692,0.003372840000000009,0.014092227272727272,0.00812417857142857,0.010872250000000005,0.002860037037037036,0.01188245762711864
2003-01-01,0.013728032258064515,0.01791143333333333,0.011968205882352945,0.015686193548387097,0.01634303333333333,0.01680332258064516,0.013005759036144579,0.003733490566037733,0.001155576923076924,0.011119695652173908,0.005972448275862069,0.020188769230769225,0.03497542857142857,0.0188125652173913
2003-02-01,0.016363281250000007,0.020496741935483884,0.01442785714285715,0.018260250000000006,0.018978935483870977,0.01934246875000001,0.014018261904761908,0.02938676666666666,0.004744481481481486,0.014742041666666672,0.009041899999999995,0.023072740740740755,0.03715062068965518,0.022114375000000006
2003-03-01,0.016085030303030306,0.020080625000000005,0.014226555555555563,0.01792451515151515,0.018610250000000005,0.018973939393939394,0.013937823529411768,0.028670451612903235,0.004831500000000005,0.013728750000000005,0.008981870967741938,0.022505178571428575,0.03615163333333335,0.02151704
2003-04-01,0.01536323529411766,0.019215878787878803,0.013613513513513524,0.017148617647058835,0.01779006060606062,0.01816717647058825,0.013677430232558147,0.02751025,0.004373310344827582,0.014439600000000009,0.008436937500000009,0.021437551724137936,0.034712677419354854,0.02036423076923078
2003-05-01,0.014798314285714284,0.018521029411764707,0.013139236842105257,0.016532685714285712,0.017137147058823528,0.017522142857142858,0.013469540229885058,0.02654299999999999,0.0040805666666666645,0.013714653846153849,0.00804766666666666,0.020575999999999997,0.033490124999999996,0.019446703703703692
2003-06-01,0.012575173076923078,0.01915865714285715,0.013725693877551019,0.017207833333333342,0.011116735849056609,0.018169805555555564,0.013780545454545453,0.0269634411764706,0.005266290322580648,0.014719222222222224,0.009012088235294117,0.021229612903225805,0.03371278787878788,0.020210678571428574
2003-07-01,0.015521638888888894,0.016878583333333336,0.012192699999999997,0.015042108108108111,0.009745611111111115,0.01597808108108108,0.01291869662921348,0.024395228571428562,0.00313534375,0.011946249999999999,0.006956771428571436,0.018599812499999993,0.030870529411764696,0.017343965517241374
2003-08-01,0.01476554054054054,0.016085810810810806,0.013849461538461547,0.014318526315789474,0.00934198181818182,0.015229868421052634,0.012636777777777778,0.023371638888888893,0.002662939393939392,0.011104862068965524,0.006417583333333335,0.017658787878787885,0.029632685714285713,0.016350699999999996
2003-09-01,0.013449026315789479,0.014734552631578945,0.012621675,0.013047230769230768,0.017814314285714287,0.013935205128205124,0.012110417582417583,0.02178694594594595,0.0015474999999999977,0.009559299999999996,0.0052911081081081016,0.01610229411764706,0.02783005555555556,0.014685774193548384
2003-10-01,0.011965282051282056,0.013217846153846156,0.011230487804878056,0.011610625000000008,0.016085666666666668,0.012476400000000009,0.011495989130434783,0.005480203703703702,0.00023422857142857152,0.007818129032258066,0.003983000000000003,0.014373171428571429,0.025877432432432425,0.0128388125
2003-11-01,0.0110582,0.012279449999999997,0.010384095238095241,0.010734317073170728,0.014993675675675675,0.011578975609756095,0.011110892473118281,0.02004473684210526,-0.0004477777777777848,0.006813874999999999,0.003257333333333337,0.013298416666666663,0.024556499999999995,0.011712848484848486
2003-12-01,0.01137868292682927,0.012570146341463417,0.010705348837209304,0.011054880952380955,0.01523589473684211,0.011879428571428576,0.011250117021276599,0.02015123076923076,0.00021832432432433236,0.0073406666666666716,0.003780849999999998,0.013593000000000004,0.024547307692307705,0.01208005882352941
2004-01-01,0.012430547619047617,0.013593642857142856,0.011724704545454547,0.012089813953488375,0.016269769230769233,0.012895186046511627,0.011716505263157893,0.021036375000000003,0.018411105263157895,0.01336506557377049,0.016782907407407406,0.014697315789473682,0.025322549999999992,0.013322257142857138
2004-02-01,0.011150660377358493,0.010228962264150949,0.011709431372549022,0.01322890909090909,0.017418274999999997,0.01401597727272727,0.012242479166666669,0.02204060975609756,0.019166258620689658,0.014152887096774194,0.017608854545454546,0.009729298245614037,0.0018211999999999985,0.010779816666666666
2004-03-01,0.012116185185185183,0.011211555555555556,0.012701346153846169,0.011407807692307703,0.008545482142857141,0.010741826923076934,0.012768731958762889,0.02302271428571428,0.019914101694915254,0.014932825396825396,0.018424571428571436,0.010652741379310354,0.0029188392857143024,0.011640622950819673
2004-04-01,0.012553218181818178,0.01166503636363636,0.013143830188679245,0.011874698113207545,0.009029824561403516,0.011221283018867923,0.013007346938775512,0.023328069767441856,0.020184750000000008,0.015264390624999994,0.01873559649122808,0.011084949152542375,0.00350189473684211,0.01203598387096774
2004-05-01,0.01064205357142857,0.009769732142857143,0.011150944444444444,0.009905314814814818,0.007245310344827581,0.009264000000000003,0.01192169696969697,0.020650795454545456,0.01830513114754098,0.013576138461538462,0.01678374137931034,0.009325666666666666,0.0018126896551724017,0.01034538095238095
2004-06-01,0.013588209302325582,0.014724255813953488,0.01049807272727273,0.009275090909090913,0.0067028983050847445,0.00864543636363637,0.011554910000000002,0.01964173333333333,0.01761058064516128,0.012995333333333334,0.016079661016949152,0.008766934426229517,0.0013623559322033865,0.009796906250000001
2004-07-01,0.010929068181818184,0.012039295454545452,0.0128466,0.014341355555555555,0.01853707317073172,0.015110933333333333,0.010416603960396046,0.004938418181818184,0.015689555555555564,0.011257880597014932,0.014088100000000006,0.0069575645161290365,-0.0003839166666666678,0.0080552
2004-08-01,0.01046548888888889,0.011551044444444443,0.012351413043478258,0.013813673913043473,0.017859238095238098,0.01456652173913043,0.010217107843137258,0.004672875,0.0016746052631578935,0.010946264705882355,0.013694327868852454,0.006689476190476183,-0.0005404426229508319,0.007782666666666665
2004-09-01,0.009387195652173918,0.010449152173913049,0.011255936170212769,0.012687085106382981,0.016533767441860466,0.013423914893617023,0.009737951456310682,0.0039042982456140365,0.0006281794871794873,0.008758794117647056,0.005043682926829268,0.015915589743589746,0.02622224390243902,0.007082388059701492
2004-10-01,0.010186829787234045,0.011226191489361707,0.011999979166666674,0.013401312500000009,0.017225499999999998,0.014122791666666669,0.010095951923076928,0.004646810344827586,0.0017867250000000042,0.010220434782608697,0.006041928571428572,0.016691949999999997,0.026716238095238095,0.014680249999999995
2004-11-01,0.008795395833333334,0.009813104166666666,0.010599938775510208,0.011972673469387761,0.015584888888888898,0.012679428571428576,0.009460733333333336,0.016966608695652176,0.00036260975609755854,0.009850542857142864,0.004585093023255816,0.014904292682926827,0.024778604651162803,0.012753702702702702
2004-12-01,0.008924857142857142,0.009921795918367345,0.010690720000000004,0.012036000000000002,0.015575195652173916,0.012728620000000003,0.009514301886792453,0.016927723404255326,0.0007144285714285764,0.009997444444444444,0.004824954545454549,0.014909880952380952,0.024559522727272725,0.012816473684210522
2005-01-01,0.007485159999999996,0.008462159999999996,0.00924462745098039,0.010563529411764703,0.013902106382978714,0.011242568627450976,0.008836037383177568,0.015261312500000002,-0.0007686976744186013,0.008022918918918917,0.0033164000000000023,0.013096627906976736,0.022612422222222213,0.010870923076923073
2005-02-01,0.006113509803921567,0.007071352941176468,0.00786551923076923,0.009159057692307694,0.012311041666666668,0.009825038461538463,0.008175805555555556,0.013674979591836743,-0.0021709772727272762,0.006167868421052627,0.0018862826086956611,0.011379227272727273,0.020762826086956516,0.009037425000000002
2005-03-01,0.007810865384615387,0.008750288461538462,0.009497792452830188,0.010766924528301886,0.01398583673469388,0.011420339622641508,0.008966633027522935,0.015289,0.01528921875,0.008429615384615386,0.0038541489361702146,0.013223599999999992,0.022329063829787228,0.011118853658536583
2005-04-01,0.005799094339622645,0.006720792452830194,0.007492037037037041,0.008737666666666671,0.011729860000000005,0.009378981481481486,0.007986818181818185,0.013051705882352941,-2.54888888888841e-05,0.005748550000000002,0.0017152500000000028,0.010788021739130436,0.019805270833333336,0.00850142857142857
2005-05-01,0.005163481481481485,0.006068111111111113,0.006837200000000002,0.008060181818181819,0.010940568627450981,0.008689836363636369,0.007657891891891894,0.012252173076923077,-0.0006450217391304356,0.0049126341463414675,0.0010981224489796,0.009951595744680856,0.01881895918367347,0.007640372093023256
2005-06-01,0.0035993454545454593,0.004487527272727275,0.005271107142857148,0.006472250000000006,0.009175096153846159,0.00709066071428572,0.0068675178571428585,0.010495264150943392,-0.0023518085106382968,0.0028703333333333354,-0.0005411200000000017,0.008059604166666665,0.0168253,0.005628909090909093
2005-07-01,0.003882964285714288,0.004755285714285715,0.005520421052631578,0.006700491228070175,0.009369566037735852,0.007308052631578948,0.006979150442477875,0.01066168518518518,-0.0018969374999999932,0.003256651162790701,-0.00014850980392156973,0.008292714285714289,0.016877392156862743,0.005936755555555555
2005-08-01,0.0037441754385964905,0.0046011929824561395,0.00535579310344828,0.006515517241379314,0.009121462962962963,0.007112603448275866,0.006882596491228071,0.010394600000000006,0.013533800000000002,0.009265828571428571,0.012842225806451616,0.008046300000000001,0.016475365384615387,0.0057201304347826104
2005-09-01,0.010021017543859652,0.006008482758620688,0.006726440677966104,0.007866508474576272,0.010523327272727274,0.00845347457627119,0.007572521739130436,0.011748696428571428,0.014635166666666664,0.010349746478873243,0.014007015873015874,0.005973453125000002,-0.0011629516129032236,0.007668970588235297
2005-10-01,0.00979972413793104,0.005858949152542373,0.00846392857142857,0.007688500000000004,0.010285160714285719,0.008265683333333336,0.007482982758620693,0.011493210526315792,0.014374731343283584,0.010166916666666668,0.013744187500000005,0.005838261538461543,-0.0011891587301587243,0.0075170434782608694
2005-11-01,0.005166241379310349,0.004850050000000001,0.006567433333333334,0.0066661475409836085,0.004867616666666665,0.007233868852459018,0.006951717948717951,0.010352379310344825,-0.001940428571428567,0.0030910909090909123,0.012691584615384617,0.004921393939393938,-0.0020248750000000024,0.006628585714285715
2005-12-01,0.005116288135593219,0.0048069180327868916,0.00649614754098361,0.00659441935483871,0.004824196721311475,0.007152983870967743,0.006911610169491529,0.010214525423728818,-0.0018572399999999987,0.0030717111111111086,-0.0002231153846153789,0.00957919607843137,-0.001959584615384615,0.006566478873239436
2006-01-01,0.008706932203389833,0.009164000000000002,0.007356228070175443,0.00740344444444445,0.005674822580645162,0.007953142857142862,0.0073372521008403385,0.01100366666666667,0.013359294117647063,0.009278671232876717,0.0008671886792452782,0.010501961538461542,0.017791377358490568,0.007432978723404258
2006-02-01,0.010048783333333334,0.010544241379310345,0.008767637931034484,0.007262785714285726,0.007000904761904773,0.006644375000000011,0.008019591666666675,0.012285868852459018,0.014458695652173906,0.010358932432432433,0.012532909090909095,0.004881059701492546,-0.0010577272727272588,0.007274763888888893
2006-03-01,0.010492114754098362,0.010994203389830504,0.00924771186440678,0.007786105263157893,0.0074710781249999955,0.0071785438596491235,0.00825985950413223,0.003608694915254238,0.014782028571428577,0.01071537333333333,0.012899462686567163,0.00535475,-0.0004883283582089656,0.007683219178082193
2006-04-01,0.010422419354838716,0.010913816666666661,0.00919643333333333,0.007758258620689649,0.007451076923076917,0.0071611724137930965,0.008242737704918032,0.0036514000000000026,0.014660746478873235,0.010655578947368419,0.012800514705882357,0.005366579710144927,-0.0003903970588235335,0.007662783783783786
2006-05-01,0.01217709523809524,0.012717967213114753,0.011028737704918032,0.00967705084745763,0.00917101515151516,0.009090084745762714,0.009159195121951222,0.005574606557377047,0.016137222222222223,0.012088194805194812,0.014368144927536233,0.007018014285714294,0.001368405797101454,0.009173506666666675
2006-06-01,0.014832203124999999,0.015449999999999995,0.013788016129032254,0.012550833333333334,0.011752104477611942,0.011973649999999999,0.010553911290322583,0.008421854838709676,0.0184107397260274,0.014267884615384613,0.016764371428571435,0.009484014084507046,0.003950342857142864,0.011448907894736841
2006-07-01,0.01512296923076923,0.015740190476190474,0.0141045873015873,0.012898065573770498,0.012075338235294126,0.012330344262295087,0.010739336000000004,0.008823603174603172,0.018617783783783787,0.014514265822784814,0.017003352112676052,0.009820791666666672,0.004369802816901417,0.011738298701298704
2006-08-01,0.013969681818181815,0.014541218750000001,0.012931171875000003,0.011706258064516119,0.011016362318840574,0.011147693548387086,0.010170023809523811,0.007732703124999997,0.01755629333333334,0.013570412499999997,0.01592005555555556,0.008850726027397263,0.003461972222222224,0.01080583333333334
2006-09-01,0.014159014925373133,0.014727584615384617,0.0131423076923077,0.011943539682539686,0.011239771428571433,0.011393841269841271,0.010299826771653548,0.008023815384615388,0.017676013157894743,0.013731950617283958,0.016067109589041093,0.009091324324324329,0.0037796849315068545,0.011006455696202538
2006-10-01,0.014718676470588233,0.015295590909090911,0.013734333333333335,0.012572796874999997,0.011816901408450702,0.012031687499999996,0.010627296874999997,0.00869339393939394,0.018124584415584424,0.01420126829268293,0.01655560810810811,0.009666319999999996,0.004434229729729728,0.011521575000000001
2006-11-01,0.01497173913043478,0.015547597014925368,0.014009641791044771,0.01287444615384616,0.012099722222222224,0.012341661538461543,0.010794372093023254,0.009043940298507462,0.018304782051282054,0.014417879518072297,0.01676393333333333,0.009962552631578945,0.004804173333333335,0.011776617283950618
2006-12-01,0.016690028571428567,0.017307955882352934,0.015792617647058818,0.014728651515151512,0.013786739726027394,0.014203939393939394,0.01175173846153846,0.010899941176470586,0.019785126582278482,0.01585638095238094,0.01832298684210526,0.011589688311688304,0.006520592105263151,0.013282414634146342
2007-01-01,0.019801718309859155,0.020500884057971017,0.019007507246376815,0.0180553880597015,0.01681151351351352,0.01753850746268657,0.01347592366412214,0.014185739130434786,0.022508062499999988,0.01846536470588235,0.021171000000000002,0.014487512820512825,0.009521883116883121,0.015985277108433744
2007-02-01,0.020739722222222222,0.021455700000000008,0.019983657142857148,0.01907425,0.01775186666666667,0.018564970588235294,0.01403548484848485,0.015230771428571427,0.023308432098765437,0.019266209302325588,0.022019294871794874,0.015409670886075944,0.010519525641025639,0.016834714285714286
2007-03-01,0.021171273972602753,0.021889323943661977,0.02043801408450705,0.019554956521739133,0.01820569736842105,0.019053057971014496,0.014322759398496246,0.01575207042253521,0.023661292682926827,0.019645252873563227,0.022401873417721523,0.015870087500000008,0.011047670886075962,0.017251282352941183
2007-04-01,0.022395472972972973,0.02313755555555555,0.021706402777777772,0.0208722,0.019420714285714284,0.02037747142857143,0.015049917910447758,0.017085541666666666,0.024722746987951804,0.020692034090909087,0.023518874999999995,0.017053938271604934,0.012306599999999997,0.018350244186046513
2007-05-01,0.02500086666666667,0.025804164383561652,0.024392616438356163,0.023645830985915474,0.021964038461538465,0.0231580704225352,0.016551770370370374,0.019835054794520548,0.02702128571428572,0.02290673033707865,0.025917407407407403,0.019502060975609758,0.01484355555555556,0.020642770114942532
2007-06-01,0.02570278947368422,0.0265142027027027,0.025121729729729727,0.024405569444444445,0.02267774683544305,0.023924583333333332,0.01700614705882353,0.020625756756756757,0.02762511764705882,0.023522733333333334,0.026556792682926822,0.02021103614457832,0.01561798780487805,0.021298499999999998
2007-07-01,0.024413051948051948,0.025179253333333346,0.023805346666666675,0.02306293150684932,0.021474187499999995,0.022588534246575347,0.01634473722627737,0.019369319999999995,0.026447999999999996,0.022455373626373617,0.025350000000000004,0.019094154761904757,0.014542987951807224,0.020232146067415732
2007-08-01,0.02634206410256411,0.027148947368421064,0.02579311842105264,0.025114459459459476,0.023368037037037034,0.024646472972972976,0.017493514492753617,0.021415460526315794,0.028154068965517243,0.024112119565217395,0.02713007142857143,0.020926882352941184,0.016451714285714288,0.021950411111111102
2007-09-01,0.028078645569620253,0.028920155844155842,0.02758193506493507,0.026960026666666664,0.025077353658536573,0.026498279999999996,0.01854415107913669,0.02326112987012987,0.02969245454545455,0.025611258064516126,0.028734799999999994,0.022585081395348844,0.01818207058823529,0.023506252747252744
2007-10-01,0.028469087499999993,0.029309820512820522,0.02798875641025642,0.027385736842105258,0.02548984337349399,0.026930065789473677,0.018835364285714286,0.023723346153846168,0.0300252808988764,0.025969797872340432,0.029090372093023245,0.023007252873563224,0.018660348837209295,0.023895467391304354
2007-11-01,0.028689567901234555,0.02952524050632912,0.02822089873417722,0.027631740259740266,0.02573791666666666,0.02718198701298702,0.019030347517730493,0.024009481012658224,0.03020642222222222,0.02618409473684211,0.029288505747126443,0.023272261363636373,0.018978367816091947,0.02413667741935484
2007-12-01,0.026410451219512198,0.027178699999999993,0.025890662499999995,0.025249307692307703,0.02357396470588235,0.02480532051282052,0.017782260563380285,0.02173188749999999,0.028136043956043952,0.024263447916666667,0.027157977272727275,0.02123326966292135,0.016964999999999994,0.022196946808510643
2008-01-01,0.027208361445783126,0.027986827160493825,0.026714691358024685,0.02610231645569619,0.024377023255813954,0.025663949367088598,0.01830572027972028,0.022607259259259254,0.02883714130434781,0.024968329896907206,0.027893696629213476,0.022026644444444445,0.017815247191011227,0.02293842105263158
2008-02-01,0.005990399999999995,0.025707560975609764,0.024450939024390245,0.023789624999999995,0.022270241379310343,0.023356737499999995,0.017075034722222215,0.0203935975609756,0.02681832258064516,0.023091989795918377,0.025818066666666667,0.020038296703296696,0.015851599999999993,0.02104413541666666
2008-03-01,0.02499263095238096,0.02539153012048193,0.0073198064516129,0.023489469135802465,0.022011227272727266,0.023061925925925923,0.016953668965517248,0.020141590361445784,0.026527457446808504,0.02285345454545454,0.025528604395604393,0.019814804347826086,0.015671659340659342,0.020821793814433002
2008-04-01,0.005883622950819667,0.005657822580645162,0.003920825396825397,0.008681796875000007,0.00914550877192983,0.009222906250000006,0.015421,0.01743971428571428,-0.0006921372549019561,0.020556759999999997,0.023003119565217396,0.017377913978494624,0.013253315217391311,0.01849895918367346
2008-05-01,0.006568354838709681,0.006335269841269846,0.0046148281250000004,0.009291876923076927,0.009821224137931042,0.009824661538461541,0.015644918367346942,0.017803211764705888,0.0240712105263158,0.020831811881188125,0.023275526881720427,0.017707265957446806,0.013630559139784946,0.018800353535353538
2008-06-01,0.005354079365079367,0.005143609374999997,0.0034679692307692314,0.008091530303030307,0.008469491525423737,0.008616242424242427,0.015066702702702703,0.01678304651162791,0.02309202083333334,0.019941980392156857,0.02228396808510638,0.016784757894736844,0.012741606382978728,0.017913039999999998
2008-07-01,0.0019662031249999975,0.001811092307692308,0.00021133333333333182,0.004814492537313432,0.004803833333333336,0.005331373134328358,0.013546322147651014,0.012685967741935485,0.00025073076923077045,0.004256304347826087,0.019823400000000015,0.014407104166666667,0.01038148421052633,0.01564192079207921
2008-08-01,0.002220876923076925,0.0020642575757575743,0.00048459701492537975,0.005016044117647065,0.00502868852459017,0.00552532352941177,0.013579480000000005,0.012778571428571443,0.020673855670103082,0.017695262135922325,0.019809822916666667,0.01444950515463918,0.010466260416666685,0.015670137254901965
2008-09-01,-0.0001707878787878831,-0.0002893731343283641,-0.0018111911764705944,0.0026878550724637735,0.0024374354838709628,0.0031897536231884115,0.0124588940397351,0.010147203125000004,0.0005954339622641506,0.004559787234042554,0.018001175257731972,0.012714010204081635,0.019114092592592603,0.01400703883495146
2008-10-01,-0.0009114328358208862,-0.0010173823529411768,-0.002506594202898544,0.0019381142857142861,0.0016083650793650818,0.0024328428571428577,0.012049335526315793,0.009225030769230771,-0.0003377037037037081,0.0034274166666666637,0.0025033148148148193,0.011987169811320758,0.01786121818181818,0.009136833333333332
2008-11-01,-0.004633588235294123,-0.004684057971014488,-0.006099614285714277,-0.0016669014084506955,-0.002385796875000002,-0.0011791408450704146,0.010310333333333333,0.005236499999999998,-0.004950072727272732,-0.0018265714285714343,-0.002160709090909093,0.007061148148148148,0.013006232142857144,0.003766326530612241
2008-12-01,-0.0032070724637681173,-0.003277199999999993,-0.004692633802816891,-0.0003410277777777758,-0.0009060769230769146,0.00013995833333333351,0.010852448051948052,0.006558283582089554,-0.0031867499999999977,8.587999999999825e-05,-0.0004471964285714244,0.008638145454545457,0.014423596491228074,0.0055669199999999995
2009-01-01,-0.0034320571428571554,-0.0034980281690140907,-0.00489073611111111,-0.0005960273972602688,-0.0011795606060605978,-0.00012163013698629683,0.010660135483870965,0.006183073529411762,0.018874846938775506,0.016028682692307693,-0.0007719122807017488,0.008145392857142851,0.013848086206896548,0.005086078431372546
2009-02-01,-0.002046901408450704,-0.002131194444444438,-0.0035235479452054813,0.0006946486486486484,0.0002546716417910472,0.0011626351351351353,0.011200224358974362,0.007469028985507247,0.019642919191919204,0.016779971428571423,0.01730938775510204,0.012082616161616166,0.0087539381443299,0.013393567307692311
2009-03-01,0.022265470588235303,-0.0013893835616438307,-0.00277294594594595,0.001378999999999997,0.001015941176470591,0.0018407466666666636,0.011460229299363054,0.008105485714285716,0.019966700000000004,0.017112433962264154,0.017660010101010096,0.012482,0.009195438775510194,0.013761447619047615
2009-04-01,0.023742848837209306,0.02262715476190478,0.02415004819277108,0.0033255921052631606,0.019440134831460676,0.0037812631578947407,0.012332759493670886,0.010094422535211263,0.02124742574257426,0.018348018691588783,0.018976609999999998,0.013836831683168316,0.010610838383838379,0.015040301886792454
2009-05-01,0.02400219540229884,0.022905729411764705,0.024413809523809525,0.020680865853658532,0.019738644444444443,0.020258536585365847,0.012546427672955975,0.010597361111111108,0.021493098039215692,0.01860688888888889,0.019247198019801973,0.014155156862745096,0.010967789999999996,0.015332504672897207
2009-06-01,0.02442714772727272,0.023353313953488372,0.024848917647058814,0.021171433734939762,0.02019643956043956,0.02075419277108434,0.012851749999999999,0.0112932602739726,0.02188052427184467,0.018999467889908257,0.019660441176470585,0.01461382524271845,0.011467099009900986,0.01575903703703703
2009-07-01,0.025548539325842695,0.024512827586206903,0.02600452325581396,0.022398333333333336,0.021327250000000002,0.021986059523809522,0.013543546583850926,0.012819445945945944,0.022864663461538468,0.01995611818181818,0.02067568932038835,0.015667836538461544,0.012572627450980384,0.01675419266055045
2009-08-01,0.026985477777777787,0.025994193181818184,0.027485770114942534,0.023956858823529412,0.02276322580645161,0.02354943529411765,0.014415950617283953,0.014159448275862067,0.0241218857142857,0.021171585585585594,0.021966048076923067,0.01699359999999999,0.01395418446601943,0.018009818181818175
2009-09-01,0.02432921978021977,0.023289382022471907,0.024733272727272736,0.021181383720930244,0.02023665957446808,0.020778697674418617,0.013010122699386508,0.011558386363636366,0.021868528301886805,0.019065285714285708,0.0197117619047619,0.014807490566037747,0.011755259615384619,0.015913027027027037
2009-10-01,0.02454,0.023516399999999993,0.024946617977528084,0.021440459770114943,0.020483863157894733,0.02104240229885057,0.013197384146341463,0.011919764044943815,0.0220727570093458,0.019283477876106195,0.019938264150943394,0.015077710280373833,0.01205969523809523,0.016161312500000004
2009-11-01,0.02517427956989248,0.024175868131868134,0.025597522222222217,0.02214600000000001,0.02114057291666667,0.02175246590909092,0.013623630303030307,0.01271541111111112,0.02264178703703704,0.019847026315789478,0.020532560747663547,0.015711509259259265,0.012733924528301882,0.016757477876106194
2009-12-01,0.025722457446808514,0.024746815217391298,0.026159120879120888,0.022759,0.021713381443298964,0.02236988764044944,0.014003626506024101,0.013418571428571436,0.02313776146788991,0.020341426086956525,0.02105265740740741,0.01627106422018349,0.013331766355140193,0.01728331578947369
2010-01-01,0.025681568421052618,0.02471553763440862,0.026112152173913047,0.02274876666666667,0.021714653061224495,0.022363977777777783,0.014050538922155683,0.013510086956521731,0.02312594545454546,0.020354327586206894,0.021059862385321097,0.01632167272727273,0.013410527777777782,0.017322921739130435
2010-02-01,0.02452892708333333,0.023548648936170216,0.024917698924731183,0.021565021978021987,0.020637010101010107,0.021184461538461548,0.013461119047619052,0.012451139784946243,-0.0034634035087719294,0.019454102564102564,0.020095936363636362,0.015409117117117123,0.01250793577981652,0.01644106896551724
2010-03-01,0.024535793814432993,0.023565978947368425,0.02492064893617021,0.02160447826086956,0.02068259,0.02122805434782608,0.013530550295857988,0.012586712765957448,0.022152090090090094,0.01950275423728814,0.02014187387387388,0.01549649107142857,0.01262327272727273,0.01651588888888888
2010-04-01,0.0244856326530612,0.02352487500000001,0.024864852631578952,0.02158313978494624,0.020672069306930694,0.021210763440860217,0.013566370588235293,0.012660747368421052,0.022129482142857138,0.01950373949579831,0.020137214285714286,0.01553298230088495,0.01268630630630631,0.01654219491525423
2010-05-01,-0.00129595833333333,0.0006472297297297211,0.023786260416666677,0.020516510638297875,0.019698029411764708,0.02014809574468085,0.01302691812865497,0.011709281250000005,0.021237362831858397,0.018685541666666663,0.019262725663716805,0.014706552631578957,0.011870535714285717,0.01574200840336134
2010-06-01,-0.0025213287671232865,-0.0005713733333333283,-0.0007450399999999963,0.003883779220779225,0.0031652753623188415,0.004333532467532473,0.012423575581395351,0.010653020618556702,-0.0029692931034482764,-0.0002874901960784313,0.0008778448275862118,0.013789556521739129,0.010962407079646021,0.01485459166666666
2010-07-01,-0.0035222702702702776,-0.0015716315789473657,-0.0017430131578947345,0.002852051282051283,0.002025900000000001,0.0032960384615384622,0.011909040462427752,0.009762775510204087,-0.004217118644067798,-0.0017548653846153894,-0.0004351864406779717,0.009667649122807018,0.015222084745762716,0.006813538461538462
2010-08-01,-0.0019452933333333256,-6.094805194805286e-05,-0.000230103896103896,0.004268493670886079,0.003613577464788735,0.004706860759493676,0.012500086206896556,0.010823262626262627,-0.0022343166666666603,0.01778113223140496,0.001484583333333339,0.011479431034482759,0.016880899999999997,0.00885009433962264
2010-09-01,-0.001629263157894737,0.00022282051282050658,5.5833333333329016e-05,0.004491049999999998,0.0038699583333333294,0.004923937499999996,0.012554788571428572,0.014713493333333334,0.02025503508771929,0.01781631147540984,0.018297719298245613,0.013010413793103448,0.016966016393442616,0.014098842975206619
2010-10-01,-0.0015244155844155848,0.00030156962025316427,0.00013669620253164928,0.004515160493827165,0.003905219178082195,0.004942703703703707,0.012520068181818184,0.014604684210526318,0.020134939130434792,0.017723853658536574,0.018194643478260872,0.012954290598290601,0.010194394736842114,0.014036098360655738
2010-11-01,0.02344355555555556,0.022471216494845368,0.022605494845360827,0.019345305263157885,0.018625737864077667,0.018980768421052625,0.013119627118644072,0.01595581818181819,0.020984137931034482,0.018537709677419356,0.01906056896551724,0.013849949152542377,0.01113741739130435,0.014886552845528454
2010-12-01,0.02279203,0.021816316326530614,0.021949224489795912,0.018709322916666667,0.018045596153846162,0.018348583333333335,0.012811601123595511,0.015216525641025647,0.02044829914529915,0.018055736000000006,0.01854117094017094,0.013383067226890762,0.01068184482758621,0.01443013709677419
2011-01-01,0.022485554455445547,0.02151350505050505,0.021645070707070706,0.018432298969072166,0.017796000000000003,0.018075278350515464,0.012694430167597769,0.014920594936708855,0.02020583898305085,0.017847658730158734,0.018314872881355936,0.013203525000000004,0.010520786324786329,0.0142494
2011-02-01,0.02198768627450981,0.021015400000000004,0.021145650000000002,0.017955469387755094,0.017361160377358496,0.017602091836734685,0.012466699999999997,0.014380374999999997,-0.0018358360655737612,0.00044335849056604485,0.0018220983606557464,0.012860545454545456,0.0101918220338983,0.013911730158730155
2011-03-01,0.022277669902912637,0.021320752475247534,0.02144971287128714,0.018297898989898996,0.017683542056074766,0.017948090909090914,0.01268432044198895,0.01093576,0.019798252100840328,0.01748431496062992,0.002629096774193553,0.013180180327868848,0.016796306451612907,0.014210503937007872
2011-04-01,0.0220140576923077,0.021061352941176472,0.02118904901960784,0.018063539999999996,0.017472231481481477,0.017717229999999997,0.012586395604395603,0.010776613861386142,0.01959045,0.017307578124999997,0.017923176470588224,0.01303125203252033,0.016448142857142856,0.014059343749999996
2011-05-01,0.02164423809523809,0.02069360194174757,0.020820058252427186,0.017718188118811887,0.017157651376146794,0.01737530693069307,0.012425721311475414,0.010506088235294118,0.01928956198347107,0.017043046511627916,0.01763367500000001,0.01279054032258065,0.010541941176470596,0.013819992248062022
2011-06-01,1.6179487179494482e-05,0.0017808250000000002,0.00161801250000001,0.016906666666666674,0.01641024545454546,0.016567147058823534,0.012004619565217395,0.009772466019417477,-0.0009698387096774216,0.0013954444444444452,0.0025058095238095217,0.012167760000000003,0.009911950000000006,0.01321324615384616
2011-07-01,0.0003263037974683586,0.0020615061728395095,0.0019007037037037072,0.005906951219512192,0.005455716216216214,0.006329280487804877,0.01207224864864865,0.009914230769230772,0.01859819672131148,0.01641150769230769,0.0028497187499999946,0.012265761904761915,0.015928375,0.01329952671755725
2011-08-01,0.00016102499999999707,0.0018790975609756107,0.0017202560975609765,0.005680409638554215,0.005211026666666665,0.006097650602409636,0.011938010752688166,0.009696990476190475,-0.0005653015873015865,0.001815818181818181,0.016950280991735532,0.011658983050847454,0.015484923076923066,0.009094962962962963
2011-09-01,-0.00042819753086419424,0.0012833734939759066,0.001126445783132533,0.005046523809523812,0.004516592105263158,0.005458797619047623,0.01161980748663102,0.014843037037037038,-0.0012996874999999957,0.0009339999999999956,0.0026074769230769223,0.010671900000000005,0.014529606060606064,0.008064763636363641
2011-10-01,-0.0015699146341463367,0.00014846428571428563,-6.595238095238052e-06,0.0038806941176470627,0.003236519480519481,0.004288117647058827,0.011057739361702124,0.01351508536585366,-0.0027265999999999953,-0.0007323684210526265,0.0011429848484848446,0.00895516393442623,0.012909029850746264,0.006241303571428568
2011-11-01,-0.001076518072289153,0.0006100352941176487,0.00045679999999999983,0.004293499999999999,0.0036999230769230807,0.004696186046511626,0.011207603174603181,0.013826734939759036,-0.0020885909090909032,-4.074137931035001e-05,0.0017137164179104555,0.00944591935483871,0.01329833823529412,0.006822719298245612
2011-12-01,-0.0017255714285714266,-4.353488372093803e-05,-0.0001949883720930312,0.0036051034482758606,0.0029493291139240526,0.00400316091954023,0.010855999999999998,0.013000261904761905,-0.0028872238805970193,-0.0009823728813559318,0.0008709117647058885,0.008413492063492064,0.01229985507246377,0.005746517241379311
2012-01-01,-0.002667317647058821,-0.0009829655172413814,-0.0011326781609195412,0.002634886363636368,0.0018902874999999998,0.0030284204545454577,0.010371026178010475,0.011885270588235297,-0.004047323529411765,-0.0023289000000000005,-0.00032684057971014394,0.0070043125,0.010955942857142865,0.004263118644067797
2012-02-01,-0.0023162441860465083,-0.0006590113636363573,-0.0008070227272727226,0.0029145505617977512,0.0022067654320987702,0.0033036629213483134,0.010460369791666667,0.012067127906976744,-0.0035897536231884125,-0.0018394918032786835,7.104285714285398e-05,0.007320015384615386,0.011189309859154936,0.004650816666666671
2012-03-01,-0.001459287356321839,0.00016006741573033434,1.3719101123590115e-05,0.0036848222222222193,0.003060817073170728,0.004069611111111109,0.010780466321243527,0.012758758620689658,0.01834214634146341,0.01618778625954198,0.0010874929577464804,0.008303636363636364,0.01203722222222223,0.00575881967213115
2012-04-01,-0.0022467159090909083,-0.0006278555555555571,-0.0007725777777777784,0.002866824175824182,0.002171493975903616,0.0032473846153846216,0.010360190721649485,0.01180976136363636,0.017623637096774187,-0.0006446774193548388,0.016421459016393438,0.012067637795275594,0.010032644628099172,0.004524758064516124
2012-05-01,-0.0015841123595505685,2.3956043956065674e-06,-0.00014073626373626203,0.0034522391304347764,0.002820940476190476,0.0038286630434782552,0.010597958974358971,0.012314426966292135,0.017936447999999994,0.01552914393939394,0.01674913008130081,0.0124165234375,0.010415368852459013,0.013101075757575749
2012-06-01,0.020826301886792464,-4.304347826090092e-06,0.019994317307692314,0.0034085161290322566,0.0027805294117647077,0.003780892473118279,0.010540755102040819,0.012170777777777789,0.01778922222222222,0.015407766917293233,0.016609104838709674,0.012315511627906978,0.010325699186991874,0.012997954887218045
2012-07-01,-0.0015733333333333374,-0.0005702258064516107,-0.00014588043478260828,0.002812308510638299,0.002136162790697679,0.00318072340425532,0.010220065989847713,0.011458626373626376,0.017234700787401587,0.014899985074626868,0.016055152,0.011815892307692312,0.00981795161290323,0.012508156716417914
2012-08-01,-0.0022197802197802133,-0.0012067127659574392,-0.0007937741935483868,0.0021469157894736827,0.0014173563218390763,0.002511452631578947,0.009863398989898993,0.010677554347826091,0.0166281796875,0.014342207407407406,0.015448365079365079,0.011264625954198476,0.009256208000000002,0.011968096296296298
2012-09-01,-0.0024834999999999944,-0.0014727684210526345,-0.0010670531914893627,0.0018486979166666704,0.001100318181818185,0.002209437500000003,0.009680758793969853,0.01027798924731183,-0.0025064857142857136,0.0002659523809523858,8.970833333333465e-05,0.007123686567164184,0.00897257142857143,0.011685375
2012-10-01,-0.0022383763440860256,-0.0012458333333333306,-0.0008420000000000071,0.002039051546391751,0.001316191011235955,0.0023960721649484516,0.009733919999999998,0.01038474468085107,0.016293992248062012,0.014042029411764703,0.0003667397260273943,0.010978666666666673,0.010903109589041095,0.011748350364963505
2012-11-01,-0.002337234042553187,-0.0013518659793814365,-0.0009533437499999945,0.0019005816326530657,0.0011734444444444453,0.002253959183673474,0.009628124378109457,0.010154052631578946,0.01607995384615385,0.013855364963503647,0.015118204724409449,0.010809421052631576,0.010599945945945951,0.011579659420289865
2012-12-01,-0.002995747368421049,-0.0020002755102040823,-0.0016125463917525651,0.0012258686868686888,0.00044740659340659276,0.0015756767676767692,0.00925919306930693,0.009372281249999996,0.015461816793893123,0.01328470289855073,0.014493093749999998,0.010244455223880596,0.009061866141732284,0.011029474820143888
2013-01-01,0.02013974766355139,0.01986907692307692,-5.9826530612247194e-05,0.0027191499999999983,0.002079000000000001,0.0030654599999999973,0.009955226600985223,0.010827762886597935,0.016485242424242423,0.014272251798561151,0.015547829457364347,0.011283785185185191,0.010167273437499999,0.012026078571428568
2013-02-01,0.020425157407407406,0.020165219047619046,0.01930260952380953,0.016980543689320386,0.016483270270270266,0.003539702970297025,0.01015625,0.011237316326530605,0.016744481203007526,0.01453433571428572,0.01582026153846154,0.011575551470588238,0.010483527131782947,0.012302234042553196
2013-03-01,0.020234366972477064,0.019971481132075482,0.019117009433962273,0.01681370192307692,0.016332785714285713,0.01664432038834952,0.010104897560975611,0.011120060606060609,0.01661675373134329,0.014428624113475175,0.01569666412213741,0.011488350364963503,0.010400030769230767,0.012212985915492958
2013-04-01,0.019557754545454553,0.019278355140186915,0.018431869158878504,0.01613744761904762,0.01570866371681416,0.015963192307692307,0.009792771844660191,0.010466930000000001,0.016092237037037035,0.013945373239436617,0.01516719696969697,0.01101239855072464,0.009906954198473282,0.011748608391608385
2013-05-01,0.01913652252252252,0.018848009259259252,0.01800936111111111,0.015728613207547173,0.015332280701754394,0.015552123809523819,0.009614067632850245,0.010094000000000004,0.015773919117647053,0.013657650349650354,0.01484865413533834,0.010737496402877699,0.009625848484848484,0.011478138888888894
2013-06-01,0.019645526785714296,0.019373669724770646,0.018542715596330275,0.016293252336448606,0.015861086956521737,0.016123754716981145,0.009933927884615387,0.009156773584905664,0.016214583941605836,0.014091590277777778,0.015306089552238807,0.011204692857142859,0.010125992481203005,0.011924117241379314
2013-07-01,-0.0013962708333333412,-0.0004593232323232343,0.01712321818181818,0.014868296296296293,0.014538129310344823,0.01468706542056075,0.009228014354066987,0.007785196261682245,0.015099971014492758,0.013045427586206896,0.014173437037037034,0.010149326241134758,0.009023544776119403,0.010899965753424664
2013-08-01,-0.0011309484536082461,0.01794661818181818,0.00045556565656566187,0.0031968217821782188,0.0026046451612903206,0.01477644444444444,0.009299976190476194,0.007938481481481487,0.015166446043165468,0.01312278767123287,0.014248191176470588,0.010249260563380286,0.009137000000000004,0.010991394557823128
2013-09-01,0.018253955752212392,0.01826142342342342,0.0009799099999999968,0.014955192660550452,0.0031395957446808537,0.0035013627450980345,0.009506563981042649,0.008350880733944953,0.01543590000000001,0.013393312925170068,0.014530248175182477,0.010547447552447551,0.00945871323529412,0.011274493243243242
2013-10-01,0.018441885964912273,0.01845264285714285,0.017188234234234236,0.015179945454545454,0.014621905982905983,0.015126110091743116,0.0096488820754717,0.008635672727272729,0.015607829787234045,0.013570912162162172,0.014712478260869563,0.01074974305555556,0.00967929197080292,0.011465120805369128
2013-11-01,0.018095843478260865,0.01810038053097346,0.016844116071428564,0.014850819819819814,0.014317033898305092,0.014794481818181824,0.009503333333333336,0.008365504504504509,0.015347542253521123,0.013336523489932882,0.014453014388489206,0.010528344827586206,0.00945442028985507,0.011246333333333337
2013-12-01,0.01828274999999999,0.018290526315789476,0.017047061946902656,0.015073374999999993,0.014530983193277308,0.015019549549549555,0.009644799065420562,0.01074155882352941,0.015518377622377618,0.013512793333333335,0.0146339,0.010728678082191785,0.009672568345323741,0.011435278145695369
2014-01-01,0.01775532478632478,0.017753860869565215,0.016516596491228067,0.014555681415929203,0.014048008333333336,0.014497714285714287,0.009397958139534885,0.010215660194174754,0.015109041666666663,0.013135715231788076,0.014222127659574466,0.010360278911564626,0.00929329285714286,0.011074348684210533
2014-02-01,0.017357084745762714,0.017348767241379317,0.016118739130434788,0.014171535087719303,0.013690280991735545,0.014110681415929204,0.009219092592592595,0.008645964285714288,-0.002185084507042248,0.012856947368421048,0.01391607746478874,0.010092729729729735,0.009020028368794333,0.01081087581699346
2014-03-01,0.017308621848739495,0.01729954700854702,0.016079698275862066,0.014149086956521742,0.013673065573770493,0.014088570175438592,0.009230018433179724,0.008672017699115048,0.014803206896551728,0.012848666666666664,0.013899811188811187,0.010102778523489935,0.00903812676056338,0.010815935064935063
2014-04-01,-0.0005797142857142852,0.016953754237288142,0.015741376068376074,0.013824491379310348,0.013370813008130086,0.013761678260869565,0.009079862385321099,0.008389771929824565,-0.0019937638888888865,0.012612610389610385,0.013640062500000006,0.009878733333333337,0.009593333333333336,0.010594516129032259
2014-05-01,-0.0006557979797979787,-0.000211330000000001,0.001363059405940593,0.003684009803921569,0.0035242105263157894,0.013573112068965523,0.009001360730593606,0.008246278260869568,-0.0020775753424657605,0.0005791874999999981,0.00020595945945946258,0.00731764705882353,0.009360368421052633,0.010474602564102563
2014-06-01,-0.0005464900000000032,-0.00010750495049504879,0.0014504313725490188,0.0037479999999999987,0.0035945312500000044,0.0038525922330097076,0.009007150000000002,0.008263767241379314,-0.00191064864864865,0.01247890322580645,0.00034021333333332884,0.007360507246376812,0.00937224675324676,0.005353333333333333
2014-07-01,0.016968516666666676,0.016743117647058832,0.015539228813559323,0.013637000000000007,0.003777134020618555,0.004020423076923085,0.009062805429864252,0.008375247863247864,0.01454082876712329,0.012535493589743596,0.013490048275862067,0.009759589403973513,0.009525256410256411,0.005602609375000001
2014-08-01,0.01753123966942148,0.01731240833333334,0.016123420168067226,0.014242262711864406,0.013197564516129037,0.01354492307692308,0.009405126126126125,0.009025101694915251,0.015020537414965989,0.012997420382165604,0.01398023972602741,0.010254973684210522,0.008810559440559435,0.010473331210191082
2014-09-01,0.01752846721311475,0.017311421487603316,0.01613233333333333,0.01426705882352941,0.013229527999999994,0.01357583898305086,0.00944004932735426,0.009836307692307691,0.015035216216216212,0.013023974683544302,0.014002095238095239,0.010300320261437908,0.008868770833333334,0.010515860759493675
2014-10-01,0.01801485365853659,0.017803573770491802,0.016638297520661167,0.014792783333333337,0.01373845238095238,0.014111789915966389,0.009743236607142863,0.009093739495798319,0.015453463087248325,0.013428566037735856,0.014430148648648652,0.010735733766233775,0.009341082758620693,0.010936226415094345
2014-11-01,0.018027508064516123,0.017818048780487802,0.01666244262295083,0.014832380165289257,0.013784480314960632,0.014157391666666672,0.009786973333333336,0.009181158333333337,0.015480999999999998,0.013467037499999996,0.014464738255033556,0.010792819354838706,0.009411239726027396,0.010990274999999996
2014-12-01,0.0185948,0.018391604838709677,0.0172500569105691,0.015439811475409834,0.014371625,0.014775421487603305,0.010137203539823003,0.009840314049586777,0.015967476821192053,0.013935807453416152,0.014961233333333344,0.011293756410256406,0.009952244897959175,0.01147442857142857
2015-01-01,0.019601825396825402,0.019408311999999997,0.01828416935483871,0.016497048780487807,0.015387968992248063,0.01584677049180328,0.010733427312775334,0.010952114754098364,0.016819532894736842,0.014747808641975316,0.01582559602649006,0.012148445859872617,0.01086797297297298,0.012301623456790131
2015-02-01,0.019542110236220475,0.01934965873015873,0.01823404,0.01646092741935484,0.015362046153846145,0.015815642276422757,0.010739061403508773,0.010960780487804876,0.016788150326797383,0.014731061349693254,0.015800546052631575,0.012147620253164555,0.010875691275167784,0.01229988343558282
2015-03-01,0.019717812500000004,0.01952825984251969,0.018422912698412695,0.016665496000000002,0.01556563358778626,0.016027064516129036,0.010875711790393016,0.011211354838709681,0.016952071428571424,0.014897530487804886,0.015971993464052286,0.012335572327044032,0.011083400000000002,0.012481176829268298
2015-04-01,0.02075793798449613,0.0205779921875,0.01948961417322834,0.017754611111111106,0.016613575757575758,0.017130000000000003,0.011497530434782612,0.012352815999999999,0.01783556774193549,0.01573993333333333,0.01686759090909091,0.013220312499999994,0.012029165562913906,0.013338224242424247
2015-05-01,0.02194040000000001,0.021771015503875963,0.0207004609375,0.018988653543307088,0.017800526315789475,0.018378793650793656,0.012203073593073594,0.01363952380952381,0.0188396858974359,0.016696186746987956,0.017884432258064513,0.014221913043478265,0.013097907894736843,0.014308945783132533
2015-06-01,0.022472938931297714,0.02230895384615385,0.02125086821705426,0.019556734375,0.018352037313432833,0.018956149606299214,0.012545745689655172,0.014254196850393702,0.01930378343949045,0.017145329341317364,0.0183576282051282,0.014700191358024696,0.013611666666666663,0.01477238323353293
2015-07-01,0.021687280303030302,0.021518549618320615,0.020462523076923082,0.018775410852713167,0.01761436296296296,0.018173414062500004,0.012143257510729607,0.013508195312499995,0.01866746835443037,0.016559738095238107,0.017723286624203815,0.014111638036809811,0.012995785714285711,0.01420091666666666
2015-08-01,0.020379082706766916,0.020201719696969704,0.019143702290076333,0.017459423076923084,0.016364970588235297,0.01685189147286822,0.01144049572649573,0.012222837209302327,0.017592182389937108,0.01556055029585799,0.016647170886075955,0.013096914634146344,0.011929341935483869,0.013215686390532548
2015-09-01,-0.0003301188118811861,0.00010244117647059345,0.001643213592233014,0.01623150381679389,0.0046065306122448964,0.015619199999999998,0.0107816085106383,0.011025753846153848,0.01658599375,0.014625499999999996,0.01564059748427674,0.012148460606060608,0.010933653846153845,0.012294429411764706
2015-10-01,-0.0009125294117646982,-0.00047851456310679414,0.0010530288461538487,0.00391683653846154,0.003956606060606062,0.004792209523809528,0.010482805084745764,0.010485587786259546,-0.001601079999999996,0.014190637426900587,0.01516949375,0.011715421686746988,0.010483528662420385,0.011873198830409357
2015-11-01,0.000445601941747582,0.018971646616541358,0.002366571428571428,0.005203104761904764,0.005306789999999999,0.006058084905660374,0.01102496624472574,0.011458992424242422,0.01611194409937889,0.014916127906976745,0.0006160921052631534,0.012477455089820375,0.0104813670886076,0.012612162790697674
2015-12-01,0.019156865671641793,0.01911973880597015,0.0027104339622641546,0.015655992424242426,0.005638564356435647,0.0063642336448598204,0.01114173529411765,0.01166468421052632,0.01625209259259259,0.015054277456647398,0.015938472049689435,0.012634232142857148,0.01129676582278481,0.012763630057803468
2016-01-01,0.019300666666666667,0.019263814814814817,0.01791232575757576,0.015828278195488724,0.005961421568627446,0.015043969465648854,0.011256497907949796,0.011865470149253737,0.016389012269938663,0.01518942528735632,0.016078172839506185,0.012787698224852075,0.011468295597484277,0.01291194252873563
2016-02-01,0.0008145480769230736,0.0008623846153846178,0.0030455700934579476,0.005520207547169814,0.003452922330097089,0.006662435185185186,0.010157870833333336,0.01047933333333333,0.014749969512195121,0.01366026285714286,0.014430981595092023,0.011227688235294115,0.009819031249999995,0.011395794285714286
2016-03-01,0.0006069428571428594,0.0006543238095238047,0.002823074074074075,0.005272504672897199,0.0032179519230769293,0.006408798165137617,0.010028651452282163,0.01018250943396227,0.014533399999999991,0.013463420454545462,0.014215036585365857,0.01103931578947369,0.009627708074534173,0.011211818181818182
2016-04-01,0.0019016132075471708,0.0019485471698113225,0.004061779816513767,0.006500000000000001,0.004500085714285715,0.007603645454545457,0.010556805785123972,0.01137558878504673,0.015276222891566264,0.01416612429378532,0.014964290909090907,0.011776540697674413,0.010419154320987653,0.011927242937853112
2016-05-01,0.001672710280373827,0.0017192056074766297,0.0038194818181818196,0.006233110091743121,0.004244509433962266,0.007331621621621619,0.010420395061728394,0.01106108333333333,0.01504947305389221,0.013959623595505625,0.014738054216867465,0.01157788439306358,0.010216638036809821,0.011733320224719101
2016-06-01,0.0015818055555555616,0.0016278703703703759,0.003711693693693694,0.006102400000000003,0.004128719626168225,0.007193437499999996,0.01034430737704918,0.010884880733944951,0.014911410714285719,0.013836134078212287,0.014601029940119763,0.01146453448275862,0.010104676829268286,0.01162226815642458
2016-07-01,0.0017852568807339504,0.0018308990825688135,0.003890678571428572,0.006261459459459468,0.004310472222222226,0.00734002654867257,0.010399057142857148,0.009907844444444449,0.014963757396449706,0.013891255555555563,0.014655535714285723,0.01153478285714286,0.01018742424242424,0.011689688888888893
2016-08-01,0.001900045454545458,0.017266183823529412,0.003983787610619462,0.013826470149253731,0.0044031467889908285,0.007402061403508772,0.010415369918699187,0.009940963235294116,0.01496051176470588,0.013894132596685075,0.014654094674556212,0.011551130681818187,0.010212873493975906,0.011704729281767952
2016-09-01,0.017302764705882344,0.017429218978102196,0.01587979699248121,0.0140174,0.01519881751824818,0.013017772727272729,0.010533534412955464,0.011001909090909092,0.01510461403508771,0.01403538461538462,0.01480084705882353,0.011709610169491529,0.01038885628742515,0.011858010989010992
2016-10-01,0.01700843795620438,0.01713610869565217,0.015589499999999989,0.013745066176470592,0.014921869565217388,0.012746812030075196,0.010398237903225808,0.010695405405405407,0.014882959302325586,0.013832896174863395,0.014579672514619883,0.0115145,0.010189994047619047,0.011667420765027331
2016-11-01,0.017104166666666667,0.01723023021582734,0.015697866666666664,0.013865313868613146,0.015031920863309357,0.01287720149253731,0.010477839357429724,0.010869723214285715,0.014971606936416186,0.01392195108695652,0.014670598837209309,0.011618994413407826,0.010308508875739643,0.011768244565217394
2016-12-01,0.017272539568345326,0.017396500000000013,0.015880294117647055,0.01405837681159421,0.015213892857142865,0.013081874074074087,0.010597960000000002,0.010157467153284677,0.015118367816091957,0.01406565945945946,0.014819947976878613,0.011779488888888896,0.010486152941176472,0.011923594594594595
2017-01-01,0.01678364285714286,0.01691019148936171,0.015390854014598542,0.013589086330935255,0.014743063829787241,0.012609411764705883,0.010351860557768926,0.009713043478260876,0.014739559999999997,0.013714913978494624,0.014440678160919542,0.011431685082872935,0.0101255730994152,0.011584365591397845
2017-02-01,0.01669178723404255,0.016818091549295772,0.015307094202898549,0.013519392857142862,0.01466622535211268,0.012545343065693434,0.010325988095238098,0.009670733812949639,0.014677585227272725,0.013662064171122992,0.014380057142857143,0.011389928571428572,0.010088982558139534,0.011542909090909088
2017-03-01,0.016812126760563387,0.01693670629370631,0.015439992805755398,0.013663085106382974,0.014799888111888117,0.01269921739130435,0.010418691699604746,0.00984294285714286,0.014785508474576277,0.01376907446808511,0.014490284090909088,0.011512278688524592,0.010225924855491333,0.011661191489361702
2017-04-01,0.01664201398601399,0.01676690972222223,0.015276035714285718,0.013513950704225355,0.014644930555555557,0.012553798561151077,0.010348090551181105,0.009719843971631208,0.0002486052631578903,0.01365646560846561,0.01436596610169491,0.011408874999999999,0.010123971264367818,0.011559735449735455
2017-05-01,0.0022397027027027047,0.0019452727272727273,0.004296228070175436,0.013223300699300696,0.014350489655172417,0.012263778571428567,0.0101975137254902,0.009453866197183101,-0.00011889610389610467,0.0007283538461538468,0.0011121948051948118,0.007559742857142859,0.010835550000000003,0.011351268421052631
2017-06-01,0.0019838392857142854,0.001689756756756762,0.004029156521739128,0.006334232142857143,0.004723136363636363,0.007682060869565214,0.010054488281250001,0.009203020979020985,-0.00045605128205128236,0.00031706060606060934,0.0007592564102564111,0.007081197183098594,0.010375641975308646,0.0068249999999999995
2017-07-01,0.01633165972222222,0.016457834482758622,0.004341008620689658,0.006633964601769906,0.005042783783783781,0.007962422413793102,0.010171801556420234,0.009418305555555555,5.863291139241236e-05,0.0009123880597014921,0.001258556962025314,0.00754123611111111,0.010739402439024383,0.007330742424242422
2017-08-01,0.016381406896551726,0.01650637671232877,0.014968765957446813,0.012948020833333334,0.005207982142857146,0.00809560683760684,0.010223635658914728,0.009515731034482763,0.014660230337078656,0.013436963157894739,0.0015371375000000059,0.007760465753424652,0.01089368674698795,0.007572746268656715
2017-09-01,0.016450972602739727,0.01657461904761905,0.015050239436619718,0.013041744827586209,0.014071260273972604,0.011989446808510645,0.010286625482625484,0.01113200884955752,0.014726586592178771,0.013505554973821988,0.014127679775280901,0.011195589189189191,0.009905840000000015,0.011153528795811524
2017-10-01,0.016367687074829936,0.016491060810810806,0.014974419580419573,0.012981239726027407,0.01400416326530612,0.011934647887323948,0.010263246153846158,0.011071271929824567,0.014668150000000005,0.013457130208333334,0.014072262569832402,0.011158021505376342,0.009873465909090912,0.011117354166666668
2017-11-01,0.016344912162162162,0.016467610738255034,0.0149606875,0.012981346938775515,0.013997358108108112,0.011942076923076922,0.010273720306513412,0.009632321917808221,0.014658917127071826,0.013454746113989637,0.014066288888888884,0.011167855614973268,0.009891112994350294,0.011127093264248707
2017-12-01,0.01602214093959731,0.016146173333333333,0.014638558620689659,0.012679121621621624,0.013690342281879191,0.011638673611111114,0.010113332061068707,0.009350823129251703,0.01440393406593407,0.013221742268041237,0.013813171270718239,0.010939579787234045,0.009657185393258431,0.010906087628865982
2018-01-01,0.015896686666666666,0.016020728476821202,0.014519143835616439,0.012575261744966442,0.01358043333333333,0.011539124137931038,0.010064247148288975,0.009268750000000003,0.0003522125000000025,0.0012452205882352986,0.013721912087912092,0.008014216216216216,0.00958761452513967,0.010835820512820516
2018-02-01,0.01601254966887418,0.016135013157894736,0.014647530612244903,0.01271404,0.01371163576158941,0.01168880136986301,0.010152609848484848,0.009430651006711407,0.000760111111111115,0.001711115942028986,0.001845790123456789,0.008352586666666668,0.011079928571428569,0.007851647058823527
2018-03-01,0.0023220707964601746,0.002033633928571426,0.004505145299145302,0.012246615894039739,0.005396743362831858,0.011215632653061226,0.009895932075471701,0.008982000000000007,4.5146341463415084e-05,0.0008600000000000001,0.001117585365853665,0.007481276315789479,0.010268788235294118,0.006899202898550724
2018-04-01,0.0021330263157894754,0.0018454690265486727,0.0043040084745762704,0.00678230701754386,0.005180728070175439,0.008251898305084746,0.00978643984962406,0.008795172185430467,-0.0001870722891566248,0.00057705633802817,0.000872445783132531,0.007134389610389611,0.009925790697674422,0.006525942857142859
2018-05-01,0.0018070782608695666,0.0015191842105263158,0.003970773109243695,0.006415930434782614,0.004828278260869569,0.007885487394957983,0.009617385767790268,0.008504736842105265,-0.0006056904761904793,7.80555555555543e-05,0.0004412142857142835,0.006589705128205132,0.00940536781609196,0.005936126760563385
2018-06-01,0.0018205517241379318,0.001535278260869564,0.003965766666666666,0.006389672413793103,0.004815706896551725,0.00784785833333333,0.00959407462686567,0.011088017391304343,-0.0005589176470588257,0.00012315068493151324,0.00047567058823529433,0.006548949367088608,0.009336784090909095,0.00590048611111111
2018-07-01,0.0010888119658119693,0.0007996896551724168,0.0032404876033057875,0.005618880341880342,0.004058367521367526,0.007090495867768597,0.009246910780669146,0.010270077586206895,-0.0015267558139534813,-0.0010108513513513526,-0.0005041976744186024,0.005419674999999999,0.008290382022471912,0.004671808219178086
2018-08-01,0.0011420000000000059,0.0008558034188034234,0.003274295081967215,0.0056336779661017,0.004086389830508481,0.0070927459016393475,0.009239940740740742,0.010245247863247861,-0.0014245517241379246,-0.0008991733333333345,-0.00041374712643677805,0.005443691358024696,0.008280100000000004,0.0047082027027027
2018-09-01,0.0006058151260504155,0.000317500000000002,0.002738211382113819,0.005059747899159663,0.003525462184873949,0.006525617886178861,0.008974612546125464,0.009627372881355924,-0.002120454545454547,-0.0017118684210526273,-0.0011211363636363626,0.004613109756097564,0.007500494505494506,0.0038099066666666655
2018-10-01,0.0007913333333333306,0.0005069999999999996,0.002900548387096779,0.005208149999999997,0.003686649999999997,0.0066574112903225804,0.009025691176470584,0.00973863865546218,-0.0018396853932584195,-0.0013926493506493508,-0.0008515955056179712,0.004833048192771077,0.007667532608695646,0.004060671052631578
2018-11-01,5.405785123966853e-05,-0.0002340500000000004,0.0021699920000000073,0.0044343719008264485,0.0029254462809917376,0.005896800000000002,0.008668750915750919,0.008920658333333333,-0.002801677777777776,-0.0025083717948718018,-0.0018245666666666664,0.0037229047619047628,0.006634344086021505,0.0028596363636363645
2018-12-01,8.70655737704875e-05,-0.00019838842975206236,0.0021851587301587364,0.004431475409836062,0.002934918032786882,0.005882388888888894,0.008652007299270075,0.008880661157024796,-0.002726043956043959,-0.00242496202531646,-0.0017596703296703293,0.003727117647058824,0.0066071808510638295,0.002875294871794872
2019-01-01,-0.00026259349593495465,-0.0005485737704918,0.0018299921259842518,0.004046495934959352,0.0025621056910569142,0.005498110236220471,0.008464469090909092,0.00845605737704918,-0.0031629456521739107,-0.0029311624999999917,-0.0022070760869565146,0.003184697674418603,0.006085831578947367,0.002295594936708863
2019-02-01,-2.2774193548387857e-05,-0.0003044796747967526,0.0020459687500000026,0.004251564516129033,0.002779145161290324,0.0056854296875,0.008540594202898554,0.008626943089430898,-0.002812000000000002,-0.00253108641975308,-0.0018664086021505386,0.003486885057471267,0.006329468750000003,0.0026353374999999986
2019-03-01,0.015526499999999999,0.015651339869281047,0.014157567567567576,0.005479528000000004,0.0040188880000000034,0.006864201550387603,0.009079245487364624,0.009829524193548395,0.014309945355191258,0.013139599999999991,0.01382939890710382,0.0052398409090909075,0.007890474226804124,0.004550296296296301
2019-04-01,0.015849117647058826,0.015971051948051946,0.014498033557046982,0.01203953947368421,0.013240723684210528,0.011009925675675679,0.009279992805755397,0.010269984000000001,0.014584820652173924,0.01340361734693878,0.014106885869565223,0.010866904761904762,0.009719861111111111,0.010950903061224489
2019-05-01,0.015657870129870136,0.015780251612903234,0.014310693333333336,0.011871941176470589,0.013065274509803926,0.01084473825503356,0.009197974910394272,0.010080515873015884,0.014432454054054052,0.013266527918781724,0.0139571027027027,0.010738115789473692,0.009591005524861885,0.010826263959390865
2019-06-01,0.015162354838709681,0.015287128205128207,0.013810973509933776,0.011397792207792207,0.012583376623376625,0.010364793333333337,0.008946742857142857,0.008471176470588237,0.014026112903225803,0.01289070202020203,0.013553317204301068,0.010361753926701576,0.00920233516483517,0.010462762626262629
2019-07-01,0.015261173076923085,0.015384522292993637,0.013921282894736844,0.011521535483870972,0.01269947096774194,0.010498655629139077,0.00902372241992883,0.008614727272727277,0.014114625668449201,0.012979582914572865,0.01364435828877006,0.010467046875000005,0.009319142076502735,0.010563844221105533
2019-08-01,0.015138649681528666,0.015261993670886072,0.013804313725490198,0.011422198717948716,0.01259258333333333,0.010403434210526318,0.008977627659574463,0.00853350322580645,0.01401840425531915,0.012894810000000003,0.013550638297872338,0.010392217616580308,0.009246891304347823,0.010491149999999998
2019-09-01,0.014970272151898733,0.015093899371069188,0.013640227272727274,0.011276420382165609,0.012439350318471338,0.010260503267973856,0.008905392226148412,0.008405307692307693,0.013883571428571433,0.012773616915422878,0.013418280423280424,0.010279551546391758,0.009134935135135143,0.010381915422885569
2019-10-01,0.014908012578616356,0.015031256249999998,0.01358494193548387,0.01123714556962026,0.012392715189873421,0.010226805194805198,0.008891890845070425,0.008384070063694276,0.013837189473684208,0.012735485148514854,0.013374347368421049,0.010252841025641026,0.009113086021505377,0.010355623762376243
2019-11-01,0.01487060625000001,0.014993316770186338,0.013555057692307694,0.01122259119496855,0.012370893081760998,0.010218393548387097,0.008892,0.008387481012658226,0.013811460732984313,0.012716704433497542,0.013351041884816763,0.010246056122448978,0.009112069518716584,0.010348566502463057
2019-12-01,0.0012393839999999964,0.014785123456790124,0.013349394904458599,0.01103536250000001,0.01217648750000001,0.010032801282051283,0.008795405594405593,0.008216905660377359,0.013641953125,0.012562534313725487,0.013183932291666676,0.01009894923857868,0.00896395212765958,0.010206004901960782
