IPO_date,IPO_number
1991/4/3,350000.00 
1991/1/29,28000000.00 
1991/1/14,5000000.00 
1990/12/10,44338500.00 
1992/4/27,15594680.00 
1992/4/13,8400000.00 
1992/5/7,11384486.00 
1991/6/25,84410000.00 
1995/10/27,16998928.00 
1992/3/30,41500000.00 
1992/2/28,20300000.00 
1992/6/2,11000000.00 
1992/3/27,30150000.00 
1992/3/31,32800000.00 
1992/10/12,19400000.00 
1992/4/28,29630000.00 
1994/2/2,25675000.00 
1993/4/29,25300000.00 
1993/6/21,25980000.00 
1993/6/3,12500000.00 
1993/9/3,107300000.00 
1993/8/9,30000000.00 
1993/9/15,112000000.00 
1993/9/29,43500000.00 
1993/10/8,67000000.00 
1993/10/28,27500000.00 
1994/5/9,46800000.00 
1994/4/8,15000000.00 
1994/6/17,34100000.00 
1994/7/1,15000000.00 
1994/8/8,10000000.00 
1994/4/8,12000000.00 
1994/8/8,22000000.00 
1994/9/21,16300000.00 
1994/8/15,16800000.00 
1994/9/12,13000000.00 
1994/11/1,21800000.00 
1995/3/20,14000000.00 
1995/3/15,11000000.00 
1996/4/15,20000000.00 
1996/7/8,20000000.00 
1996/12/26,25000000.00 
1997/1/30,130000000.00 
1997/1/23,20000000.00 
1997/1/10,19000000.00 
1997/1/30,20000000.00 
1997/11/18,65000000.00 
1998/6/5,12500000.00 
1997/6/26,57000000.00 
1997/6/11,150000000.00 
1997/9/10,50000000.00 
2000/5/11,70000000.00 
1998/12/18,19100000.00 
1997/7/28,125000000.00 
1998/4/20,100000000.00 
1999/7/21,58000000.00 
2000/7/24,85000000.00 
2000/7/31,60000000.00 
2004/1/30,994395944.00 
2000/8/7,70000000.00 
2000/9/6,70000000.00 
2000/9/20,25000000.00 
2000/9/26,130000000.00 
2000/9/6,36000000.00 
2000/10/12,50000000.00 
2000/7/24,100000000.00 
2000/9/26,70000000.00 
2015/1/26,8140984977.00 
2000/5/29,105000000.00 
2013/9/18,686323389.00 
2007/4/30,190653552.00 
1997/4/18,50000000.00 
1996/6/14,60000000.00 
1996/6/26,30000000.00 
1996/6/28,24000000.00 
1996/6/19,35000000.00 
1996/7/3,17500000.00 
1996/6/28,15000000.00 
1996/6/27,21000000.00 
1996/7/18,54000000.00 
1996/7/16,26200000.00 
1996/9/25,29977900.00 
1996/7/16,12500000.00 
1996/7/19,18000000.00 
1996/8/12,18000000.00 
1996/8/16,15000000.00 
1996/8/2,36500000.00 
1996/8/6,13740000.00 
1996/8/15,16350000.00 
1996/7/29,17500000.00 
1996/8/28,30000000.00 
1996/8/28,15300000.00 
1996/8/8,20000000.00 
1998/2/20,100000000.00 
1996/8/29,15000000.00 
2000/11/20,70000000.00 
1997/6/9,60000000.00 
1992/11/20,32201600.00 
1992/11/23,20384177.00 
1992/11/30,31035081.00 
1992/12/8,19000000.00 
1992/12/21,21086400.00 
1993/3/12,45000000.00 
1993/3/26,52283000.00 
1993/5/7,20500000.00 
1993/5/7,8030000.00 
1993/10/28,13000000.00 
1993/7/12,18000000.00 
1993/8/9,13068400.00 
1993/8/6,12060955.00 
1993/9/8,50000000.00 
1993/10/8,14756000.00 
1993/10/25,32400000.00 
1993/10/18,30000000.00 
1993/11/8,20400000.00 
1993/11/18,21000000.00 
1993/10/28,20000000.00 
1993/11/1,11700000.00 
1993/11/18,50000000.00 
1993/11/18,25500000.00 
1993/12/8,30000000.00 
1994/1/6,21100000.00 
1994/1/3,24700000.00 
1994/1/3,41200000.00 
1994/1/10,25930000.00 
1993/11/26,30190000.00 
1993/12/10,33400000.00 
1993/12/15,20000000.00 
1993/11/26,44000000.00 
1994/2/2,30000000.00 
1993/11/23,19300000.00 
1993/12/20,230000000.00 
1993/12/8,45000000.00 
1993/12/15,30000000.00 
1993/12/15,27000000.00 
1993/11/30,22000000.00 
1993/12/20,66000000.00 
1993/12/1,88200000.00 
1994/1/6,30000000.00 
1994/1/6,46000000.00 
1993/12/3,30000000.00 
1993/12/15,46800000.00 
1994/4/8,18000000.00 
1994/6/17,30000000.00 
1994/5/9,20000000.00 
1994/1/10,30000000.00 
1994/2/2,30000000.00 
1994/5/9,50000000.00 
1994/1/10,50000000.00 
1994/1/10,21580000.00 
1994/4/8,14500000.00 
1994/5/25,25000000.00 
1994/5/25,15000000.00 
1994/5/9,21880000.00 
1994/7/1,27000000.00 
1994/5/25,20000000.00 
1994/8/8,25000000.00 
1994/8/15,18000000.00 
1994/9/7,20000000.00 
1998/9/24,120000000.00 
1995/11/2,20000000.00 
1995/11/28,35360000.00 
1995/12/13,30000000.00 
1995/12/20,18000000.00 
1996/4/25,30000000.00 
1996/3/8,40000000.00 
1996/1/19,15000000.00 
1996/2/8,20000000.00 
1996/3/27,34600000.00 
1996/3/12,13000000.00 
1996/4/19,30000000.00 
1996/9/27,20000000.00 
1996/5/23,50000000.00 
1996/5/29,25000000.00 
1996/4/30,32000000.00 
1996/6/6,15000000.00 
1996/8/30,25000000.00 
1996/8/23,15000000.00 
1996/9/13,12500000.00 
1996/10/4,15000000.00 
1996/8/30,45000000.00 
1996/9/19,20000000.00 
1996/10/10,15000000.00 
1996/9/26,23240000.00 
1996/10/8,18500000.00 
1996/9/26,32010000.00 
1997/1/28,14000000.00 
1996/10/16,13000000.00 
1996/11/8,12500000.00 
1996/10/22,25000000.00 
1996/10/23,17000000.00 
1996/10/29,66000000.00 
1996/11/7,13000000.00 
1996/10/28,18000000.00 
1997/6/10,120000000.00 
1996/11/28,12500000.00 
1996/11/12,13000000.00 
1996/11/18,36000000.00 
1996/11/15,62000000.00 
1996/11/20,35000000.00 
1996/11/22,21000000.00 
1996/11/21,16200000.00 
1996/11/12,14000000.00 
1996/11/20,20000000.00 
1996/11/29,13500000.00 
1996/11/14,17201400.00 
1996/11/26,20000000.00 
1996/11/26,25240200.00 
1996/12/10,13000000.00 
1996/11/18,21000000.00 
1996/11/28,23640000.00 
1996/11/28,15000000.00 
1996/11/28,67000000.00 
1996/12/5,29300000.00 
1996/12/3,28875000.00 
1996/12/18,19000000.00 
1996/12/16,20000000.00 
1996/12/6,19500000.00 
1996/12/10,13736000.00 
1996/12/10,23000000.00 
1996/12/5,22710000.00 
1996/12/10,14270000.00 
1996/12/10,16000000.00 
1996/12/17,28600000.00 
1996/12/18,13859520.00 
1996/12/18,13540000.00 
1997/1/24,15000000.00 
1996/12/24,12500000.00 
1996/12/26,15600000.00 
1997/1/6,15279600.00 
1997/1/24,35000000.00 
1997/1/22,101100000.00 
1997/1/21,12500000.00 
1997/1/21,17200000.00 
1997/1/31,65000000.00 
1997/1/23,16000000.00 
1997/2/27,14000000.00 
1997/2/21,75000000.00 
1997/1/20,32927100.00 
1997/1/28,12500000.00 
1997/2/28,31000000.00 
1997/2/27,12500000.00 
1997/2/18,32650000.00 
1997/3/25,18852500.00 
1997/2/20,80000000.00 
1997/2/28,14818750.00 
1997/2/26,65000000.00 
1997/3/18,50000000.00 
1997/3/28,36000000.00 
1997/4/10,25000000.00 
1997/4/15,60000000.00 
1997/3/26,70000000.00 
1997/4/16,120000000.00 
1997/4/22,17500000.00 
1997/4/11,21840000.00 
1997/4/15,16707000.00 
1997/4/22,45000000.00 
1997/5/8,30000000.00 
1997/4/18,30000000.00 
1997/5/8,80000000.00 
1997/4/8,60000000.00 
1997/3/31,14775000.00 
1997/5/9,40000000.00 
1997/4/30,40000000.00 
1997/5/22,25000000.00 
1997/5/15,30000000.00 
2001/1/12,60000000.00 
2000/12/25,50000000.00 
1997/5/20,40000000.00 
1997/6/16,80000000.00 
1997/7/16,80000000.00 
1997/6/17,23000000.00 
1997/7/4,40000000.00 
1997/7/3,70000000.00 
1997/6/11,45000000.00 
1997/4/25,20000000.00 
1997/4/28,62000000.00 
1997/6/26,85000000.00 
1997/5/9,30000000.00 
1997/7/9,40000000.00 
1997/6/26,90000000.00 
1997/6/25,25000000.00 
1997/6/26,35000000.00 
1997/6/27,60000000.00 
1997/8/6,12500000.00 
1997/6/27,30000000.00 
1997/4/16,60000000.00 
1997/5/19,52600000.00 
1997/6/27,22150000.00 
1998/1/15,120000000.00 
1997/7/8,35000000.00 
1997/4/30,40000000.00 
1997/6/9,40000000.00 
1997/6/26,60000000.00 
1997/6/11,30000000.00 
1997/7/10,30000000.00 
1997/6/6,80000000.00 
1997/5/28,45000000.00 
1997/6/6,40000000.00 
1997/6/19,50000000.00 
1997/7/31,120000000.00 
1997/7/11,13750000.00 
1997/6/6,45000000.00 
1997/6/16,45000000.00 
1997/9/23,50000000.00 
1998/3/27,17000000.00 
1997/10/14,45000000.00 
1997/9/4,50000000.00 
1997/7/29,50000000.00 
1997/8/8,55000000.00 
1997/7/3,30000000.00 
1997/7/15,77000000.00 
1998/2/12,63000000.00 
1997/7/18,55000000.00 
1997/6/18,300000000.00 
1998/5/6,15000000.00 
1998/1/8,30000000.00 
1998/3/3,25000000.00 
1998/4/16,21000000.00 
1998/4/8,80000000.00 
1998/6/16,35000000.00 
1998/6/2,20000000.00 
1998/5/28,16000000.00 
1998/6/23,30000000.00 
1998/5/19,47000000.00 
1998/6/9,50000000.00 
1997/8/18,55000000.00 
1997/10/17,90000000.00 
1997/6/25,14473100.00 
1998/6/30,45000000.00 
1998/6/26,55000000.00 
1998/7/3,120000000.00 
1997/10/8,65000000.00 
1998/10/21,250000000.00 
1998/2/25,35000000.00 
1997/6/17,120000000.00 
1997/12/2,25000000.00 
1998/8/7,50000000.00 
1998/9/11,75000000.00 
1998/11/11,80000000.00 
1999/6/25,13500000.00 
1997/9/29,30000000.00 
1998/9/28,55000000.00 
1997/6/26,13500000.00 
1997/10/31,50000000.00 
1997/11/13,35000000.00 
1998/10/7,50000000.00 
1998/6/9,45000000.00 
1998/11/26,50000000.00 
1998/8/13,50000000.00 
1998/4/27,80000000.00 
1998/11/19,60000000.00 
1998/11/4,70000000.00 
1998/10/28,12500000.00 
1998/9/15,60000000.00 
1997/9/25,13000000.00 
1997/7/25,60000000.00 
2000/10/26,32000000.00 
2002/9/26,380000000.00 
1998/3/11,40000000.00 
1999/1/7,50000000.00 
1998/6/2,120000000.00 
1998/4/2,25000000.00 
1998/9/2,35000000.00 
1998/6/16,45000000.00 
1998/5/19,50000000.00 
1999/3/19,60000000.00 
1998/1/23,77000000.00 
1998/12/3,40000000.00 
1997/10/21,40000000.00 
1997/12/18,30000000.00 
1999/1/19,60000000.00 
1999/1/15,50000000.00 
1998/12/24,57000000.00 
1998/12/10,50000000.00 
1999/4/22,70000000.00 
1997/12/25,300000000.00 
1997/11/26,86000000.00 
1999/1/28,80000000.00 
1999/4/1,30000000.00 
1999/4/8,65000000.00 
1999/4/15,60000000.00 
1999/4/29,95000000.00 
1999/7/7,35000000.00 
1999/2/3,45000000.00 
1999/5/7,60000000.00 
1999/6/30,80000000.00 
1999/5/27,56000000.00 
1999/6/3,150000000.00 
1999/5/14,65000000.00 
1999/6/9,30000000.00 
1999/3/25,50000000.00 
1999/7/20,60000000.00 
1999/11/18,80000000.00 
1999/6/16,70000000.00 
1999/7/13,110000000.00 
1999/6/18,55000000.00 
1999/7/14,55000000.00 
1999/6/11,30000000.00 
1999/6/18,55000000.00 
1999/7/27,218000000.00 
1999/3/12,90000000.00 
1999/6/23,45000000.00 
1999/7/12,60000000.00 
1999/7/12,187423470.00 
1999/8/3,200000000.00 
1999/8/31,70000000.00 
1999/8/24,58000000.00 
1999/8/10,35000000.00 
1999/9/9,100000000.00 
1999/11/4,40000000.00 
1999/9/23,45000000.00 
1999/10/14,40000000.00 
1999/10/21,75000000.00 
1999/9/16,55000000.00 
1999/11/25,90000000.00 
1999/11/12,50000000.00 
1999/12/2,50000000.00 
1999/12/9,55000000.00 
2000/1/13,45000000.00 
1999/12/23,45000000.00 
1999/12/16,350000000.00 
2000/2/21,130000000.00 
2000/3/1,100000000.00 
2000/1/20,65000000.00 
2000/1/27,50000000.00 
2000/4/6,70000000.00 
2000/3/16,90000000.00 
2000/3/30,45000000.00 
2000/6/22,150000000.00 
2000/5/29,60000000.00 
2000/4/20,35000000.00 
2000/4/27,55000000.00 
2000/9/26,45000000.00 
2000/5/25,95000000.00 
2000/6/8,80000000.00 
2000/6/1,70000000.00 
2000/6/8,65000000.00 
2000/5/18,40000000.00 
2000/6/16,58000000.00 
2000/6/22,50000000.00 
2000/7/6,30000000.00 
2000/7/26,288000000.00 
2000/7/26,30000000.00 
2000/7/18,60000000.00 
2000/6/8,30000000.00 
2000/6/28,40000000.00 
2000/7/6,48000000.00 
2000/7/31,100000000.00 
2000/8/7,40000000.00 
2000/7/18,35000000.00 
2000/8/7,31000000.00 
2000/12/11,55000000.00 
2000/3/9,200000000.00 
1997/3/6,24800000.00 
1993/5/5,46000000.00 
1998/1/22,80000000.00 
1994/9/28,20280000.00 
2017/12/25,554832864.00 
2015/12/30,1901797599.00 
2004/6/25,30000000.00 
2004/6/25,30000000.00 
2004/6/25,21000000.00 
2004/6/25,22000000.00 
2004/6/25,26000000.00 
2004/6/25,30000000.00 
2004/6/25,22000000.00 
2004/6/25,27000000.00 
2004/6/29,25000000.00 
2004/6/29,20000000.00 
2004/7/5,28000000.00 
2004/7/5,30000000.00 
2004/7/5,20000000.00 
2004/7/8,23400000.00 
2004/7/8,20000000.00 
2004/7/8,25000000.00 
2004/7/13,25000000.00 
2004/7/13,15000000.00 
2004/7/15,17600000.00 
2004/7/15,26000000.00 
2004/7/21,18000000.00 
2004/7/21,24000000.00 
2004/7/21,25000000.00 
2004/7/26,25700000.00 
2004/7/27,30000000.00 
2004/8/4,29000000.00 
2004/8/5,13400000.00 
2004/8/6,25000000.00 
2004/8/9,22000000.00 
2004/8/16,38000000.00 
2004/8/17,34000000.00 
2004/8/25,25000000.00 
2004/8/26,21600000.00 
2004/9/1,25000000.00 
2004/9/3,30000000.00 
2004/9/8,40000000.00 
2004/9/9,19000000.00 
2005/3/3,50000000.00 
2005/3/25,38500000.00 
2005/4/18,22000000.00 
2005/4/27,40000000.00 
2005/5/10,42000000.00 
2005/5/18,45000000.00 
2005/5/23,30000000.00 
2005/5/26,25000000.00 
2005/5/31,51000000.00 
2005/6/3,30000000.00 
2005/6/6,25000000.00 
2005/6/7,30000000.00 
2006/6/19,60000000.00 
2006/6/27,22000000.00 
2006/6/27,70000000.00 
2006/7/25,34000000.00 
2006/7/25,16800000.00 
2006/8/2,60000000.00 
2006/8/2,30000000.00 
2006/8/2,18000000.00 
2006/8/10,55000000.00 
2006/8/10,82000000.00 
2006/8/16,38000000.00 
2006/8/16,28500000.00 
2006/8/23,27500000.00 
2006/8/23,35500000.00 
2006/8/23,21600000.00 
2006/8/23,15000000.00 
2006/9/15,80000000.00 
2006/9/15,35000000.00 
2006/9/28,28300000.00 
2006/10/12,50000000.00 
2006/10/18,70000000.00 
2006/10/18,18000000.00 
2006/10/18,24000000.00 
2006/10/25,90000000.00 
2006/10/25,26000000.00 
2006/11/16,60000000.00 
2006/11/16,75000000.00 
2006/11/16,38000000.00 
2006/11/20,37900000.00 
2006/11/20,24000000.00 
2006/11/20,30000000.00 
2006/11/24,79000000.00 
2006/11/24,44500000.00 
2006/11/28,80000000.00 
2006/11/28,34500000.00 
2006/11/30,80000000.00 
2006/11/30,26000000.00 
2006/11/30,17700000.00 
2006/12/8,17000000.00 
2006/12/8,32000000.00 
2006/12/8,100000000.00 
2006/12/15,16700000.00 
2006/12/15,34000000.00 
2006/12/15,15000000.00 
2006/12/22,15000000.00 
2006/12/22,33200000.00 
2006/12/22,55000000.00 
2006/12/26,27000000.00 
2006/12/26,16000000.00 
2006/12/29,17000000.00 
2006/12/29,30000000.00 
2007/1/10,48000000.00 
2007/1/10,28800000.00 
2007/1/12,68000000.00 
2007/1/12,48800000.00 
2007/1/24,18000000.00 
2007/1/24,18000000.00 
2007/1/26,40000000.00 
2007/1/26,100000000.00 
2007/1/26,21200000.00 
2007/2/8,20000000.00 
2007/2/8,22000000.00 
2007/2/15,25600000.00 
2007/2/15,20000000.00 
2007/2/15,29000000.00 
2007/3/2,28000000.00 
2007/3/2,16900000.00 
2007/3/2,25000000.00 
2007/3/6,17000000.00 
2007/3/6,15000000.00 
2007/3/28,34000000.00 
2007/3/28,16000000.00 
2007/4/3,18500000.00 
2007/4/3,25000000.00 
2007/4/18,30000000.00 
2007/4/18,28000000.00 
2007/4/18,78000000.00 
2007/4/20,100000000.00 
2007/4/20,14000000.00 
2007/4/27,19000000.00 
2007/4/27,41000000.00 
2007/4/27,63000000.00 
2007/5/16,50000000.00 
2007/5/30,50000000.00 
2007/5/30,20000000.00 
2007/6/13,33400000.00 
2007/6/13,24000000.00 
2007/6/29,18080000.00 
2007/7/12,16800000.00 
2007/7/20,20300000.00 
2007/7/19,450000000.00 
2007/8/3,27000000.00 
2007/8/3,60000000.00 
2007/8/8,70000000.00 
2007/8/8,24000000.00 
2007/8/10,12600000.00 
2007/8/10,23000000.00 
2007/8/10,17500000.00 
2007/8/13,13500000.00 
2007/8/13,36000000.00 
2007/8/13,14000000.00 
2007/8/16,24000000.00 
2007/8/16,98000000.00 
2007/8/16,67000000.00 
2007/8/17,19000000.00 
2007/8/17,38000000.00 
2007/8/17,30000000.00 
2007/8/21,42500000.00 
2007/8/21,16100000.00 
2007/8/23,95000000.00 
2007/8/23,34000000.00 
2007/8/23,30000000.00 
2007/9/13,19000000.00 
2007/9/13,16500000.00 
2007/9/13,12500000.00 
2007/9/19,13000000.00 
2007/9/19,18000000.00 
2007/9/19,24000000.00 
2007/9/21,35000000.00 
2007/9/21,44000000.00 
2007/9/25,17000000.00 
2007/9/25,21000000.00 
2007/10/12,14500000.00 
2007/10/12,17000000.00 
2007/11/1,19000000.00 
2007/11/1,20000000.00 
2007/11/1,30000000.00 
2007/11/13,14000000.00 
2007/11/16,70000000.00 
2007/11/13,48000000.00 
2007/11/13,31000000.00 
2007/11/16,28000000.00 
2007/11/20,44000000.00 
2007/11/20,36000000.00 
2007/11/22,40000000.00 
2007/11/22,20000000.00 
2007/12/3,50000000.00 
2007/12/3,27000000.00 
2007/12/5,67500000.00 
2007/12/5,15200000.00 
2007/12/7,20000000.00 
2007/12/7,53800000.00 
2007/12/12,14500000.00 
2007/12/12,20000000.00 
2007/12/18,22000000.00 
2007/12/18,20500000.00 
2007/12/21,16000000.00 
2007/12/21,21000000.00 
2007/12/26,20000000.00 
2007/12/26,50000000.00 
2008/1/16,55000000.00 
2008/1/16,54000000.00 
2008/1/23,20000000.00 
2008/1/23,32000000.00 
2008/1/28,25000000.00 
2008/1/28,26700000.00 
2008/1/30,29000000.00 
2008/1/30,35000000.00 
2008/2/1,61000000.00 
2008/2/1,38000000.00 
2008/2/1,26000000.00 
2008/2/18,25000000.00 
2008/2/18,30000000.00 
2008/2/20,23500000.00 
2008/2/20,31000000.00 
2008/2/28,40000000.00 
2008/3/6,23400000.00 
2008/2/28,18000000.00 
2008/3/6,56000000.00 
2008/3/19,47500000.00 
2008/4/18,26000000.00 
2008/4/25,19000000.00 
2008/4/25,60000000.00 
2008/5/6,13500000.00 
2008/5/6,27500000.00 
2008/5/8,25000000.00 
2008/5/8,20000000.00 
2008/5/12,26800000.00 
2008/5/12,27000000.00 
2008/5/9,32000000.00 
2008/5/16,100000000.00 
2008/5/16,27000000.00 
2008/5/16,25000000.00 
2008/5/20,16800000.00 
2008/5/20,24000000.00 
2008/5/26,67000000.00 
2008/5/22,34000000.00 
2008/5/23,76690000.00 
2008/5/22,30000000.00 
2008/5/28,67000000.00 
2008/5/28,40500000.00 
2008/5/29,60000000.00 
2008/6/5,15200000.00 
2008/6/5,49500000.00 
2008/6/12,16800000.00 
2008/6/12,30000000.00 
2008/6/19,32000000.00 
2008/6/19,32300000.00 
2008/6/19,35000000.00 
2008/6/23,40000000.00 
2008/6/23,13000000.00 
2008/6/25,32000000.00 
2008/6/25,27700000.00 
2008/6/25,22000000.00 
2008/7/8,34000000.00 
2008/7/16,55000000.00 
2008/7/16,30000000.00 
2008/7/23,20000000.00 
2008/7/23,30000000.00 
2008/7/28,64000000.00 
2008/7/31,26800000.00 
2008/8/6,73000000.00 
2008/8/6,35800000.00 
2008/8/13,100000000.00 
2008/8/11,17000000.00 
2008/8/28,70000000.00 
2008/9/5,36500000.00 
2008/9/10,13200000.00 
2008/9/19,23000000.00 
2008/9/19,16700000.00 
2008/9/25,51000000.00 
2009/7/10,46000000.00 
2009/7/10,50000000.00 
2009/7/17,50000000.00 
2009/8/11,46000000.00 
2009/8/11,15300000.00 
2009/8/21,13500000.00 
2009/8/21,40000000.00 
2009/8/21,43400000.00 
2009/8/21,60000000.00 
2009/8/28,24000000.00 
2009/8/28,32000000.00 
2009/8/28,20000000.00 
2009/8/28,41000000.00 
2009/9/3,22000000.00 
2009/9/3,18500000.00 
2009/9/3,21000000.00 
2009/9/3,55000000.00 
2009/9/10,40000000.00 
2009/9/10,35100000.00 
2009/9/10,28500000.00 
2009/9/29,36000000.00 
2009/9/29,15500000.00 
2009/9/29,27000000.00 
2009/9/29,28000000.00 
2009/10/21,41000000.00 
2009/10/21,34000000.00 
2009/10/21,31200000.00 
2009/11/3,35000000.00 
2009/11/3,45000000.00 
2009/11/6,45000000.00 
2009/11/6,48000000.00 
2009/11/11,50000000.00 
2009/11/11,47500000.00 
2009/11/27,53450000.00 
2009/11/27,33500000.00 
2009/11/27,14500000.00 
2009/11/27,56000000.00 
2009/12/3,15000000.00 
2009/12/3,25000000.00 
2009/12/3,73641000.00 
2009/12/9,29380000.00 
2009/12/9,30000000.00 
2009/12/11,20000000.00 
2009/12/11,40000000.00 
2009/12/11,25000000.00 
2009/12/16,39500000.00 
2009/12/16,37000000.00 
2009/12/18,16700000.00 
2009/12/18,21000000.00 
2009/12/18,35000000.00 
2009/12/22,30000000.00 
2009/12/22,33500000.00 
2009/12/30,26000000.00 
2009/12/30,75000000.00 
2010/1/6,27000000.00 
2010/1/6,63000000.00 
2010/1/6,14000000.00 
2010/1/12,85400000.00 
2010/1/12,39200000.00 
2010/1/13,16000000.00 
2010/1/13,19500000.00 
2010/1/13,100000000.00 
2010/1/15,30000000.00 
2010/1/15,20000000.00 
2010/1/22,22000000.00 
2010/1/22,23330000.00 
2010/1/22,19000000.00 
2010/1/26,50000000.00 
2010/1/26,25000000.00 
2010/1/26,70000000.00 
2010/1/28,30000000.00 
2010/1/28,35000000.00 
2010/1/28,26000000.00 
2010/2/3,38000000.00 
2010/2/3,20000000.00 
2010/2/3,27000000.00 
2010/2/5,37000000.00 
2010/2/5,19500000.00 
2010/2/5,29000000.00 
2010/2/9,23500000.00 
2010/2/9,52600000.00 
2010/2/9,20000000.00 
2010/2/10,21000000.00 
2010/2/10,22000000.00 
2010/2/10,27500000.00 
2010/3/3,15000000.00 
2010/3/3,20000000.00 
2010/3/3,27000000.00 
2010/3/5,30000000.00 
2010/3/5,16800000.00 
2010/3/5,23500000.00 
2010/3/12,33500000.00 
2010/3/12,33500000.00 
2010/3/12,25000000.00 
2010/3/16,25000000.00 
2010/3/16,30000000.00 
2010/3/16,16560000.00 
2010/3/18,63400000.00 
2010/3/18,17500000.00 
2010/3/18,13500000.00 
2010/3/23,53000000.00 
2010/3/23,38000000.00 
2010/3/23,27000000.00 
2010/3/31,43000000.00 
2010/3/31,19500000.00 
2010/3/31,17000000.00 
2010/4/2,20000000.00 
2010/4/2,20000000.00 
2010/4/2,30000000.00 
2010/4/9,40000000.00 
2010/4/9,60800000.00 
2010/4/9,100000000.00 
2010/4/13,33500000.00 
2010/4/13,28000000.00 
2010/4/13,17000000.00 
2010/4/16,21700000.00 
2010/4/16,25000000.00 
2010/4/23,33750000.00 
2010/4/23,46000000.00 
2010/4/23,27000000.00 
2010/4/29,22500000.00 
2010/6/23,44000000.00 
2010/4/29,16000000.00 
2010/5/6,30000000.00 
2010/5/6,40100000.00 
2010/5/6,20600000.00 
2010/5/6,13300000.00 
2010/5/11,16700000.00 
2010/5/11,60000000.00 
2010/5/11,33500000.00 
2010/5/18,56000000.00 
2010/5/18,47000000.00 
2010/5/18,27000000.00 
2010/5/18,65000000.00 
2010/5/25,28000000.00 
2010/5/25,25000000.00 
2010/5/25,21800000.00 
2010/5/25,19000000.00 
2010/5/28,37000000.00 
2010/7/16,75000000.00 
2010/5/28,50000000.00 
2010/5/28,50000000.00 
2010/6/1,30000000.00 
2010/6/1,36000000.00 
2010/6/1,50100000.00 
2010/6/1,63000000.00 
2010/6/3,20000000.00 
2010/6/3,60000000.00 
2010/6/3,79000000.00 
2010/6/3,37000000.00 
2010/6/8,27000000.00 
2010/6/8,40100000.00 
2010/6/8,46000000.00 
2010/6/8,32000000.00 
2010/6/10,56000000.00 
2010/6/10,71000000.00 
2010/6/10,30000000.00 
2010/6/10,31000000.00 
2010/6/18,25000000.00 
2010/6/18,42500000.00 
2010/6/18,33000000.00 
2010/6/18,27930000.00 
2010/6/23,35000000.00 
2010/6/23,26000000.00 
2010/6/23,25000000.00 
2010/7/6,73820000.00 
2010/7/6,29000000.00 
2010/7/6,50000000.00 
2010/7/6,33500000.00 
2010/7/13,63500000.00 
2010/7/13,31000000.00 
2010/7/13,26000000.00 
2010/7/13,17000000.00 
2010/7/16,23500000.00 
2010/7/16,55000000.00 
2010/7/16,40400000.00 
2010/7/20,36600000.00 
2010/7/20,25000000.00 
2010/7/20,30000000.00 
2010/7/20,60000000.00 
2010/8/3,22000000.00 
2010/8/3,24000000.00 
2010/8/3,35000000.00 
2010/8/10,27000000.00 
2010/8/10,43000000.00 
2010/8/10,25000000.00 
2010/8/18,70000000.00 
2010/8/18,40000000.00 
2010/8/18,80000000.00 
2010/8/31,35000000.00 
2010/8/31,85000000.00 
2010/8/31,24500000.00 
2010/9/8,30000000.00 
2010/9/8,40000000.00 
2010/9/8,16600000.00 
2010/9/8,100000000.00 
2010/9/10,40000000.00 
2010/9/10,30000000.00 
2010/9/10,20000000.00 
2010/9/15,26000000.00 
2010/9/15,43800000.00 
2010/9/15,30000000.00 
2010/9/21,69500000.00 
2010/9/21,54000000.00 
2010/9/21,35000000.00 
2010/9/21,15000000.00 
2010/9/29,40000000.00 
2010/9/29,50000000.00 
2010/9/29,40000000.00 
2010/10/15,50000000.00 
2010/10/15,52000000.00 
2010/10/15,30000000.00 
2010/10/21,30000000.00 
2010/10/21,60000000.00 
2010/10/21,70000000.00 
2010/10/21,67000000.00 
2010/11/2,30000000.00 
2010/11/2,56000000.00 
2010/11/2,28500000.00 
2010/11/2,26000000.00 
2010/11/9,25000000.00 
2010/11/9,40000000.00 
2010/11/9,50000000.00 
2010/11/9,19000000.00 
2010/11/15,399800000.00 
2010/11/17,23600000.00 
2010/11/17,22000000.00 
2010/11/17,20000000.00 
2010/11/18,27000000.00 
2010/11/18,26000000.00 
2010/11/18,66000000.00 
2010/11/23,40000000.00 
2010/11/23,40000000.00 
2010/11/23,25000000.00 
2010/11/25,52000000.00 
2010/11/25,40000000.00 
2010/12/3,30000000.00 
2010/12/3,19000000.00 
2010/12/3,17000000.00 
2010/12/3,18500000.00 
2010/12/7,50000000.00 
2010/12/7,22100000.00 
2010/12/7,29000000.00 
2010/12/7,17600000.00 
2010/12/10,16000000.00 
2010/12/10,37000000.00 
2010/12/10,26670000.00 
2010/12/10,40000000.00 
2010/12/17,22600000.00 
2010/12/17,67000000.00 
2010/12/24,50000000.00 
2010/12/24,37000000.00 
2010/12/24,40000000.00 
2010/12/31,34000000.00 
2010/12/31,52000000.00 
2010/12/31,20000000.00 
2010/12/31,35000000.00 
2011/1/10,41000000.00 
2011/1/11,51200000.00 
2011/1/11,24000000.00 
2011/1/10,25000000.00 
2011/1/18,38000000.00 
2011/1/18,42000000.00 
2011/1/18,40000000.00 
2011/1/18,34000000.00 
2011/1/28,16800000.00 
2011/1/28,50000000.00 
2011/1/28,22000000.00 
2011/2/11,43500000.00 
2011/2/11,21000000.00 
2011/2/18,36000000.00 
2011/2/18,24000000.00 
2011/2/18,20000000.00 
2011/2/18,40000000.00 
2011/2/25,20500000.00 
2011/2/25,25000000.00 
2011/2/25,22000000.00 
2011/2/25,35000000.00 
2011/3/2,17000000.00 
2011/3/2,37500000.00 
2011/3/2,50000000.00 
2011/3/2,15000000.00 
2011/3/3,22000000.00 
2011/3/3,20000000.00 
2011/3/3,70000000.00 
2011/3/10,26700000.00 
2011/3/11,70000000.00 
2011/3/10,48000000.00 
2011/3/18,33500000.00 
2011/3/18,27600000.00 
2011/3/25,35000000.00 
2011/3/25,20000000.00 
2011/4/12,23340000.00 
2011/4/12,43000000.00 
2011/4/12,22000000.00 
2011/4/12,13500000.00 
2011/4/22,38000000.00 
2011/4/22,60000000.00 
2011/4/22,33800000.00 
2011/4/28,32000000.00 
2011/4/28,32000000.00 
2011/4/28,43000000.00 
2011/5/6,24350000.00 
2011/5/6,18800000.00 
2011/5/20,27080000.00 
2011/5/20,18600000.00 
2011/5/27,70000000.00 
2011/6/2,50000000.00 
2011/6/2,52000000.00 
2011/6/2,27000000.00 
2011/6/10,21000000.00 
2011/6/10,32500000.00 
2011/6/10,23800000.00 
2011/6/10,23340000.00 
2011/6/21,20000000.00 
2011/11/11,18900000.00 
2011/6/28,53000000.00 
2011/6/30,79000000.00 
2011/6/28,50000000.00 
2011/7/7,34000000.00 
2011/7/7,33500000.00 
2011/7/7,40000000.00 
2011/7/15,33000000.00 
2011/7/15,79500000.00 
2011/7/15,24000000.00 
2011/7/28,45000000.00 
2011/7/28,65000000.00 
2011/7/28,46600000.00 
2011/8/5,23500000.00 
2011/8/5,25000000.00 
2011/8/10,22000000.00 
2011/8/10,37000000.00 
2011/8/15,30000000.00 
2011/8/15,50000000.00 
2011/8/30,34000000.00 
2011/8/30,50000000.00 
2011/8/30,67000000.00 
2011/9/9,30000000.00 
2011/9/9,22800000.00 
2011/9/20,37000000.00 
2011/9/20,30000000.00 
2011/9/20,40000000.00 
2011/9/29,23500000.00 
2011/9/29,20000000.00 
2011/9/29,25000000.00 
2011/10/18,38000000.00 
2011/10/13,40000000.00 
2011/10/28,25000000.00 
2011/11/3,19338000.00 
2011/10/28,23000000.00 
2011/11/3,33500000.00 
2011/11/3,42000000.00 
2011/11/3,28610000.00 
2011/11/11,42000000.00 
2011/11/11,40000000.00 
2011/11/22,26670000.00 
2011/11/22,25000000.00 
2011/12/5,16700000.00 
2011/11/25,30000000.00 
2011/11/25,70000000.00 
2011/11/25,20000000.00 
2011/11/25,46835000.00 
2011/12/5,40000000.00 
2011/12/8,16670000.00 
2011/12/8,50000000.00 
2011/12/20,25000000.00 
2011/12/20,34460000.00 
2011/12/22,20200000.00 
2011/12/20,16670000.00 
2011/12/22,60000000.00 
2011/12/28,42230000.00 
2011/12/28,50000000.00 
2012/1/6,25000000.00 
2012/1/6,40000000.00 
2012/1/6,41000000.00 
2012/1/19,26680000.00 
2012/1/17,40100000.00 
2012/2/17,22000000.00 
2012/2/17,30000000.00 
2012/2/28,25000000.00 
2012/2/28,17450000.00 
2012/3/9,34380000.00 
2012/3/9,39000000.00 
2012/3/16,24280000.00 
2012/3/16,20770000.00 
2012/3/9,75000000.00 
2012/3/16,43680000.00 
2012/3/16,33340000.00 
2012/3/27,33350000.00 
2012/3/27,40000000.00 
2012/3/29,17000000.00 
2012/4/16,41350000.00 
2012/4/16,25000000.00 
2012/4/16,50000000.00 
2012/4/26,23600000.00 
2012/4/26,25000000.00 
2012/5/3,200000000.00 
2012/5/7,60000000.00 
2012/5/25,27000000.00 
2012/5/25,40000000.00 
2012/5/25,50000000.00 
2012/5/30,48000000.00 
2012/6/5,34680000.00 
2012/6/5,37500000.00 
2012/6/12,40000000.00 
2012/6/12,54760000.00 
2012/6/12,13300000.00 
2012/6/12,50000000.00 
2012/7/3,22670000.00 
2012/7/13,24650000.00 
2012/7/13,27230000.00 
2012/7/17,77500000.00 
2012/7/31,50000000.00 
2012/7/31,50000000.00 
2012/8/8,45350000.00 
2012/8/8,30000000.00 
2012/8/16,36000000.00 
2012/9/5,30980000.00 
2012/9/5,22000000.00 
2012/9/5,50000000.00 
2012/9/11,41000000.00 
2012/9/11,23500000.00 
2012/9/21,18338000.00 
2012/10/11,76670000.00 
2012/10/11,17700000.00 
2012/11/2,15000000.00 
2014/1/21,76000000.00 
2014/1/21,21540000.00 
2014/1/23,14575000.00 
2014/1/21,33200000.00 
2014/1/23,30105000.00 
2014/1/27,37527500.00 
2014/1/23,21329878.00 
2014/2/19,31210119.00 
2014/1/28,60500000.00 
2014/2/19,23000000.00 
2014/1/28,57192116.00 
2014/2/19,21430000.00 
2014/1/28,13100000.00 
2014/1/28,22900000.00 
2014/1/27,41812500.00 
2014/1/28,33600000.00 
2014/1/29,23350000.00 
2014/11/4,50000000.00 
2014/1/29,25000000.00 
2014/6/26,54590000.00 
2014/7/2,65100000.00 
2014/7/31,25000000.00 
2014/9/12,16680000.00 
2014/10/9,36670000.00 
2014/11/4,37680000.00 
2014/12/5,39350000.00 
2014/12/3,34000000.00 
2015/1/27,25000000.00 
2014/12/3,20000000.00 
2014/12/29,1200000000.00 
2014/12/30,36500000.00 
2014/12/30,30000000.00 
2015/1/22,60000000.00 
2015/1/22,25000000.00 
2015/2/16,30000000.00 
2015/2/17,24000000.00 
2015/2/17,30340000.00 
2015/2/17,44500000.00 
2015/2/16,39850000.00 
2015/3/20,30000000.00 
2015/3/19,30000000.00 
2015/3/20,18750000.00 
2015/3/24,16750000.00 
2015/4/24,17560000.00 
2015/4/22,60000000.00 
2015/5/19,24700000.00 
2015/5/15,25340000.00 
2015/5/15,50000000.00 
2015/5/27,27340000.00 
2015/5/27,14000000.00 
2015/5/28,24000000.00 
2015/6/11,22000000.00 
2015/6/10,30000000.00 
2015/6/10,17000000.00 
2015/6/10,54000000.00 
2015/6/12,52000000.00 
2015/6/11,45800000.00 
2015/6/12,25000000.00 
2015/6/30,20000000.00 
2015/6/29,18500000.00 
2015/6/30,68400000.00 
2015/6/29,20000000.00 
2015/6/26,37250000.00 
2015/6/26,45600000.00 
2017/3/24,83700000.00 
2015/6/29,30000000.00 
2015/6/26,26220000.00 
2015/12/31,20000000.00 
2016/1/6,22300000.00 
2015/12/9,22000000.00 
2015/12/9,17000000.00 
2015/12/22,56250000.00 
2015/12/22,42600000.00 
2015/12/9,20870000.00 
2015/12/23,50000000.00 
2015/12/23,31780000.00 
2015/12/31,35200000.00 
2016/2/18,32050000.00 
2016/3/11,20300000.00 
2016/3/8,40000000.00 
2016/3/29,53590000.00 
2016/3/28,37500000.00 
2016/4/15,25000000.00 
2016/4/28,25000000.00 
2016/5/10,20000000.00 
2016/5/11,219000000.00 
2016/5/25,21600000.00 
2016/6/8,25000000.00 
2016/5/30,18680000.00 
2016/6/22,14720000.00 
2016/6/29,27000000.00 
2016/7/12,29000000.00 
2016/7/7,24229000.00 
2016/7/26,20000000.00 
2016/9/2,209445500.00 
2016/8/12,30000000.00 
2016/8/23,20000000.00 
2016/8/26,23980000.00 
2016/9/8,45000000.00 
2016/9/14,33480000.00 
2016/10/12,30000000.00 
2016/10/12,50000000.00 
2016/10/25,25000000.00 
2016/10/25,21670000.00 
2016/11/9,44000000.00 
2016/11/11,28340000.00 
2016/11/18,32000000.00 
2016/11/18,28215875.00 
2016/11/29,75000000.00 
2016/11/24,36000000.00 
2017/1/12,30000000.00 
2016/11/29,25000000.00 
2016/12/9,47430000.00 
2016/12/9,46000000.00 
2016/12/8,29300000.00 
2016/12/13,19000000.00 
2016/12/13,16670000.00 
2016/12/16,40010000.00 
2016/12/23,26670000.00 
2016/12/28,33360000.00 
2016/12/28,27000000.00 
2016/12/29,20000000.00 
2016/12/29,20000000.00 
2017/1/6,21000000.00 
2017/1/24,180760000.00 
2017/1/10,44666700.00 
2017/1/19,40500000.00 
2017/1/19,25000000.00 
2017/1/20,35000000.00 
2017/1/25,24000000.00 
2017/2/7,30000000.00 
2017/2/8,31000000.00 
2017/2/13,41800000.00 
2017/2/17,21666700.00 
2017/3/2,35000000.00 
2017/3/6,44500000.00 
2017/3/10,25000000.00 
2017/3/10,15600000.00 
2017/3/21,60000000.00 
2017/3/20,25340000.00 
2017/3/23,20000000.00 
2017/3/24,15800000.00 
2017/4/7,25570000.00 
2017/4/12,18994670.00 
2017/4/13,30680000.00 
2017/4/11,20000000.00 
2017/4/18,55500000.00 
2017/11/16,21670000.00 
2017/4/25,30000000.00 
2017/4/26,35906700.00 
2017/4/27,76850000.00 
2017/5/3,30000000.00 
2017/5/15,29520000.00 
2017/5/15,27670000.00 
2017/5/11,17000000.00 
2017/5/19,53000000.00 
2017/5/19,17220000.00 
2017/6/1,25000000.00 
2017/5/25,20000000.00 
2017/6/5,30560000.00 
2017/6/6,18840000.00 
2017/7/7,35000000.00 
2017/6/16,27000000.00 
2017/6/22,26670000.00 
2017/7/17,80000000.00 
2017/6/20,13333500.00 
2017/7/11,19370000.00 
2017/6/27,20000000.00 
2017/6/27,19608000.00 
2017/8/1,20000000.00 
2017/7/21,20780000.00 
2017/7/31,34530000.00 
2017/8/2,16670000.00 
2017/8/21,25000000.00 
2017/8/17,20900000.00 
2017/9/15,30000000.00 
2017/8/25,40010000.00 
2017/8/29,20000000.00 
2017/9/7,26670000.00 
2017/9/12,40000000.00 
2017/9/15,30000000.00 
2017/9/22,52766700.00 
2017/9/22,40100000.00 
2017/9/29,35000000.00 
2017/10/13,25000000.00 
2017/10/16,42000000.00 
2017/10/13,73100000.00 
2017/10/20,40060000.00 
2017/10/20,33340000.00 
2017/10/26,30000000.00 
2017/10/31,46840000.00 
2017/11/22,56000000.00 
2017/11/21,16700000.00 
2017/12/1,36013000.00 
2017/12/5,28000000.00 
2017/12/13,70000000.00 
2017/12/8,28270000.00 
2017/12/19,39430000.00 
2017/12/18,20360000.00 
2017/12/26,100000000.00 
2017/12/27,20000000.00 
2017/12/29,33000000.00 
2018/1/5,25000000.00 
2018/1/15,75000000.00 
2018/2/5,525000000.00 
2018/2/23,23450000.00 
2018/3/2,40500000.00 
2018/3/1,55186600.00 
2018/3/28,60830000.00 
2018/4/3,22220000.00 
2018/7/10,16646287.00 
2018/8/28,29350000.00 
2018/9/3,26670000.00 
2018/9/19,600000000.00 
2018/9/26,46000000.00 
2018/9/18,231143082.00 
2018/10/26,310340536.00 
2018/10/23,22500000.00 
2018/11/28,65000000.00 
2018/12/5,30000000.00 
2018/11/29,25000000.00 
2019/1/17,270000000.00 
2019/1/25,85371067.00 
2019/2/1,30378003.00 
2019/1/16,450977251.00 
2019/2/26,49030000.00 
2019/3/11,48000000.00 
2019/3/15,45000000.00 
2019/3/28,18260000.00 
2019/5/9,43020000.00 
2019/5/23,34310000.00 
2019/6/19,20000000.00 
2019/7/26,41000000.00 
2019/3/26,555555556.00 
2019/8/23,30000000.00 
2019/8/9,60000000.00 
2019/9/5,45000000.00 
2019/9/17,50400000.00 
2019/10/28,37590000.00 
2019/10/25,37680000.00 
2019/8/2,333333334.00 
2019/11/8,82670000.00 
2019/12/3,17910667.00 
2019/12/2,95263100.00 
2019/12/17,21600000.00 
2019/12/27,44080000.00 
2020/1/6,40890000.00 
2019/8/26,5049861100.00 
2009/10/30,33600000.00 
2009/10/30,31600000.00 
2009/10/30,41000000.00 
2009/10/30,24000000.00 
2009/10/30,17000000.00 
2009/10/30,23000000.00 
2009/10/30,15000000.00 
2009/10/30,12600000.00 
2009/10/30,21000000.00 
2009/10/30,26500000.00 
2009/10/30,13000000.00 
2009/10/30,21000000.00 
2009/10/30,15000000.00 
2009/10/30,22000000.00 
2009/10/30,33500000.00 
2009/10/30,17000000.00 
2009/10/30,23000000.00 
2009/10/30,16350000.00 
2009/10/30,13000000.00 
2009/10/30,20000000.00 
2009/10/30,18000000.00 
2009/10/30,22400000.00 
2009/10/30,15000000.00 
2009/10/30,15500000.00 
2009/10/30,10000000.00 
2009/10/30,12590000.00 
2009/10/30,42000000.00 
2009/10/30,37000000.00 
2009/12/25,50000000.00 
2009/12/25,18600000.00 
2009/12/25,12500000.00 
2009/12/25,35700000.00 
2009/12/25,16800000.00 
2009/12/25,30000000.00 
2009/12/25,15500000.00 
2009/12/25,19000000.00 
2010/1/8,27000000.00 
2010/1/8,23000000.00 
2010/1/8,27400000.00 
2010/1/8,18000000.00 
2010/1/8,17000000.00 
2010/1/8,16800000.00 
2010/1/20,13200000.00 
2010/1/20,20000000.00 
2010/1/20,17000000.00 
2010/1/20,15000000.00 
2010/1/20,27000000.00 
2010/1/20,30000000.00 
2010/1/20,19000000.00 
2010/1/20,14000000.00 
2010/2/11,13500000.00 
2010/2/11,25000000.00 
2010/2/11,25000000.00 
2010/2/11,15000000.00 
2010/2/26,22000000.00 
2010/2/26,13000000.00 
2010/2/26,53000000.00 
2010/2/26,20000000.00 
2010/3/19,35000000.00 
2010/3/19,15000000.00 
2010/3/19,20000000.00 
2010/3/26,17000000.00 
2010/3/26,38000000.00 
2010/3/26,13850000.00 
2010/3/26,13000000.00 
2010/4/21,27000000.00 
2010/4/21,62000000.00 
2010/4/21,15000000.00 
2010/4/21,37000000.00 
2010/4/21,13000000.00 
2010/4/27,25000000.00 
2010/4/27,20000000.00 
2010/4/27,10000000.00 
2010/4/27,14000000.00 
2010/4/30,13640000.00 
2010/4/30,27200000.00 
2010/4/30,17000000.00 
2010/4/30,28000000.00 
2010/6/25,35000000.00 
2010/5/20,17000000.00 
2010/5/20,27000000.00 
2010/5/20,25000000.00 
2010/5/20,16000000.00 
2010/5/26,15000000.00 
2010/5/26,25000000.00 
2010/5/26,13200000.00 
2010/5/26,31500000.00 
2010/6/25,25000000.00 
2010/6/25,32000000.00 
2010/6/25,21000000.00 
2010/7/8,23000000.00 
2010/7/8,30000000.00 
2010/7/8,80000000.00 
2010/7/28,19500000.00 
2010/7/28,22000000.00 
2010/7/28,15000000.00 
2010/7/28,17100000.00 
2010/8/6,10340000.00 
2010/8/6,23500000.00 
2010/8/6,17500000.00 
2010/8/12,29500000.00 
2010/8/12,16350000.00 
2010/8/12,25000000.00 
2010/8/20,22000000.00 
2010/8/20,30000000.00 
2010/8/20,16900000.00 
2010/8/25,13000000.00 
2010/8/25,9000000.00 
2010/8/25,53600000.00 
2010/8/27,51000000.00 
2010/8/27,18000000.00 
2010/8/27,15000000.00 
2010/8/27,20000000.00 
2010/9/2,21500000.00 
2010/9/2,20000000.00 
2010/9/2,28000000.00 
2010/9/2,45000000.00 
2010/9/17,18600000.00 
2010/9/17,22000000.00 
2010/9/17,15000000.00 
2010/9/28,40000000.00 
2010/9/28,22000000.00 
2010/9/28,27000000.00 
2010/10/13,15000000.00 
2010/10/13,21050000.00 
2010/10/13,41000000.00 
2010/10/13,25000000.00 
2010/10/19,30000000.00 
2010/10/19,16000000.00 
2010/10/19,11900000.00 
2010/10/26,17000000.00 
2010/10/26,14120000.00 
2010/10/26,40000000.00 
2010/10/26,20000000.00 
2010/11/5,16670000.00 
2010/11/5,30000000.00 
2010/11/5,23000000.00 
2010/11/12,13700000.00 
2010/11/12,15500000.00 
2010/11/12,14000000.00 
2010/11/12,25000000.00 
2010/12/9,17000000.00 
2010/12/9,42000000.00 
2010/12/9,20000000.00 
2010/12/15,13680000.00 
2010/12/15,31000000.00 
2010/12/15,19000000.00 
2010/12/22,17000000.00 
2010/12/22,35000000.00 
2010/12/22,17000000.00 
2010/12/29,28000000.00 
2010/12/29,20000000.00 
2010/12/29,28000000.00 
2011/1/7,18000000.00 
2011/1/7,20050000.00 
2011/1/7,22220000.00 
2011/1/7,36000000.00 
2011/1/7,10600000.00 
2011/1/13,23400000.00 
2011/1/13,27000000.00 
2011/1/13,16800000.00 
2011/1/13,20000000.00 
2011/1/13,17000000.00 
2011/1/25,18500000.00 
2011/1/25,10176000.00 
2011/1/25,11120000.00 
2011/1/25,30000000.00 
2011/1/25,23500000.00 
2011/2/1,30000000.00 
2011/2/1,20000000.00 
2011/2/1,25000000.00 
2011/2/1,17000000.00 
2011/2/1,17000000.00 
2011/2/15,27000000.00 
2011/2/15,22400000.00 
2011/2/15,12500000.00 
2011/2/15,30000000.00 
2011/2/15,20000000.00 
2011/2/22,40000000.00 
2011/2/22,20000000.00 
2011/2/22,14000000.00 
2011/2/22,25000000.00 
2011/2/22,16700000.00 
2011/3/8,90000000.00 
2011/3/8,16700000.00 
2011/3/16,13500000.00 
2011/3/16,40000000.00 
2011/3/16,13300000.00 
2011/3/16,20000000.00 
2011/3/22,18500000.00 
2011/3/22,55500000.00 
2011/3/22,33400000.00 
2011/3/29,25000000.00 
2011/3/29,30000000.00 
2011/3/29,15500000.00 
2011/4/7,23000000.00 
2011/4/7,25000000.00 
2011/4/7,26800000.00 
2011/4/7,20000000.00 
2011/4/15,21200000.00 
2011/4/15,45000000.00 
2011/4/15,16700000.00 
2011/4/21,19910000.00 
2011/4/21,25000000.00 
2011/4/21,47000000.00 
2011/4/26,17500000.00 
2011/4/26,20000000.00 
2011/4/26,19000000.00 
2011/5/5,12500000.00 
2011/5/5,17000000.00 
2011/5/5,21000000.00 
2011/5/11,35000000.00 
2011/5/11,11500000.00 
2011/5/11,17000000.00 
2011/5/18,23000000.00 
2011/5/18,26400000.00 
2011/5/18,31000000.00 
2011/5/25,9000000.00 
2011/5/25,25000000.00 
2011/5/25,15000000.00 
2011/5/31,20000000.00 
2011/5/31,40000000.00 
2011/5/31,17000000.00 
2011/6/8,10000000.00 
2011/6/8,17000000.00 
2011/6/8,17000000.00 
2011/6/15,30000000.00 
2011/6/15,22500000.00 
2011/6/15,10000000.00 
2011/6/22,20000000.00 
2011/6/22,31000000.00 
2011/6/22,20000000.00 
2011/6/29,11000000.00 
2011/6/29,21500000.00 
2011/6/29,14300000.00 
2011/7/6,15300000.00 
2011/7/6,19000000.00 
2011/7/6,27000000.00 
2011/7/12,27000000.00 
2011/7/12,19000000.00 
2011/7/12,13500000.00 
2011/7/19,12800000.00 
2011/7/19,17000000.00 
2011/7/19,10500000.00 
2011/7/29,20500000.00 
2011/7/29,11200000.00 
2011/8/3,19600000.00 
2011/8/3,10000000.00 
2011/8/3,27400000.00 
2011/8/18,27000000.00 
2011/8/18,13500000.00 
2011/8/19,33800000.00 
2011/8/19,27000000.00 
2011/8/19,25000000.00 
2011/8/19,36000000.00 
2011/8/26,25000000.00 
2011/8/31,19000000.00 
2011/9/6,16700000.00 
2011/9/6,22700000.00 
2011/9/16,16700000.00 
2011/9/16,20000000.00 
2011/9/16,26000000.00 
2011/9/16,35000000.00 
2011/9/27,14000000.00 
2011/9/27,46000000.00 
2011/9/27,17000000.00 
2011/10/12,18400000.00 
2011/10/12,10000000.00 
2011/10/26,18500000.00 
2011/11/2,27500000.00 
2011/10/26,33350000.00 
2011/11/2,44800000.00 
2011/11/2,14670000.00 
2011/11/15,15000000.00 
2011/11/23,17000000.00 
2011/12/16,21700000.00 
2011/12/29,15500000.00 
2011/12/29,32000000.00 
2011/12/29,15000000.00 
2011/12/29,11510000.00 
2012/1/10,17710000.00 
2012/1/10,60000000.00 
2012/1/13,15600000.00 
2012/1/13,8670000.00 
2012/2/1,21000000.00 
2012/2/16,13400000.00 
2012/2/16,38400000.00 
2012/2/16,17000000.00 
2012/2/9,15000000.00 
2012/2/29,16700000.00 
2012/3/8,15000000.00 
2012/3/8,19020311.00 
2012/3/15,13350000.00 
2012/3/15,25000000.00 
2012/3/15,24500000.00 
2012/3/19,22000000.00 
2012/3/19,17000000.00 
2012/3/19,22000000.00 
2012/3/21,27000000.00 
2012/3/21,15000000.00 
2012/3/19,20460000.00 
2012/3/21,25000000.00 
2012/3/29,20000000.00 
2012/3/29,15000000.00 
2012/3/29,61000000.00 
2012/4/10,16670000.00 
2012/4/10,28000000.00 
2012/4/25,22000000.00 
2012/4/25,17700000.00 
2012/5/8,26680000.00 
2012/4/25,22730000.00 
2012/5/8,20000000.00 
2012/5/11,40915000.00 
2012/5/11,33350000.00 
2012/5/11,35000000.00 
2012/5/23,25600000.00 
2012/5/23,13340000.00 
2012/6/1,16670000.00 
2012/5/23,11100000.00 
2012/6/8,23345000.00 
2012/6/1,50000000.00 
2012/6/8,14000000.00 
2012/6/1,20000000.00 
2012/6/13,13000000.00 
2012/6/13,32000000.00 
2012/6/19,28000000.00 
2012/6/19,16770000.00 
2012/6/19,20000000.00 
2012/6/28,15500000.00 
2012/6/28,80000000.00 
2012/6/28,28000000.00 
2012/7/5,29000000.00 
2012/7/10,34880000.00 
2012/7/10,24000000.00 
2012/7/18,46800000.00 
2012/7/26,15000000.00 
2012/7/18,19190000.00 
2012/7/26,12500000.00 
2012/7/26,23000000.00 
2012/7/26,25000000.00 
2012/8/1,10000000.00 
2012/8/1,25130000.00 
2012/8/1,24000000.00 
2012/8/7,12570000.00 
2012/8/17,13400000.00 
2012/8/17,13000000.00 
2012/8/17,15000000.00 
2012/8/21,21670000.00 
2012/9/20,20000000.00 
2012/9/12,16700000.00 
2012/9/27,13400000.00 
2012/9/20,11090000.00 
2012/9/27,34360000.00 
2012/10/9,21670000.00 
2014/1/21,25250000.00 
2014/1/21,18249813.00 
2014/1/21,16300000.00 
2014/1/21,19880000.00 
2014/1/21,25700000.00 
2014/1/29,27250000.00 
2015/1/21,30000000.00 
2014/1/23,12080000.00 
2014/1/27,14287500.00 
2014/1/29,14702500.00 
2014/1/23,15475000.00 
2014/1/29,21150000.00 
2014/1/23,13450000.00 
2014/1/23,12000000.00 
2014/1/23,20600000.00 
2015/3/19,24340000.00 
2014/1/27,22200000.00 
2014/1/27,22390000.00 
2014/1/27,13850000.00 
2014/1/27,30000000.00 
2014/1/28,12858296.00 
2014/1/28,17180000.00 
2014/1/28,11450000.00 
2014/1/29,13309247.00 
2014/1/29,13645000.00 
2014/8/1,13340000.00 
2014/6/26,20000000.00 
2014/6/26,23760000.00 
2014/7/2,15250000.00 
2014/8/1,22060000.00 
2014/8/1,19660000.00 
2014/7/31,19500000.00 
2014/8/1,16670000.00 
2014/9/10,16000000.00 
2014/9/12,29880000.00 
2015/2/17,18590000.00 
2014/9/10,16200000.00 
2014/9/10,15340000.00 
2014/9/10,30000000.00 
2014/10/9,20000000.00 
2014/10/9,20000000.00 
2014/10/10,20000000.00 
2014/10/9,22700000.00 
2014/10/10,51000000.00 
2014/10/30,34000000.00 
2015/4/24,16670000.00 
2014/10/30,17000000.00 
2014/10/30,31110000.00 
2014/12/3,17000000.00 
2014/12/3,46000000.00 
2014/12/3,16250000.00 
2014/12/31,15000000.00 
2014/12/31,20000000.00 
2014/12/31,13400000.00 
2015/1/21,70000000.00 
2015/5/13,21070000.00 
2015/1/23,30000000.00 
2015/1/22,15700000.00 
2015/1/23,10200000.00 
2015/1/21,70000000.00 
2015/1/22,10300000.00 
2015/2/17,20000000.00 
2015/2/17,28000000.00 
2015/2/17,15500000.00 
2015/2/17,22000000.00 
2015/4/22,33270000.00 
2015/2/16,18000000.00 
2015/2/17,20000000.00 
2015/2/17,22170000.00 
2015/3/19,20200000.00 
2015/3/24,20000000.00 
2015/3/19,15200000.00 
2015/3/24,30000000.00 
2015/3/19,30000000.00 
2015/3/18,67360000.00 
2015/4/24,17000000.00 
2015/3/26,20000000.00 
2015/4/22,17500000.00 
2015/4/23,16700000.00 
2015/4/24,21000000.00 
2015/4/22,28340000.00 
2015/4/23,28000000.00 
2015/4/23,21120000.00 
2015/4/24,25000000.00 
2015/4/22,14070000.00 
2015/4/23,34486400.00 
2015/4/24,10200000.00 
2015/4/23,15400000.00 
2015/4/22,20250000.00 
2015/4/24,20000000.00 
2015/4/22,17700000.00 
2015/5/18,17000000.00 
2015/5/14,17000000.00 
2015/5/15,11600000.00 
2015/5/15,19860000.00 
2018/5/16,40010000.00 
2015/5/15,35000000.00 
2015/5/14,21000000.00 
2015/5/14,19500000.00 
2015/5/15,40000000.00 
2015/5/15,26500000.00 
2015/5/15,42080000.00 
2015/5/19,16680000.00 
2015/5/27,17220000.00 
2015/5/28,46500000.00 
2015/6/10,20670000.00 
2015/5/28,33340000.00 
2015/5/28,20000000.00 
2015/5/27,10000000.00 
2015/5/27,25000000.00 
2015/6/11,16700000.00 
2015/6/12,13340000.00 
2015/6/11,17800000.00 
2015/6/11,16670000.00 
2015/6/12,25000000.00 
2016/3/31,33500000.00 
2015/6/10,50000000.00 
2015/6/11,36670000.00 
2015/6/10,27045000.00 
2015/6/10,16670000.00 
2015/6/12,20000000.00 
2015/7/2,23000000.00 
2015/6/30,20000000.00 
2015/6/30,22000000.00 
2015/6/30,15500000.00 
2016/3/22,13000000.00 
2015/6/26,30000000.00 
2015/6/30,34720000.00 
2015/7/2,20000000.00 
2015/7/1,15630000.00 
2015/7/1,11350000.00 
2015/12/31,25000000.00 
2015/12/31,20000000.00 
2015/12/23,20800000.00 
2015/12/10,30000000.00 
2015/12/31,30000000.00 
2015/12/22,16700000.00 
2015/12/10,25000000.00 
2015/12/22,18000000.00 
2015/11/2,435247380.00 
2016/2/2,16670000.00 
2016/2/4,15000000.00 
2016/2/4,13380000.00 
2016/3/3,19400000.00 
2016/3/9,25000000.00 
2018/3/30,66852000.00 
2016/3/15,23350000.00 
2016/3/24,30000000.00 
2016/4/29,16670000.00 
2016/4/19,14210000.00 
2016/4/25,20000000.00 
2016/5/6,21800000.00 
2016/5/4,37500000.00 
2016/5/26,33750000.00 
2016/5/30,19060000.00 
2017/4/26,25000000.00 
2016/6/8,25000000.00 
2016/6/2,30000000.00 
2016/7/19,25600000.00 
2016/6/24,23340000.00 
2016/6/24,20000000.00 
2016/7/8,23000000.00 
2016/7/5,20000000.00 
2016/7/5,16670000.00 
2016/7/26,20000000.00 
2016/7/26,17100000.00 
2016/8/2,21250000.00 
2016/8/5,115700000.00 
2016/8/8,77630000.00 
2016/8/2,42000000.00 
2016/8/9,17500000.00 
2016/8/9,20000000.00 
2016/8/18,21000000.00 
2016/8/18,25000000.00 
2016/9/13,21670000.00 
2016/8/12,14940000.00 
2016/9/20,23276836.00 
2016/8/30,25000000.00 
2016/8/26,14000000.00 
2016/8/30,23750000.00 
2016/8/23,20000000.00 
2016/9/13,30000000.00 
2016/9/20,22550000.00 
2016/9/8,15000000.00 
2016/9/28,17830000.00 
2016/9/28,13340000.00 
2016/9/30,14950000.00 
2016/10/12,20670000.00 
2016/9/30,16670000.00 
2016/10/18,20000000.00 
2016/10/18,18360000.00 
2016/10/21,26700000.00 
2016/10/21,12000000.00 
2017/4/21,13000000.00 
2016/10/18,20000000.00 
2016/11/4,27800000.00 
2016/11/1,14000000.00 
2016/11/7,41000000.00 
2016/11/1,18000000.00 
2016/11/1,17530000.00 
2016/11/17,14000000.00 
2016/11/16,14800000.00 
2016/11/14,20000000.00 
2019/11/8,25000000.00 
2016/11/22,40000000.00 
2016/11/15,19900000.00 
2016/11/22,20000000.00 
2016/12/1,30000000.00 
2016/11/25,20840000.00 
2016/12/6,31944000.00 
2016/12/13,10000000.00 
2016/12/6,16670000.00 
2016/12/8,20000000.00 
2016/12/20,18350000.00 
2016/12/20,20000000.00 
2016/12/21,16670000.00 
2017/1/25,18000000.00 
2016/12/23,20000000.00 
2017/1/11,50000000.00 
2016/12/20,11300000.00 
2016/12/28,33000000.00 
2017/1/6,26666667.00 
2017/1/12,20000000.00 
2016/12/29,20000000.00 
2017/1/4,24000000.00 
2017/1/5,26000000.00 
2017/1/5,25000000.00 
2017/1/13,21670000.00 
2017/1/11,20000000.00 
2017/1/10,60000000.00 
2017/1/20,30600000.00 
2017/1/13,28890000.00 
2019/6/21,22226700.00 
2017/1/17,17000000.00 
2017/1/19,30000000.00 
2017/1/23,60000000.00 
2017/1/20,20000000.00 
2017/1/23,76000000.00 
2017/1/25,25000000.00 
2017/2/7,42000000.00 
2017/1/26,25000000.00 
2017/1/26,25700000.00 
2017/4/17,19050000.00 
2017/2/8,21000000.00 
2017/2/8,22300000.00 
2017/2/9,18120000.00 
2017/2/13,16855000.00 
2017/2/15,25000000.00 
2017/2/13,25000000.00 
2017/2/20,22370000.00 
2017/2/15,18000000.00 
2017/2/20,11111500.00 
2017/2/15,20000000.00 
2017/3/7,27000000.00 
2017/2/28,16670000.00 
2017/3/6,30000000.00 
2017/3/1,18680000.00 
2017/3/10,22000000.00 
2017/3/16,34000000.00 
2017/3/15,21450000.00 
2017/3/14,23600000.00 
2018/1/18,20000000.00 
2017/3/17,70000000.00 
2017/3/20,25000000.00 
2017/3/21,29800000.00 
2017/3/17,18670000.00 
2017/3/24,16666700.00 
2017/3/28,30529405.00 
2017/3/23,16100000.00 
2017/4/6,28950000.00 
2017/4/6,40010000.00 
2018/3/23,40010000.00 
2017/3/31,21200000.00 
2017/3/31,20000000.00 
2017/4/12,30000000.00 
2017/4/13,20000000.00 
2017/4/12,22500000.00 
2017/4/17,20000000.00 
2017/4/18,72000000.00 
2017/4/21,15000000.00 
2017/5/5,50000000.00 
2018/2/6,16000000.00 
2017/4/21,16666667.00 
2017/5/3,30000000.00 
2017/4/25,17000000.00 
2017/5/5,16000000.00 
2017/5/3,15787000.00 
2017/5/9,18933400.00 
2017/5/16,22000000.00 
2017/5/16,20000000.00 
2017/9/26,23350000.00 
2017/5/23,22062500.00 
2017/5/19,15000000.00 
2017/5/23,26000000.00 
2017/6/2,25000000.00 
2017/5/26,20400000.00 
2017/6/2,25270000.00 
2017/6/6,15000000.00 
2017/6/8,45000000.00 
2017/6/8,32860000.00 
2018/1/5,80000000.00 
2017/6/13,19000000.00 
2017/6/15,54690000.00 
2017/6/19,17000000.00 
2017/6/19,10580000.00 
2017/6/29,21050000.00 
2017/7/3,27000000.00 
2017/7/5,25350000.00 
2017/7/12,27941167.00 
2017/7/11,20000000.00 
2018/11/7,40010000.00 
2017/7/19,36666700.00 
2017/7/14,40100000.00 
2017/7/21,24309827.00 
2017/7/28,25000000.00 
2017/7/31,30000000.00 
2017/7/25,17000000.00 
2017/7/25,18900000.00 
2017/8/1,45000000.00 
2017/8/8,25838760.00 
2017/12/27,21720000.00 
2017/8/2,20000000.00 
2017/8/4,31300000.00 
2017/8/3,20000000.00 
2017/8/10,17000000.00 
2017/8/9,17000000.00 
2017/8/8,17340000.00 
2017/8/11,21400000.00 
2017/8/21,26670000.00 
2017/8/22,22810000.00 
2018/10/15,53830000.00 
2017/9/8,16677700.00 
2017/8/22,17250000.00 
2017/9/7,40000000.00 
2017/8/31,33500000.00 
2017/9/1,92000000.00 
2017/9/12,20600000.00 
2017/9/15,20000000.00 
2017/9/19,30000000.00 
2017/9/19,20000000.00 
2017/10/10,29340000.00 
2017/9/26,19600000.00 
2017/10/10,19650000.00 
2017/10/16,64330000.00 
2017/10/19,22000000.00 
2017/10/19,17500000.00 
2017/11/1,36100000.00 
2017/10/31,35020000.00 
2017/11/1,13281250.00 
2017/10/26,18000000.00 
2017/11/9,26680000.00 
2017/11/6,16000000.00 
2017/11/6,25000000.00 
2017/11/9,42000000.00 
2017/11/6,18000000.00 
2017/11/15,20050000.00 
2017/11/10,20000000.00 
2017/11/16,40000000.00 
2018/8/10,80000000.00 
2017/11/10,18333334.00 
2017/11/21,40100000.00 
2017/11/27,24400000.00 
2017/12/1,21500000.00 
2017/12/5,23240000.00 
2017/12/8,22000000.00 
2017/12/12,18000000.00 
2018/1/16,40000000.00 
2017/12/29,88680000.00 
2018/1/9,13577200.00 
2018/1/25,152666600.00 
2018/1/19,16320000.00 
2018/2/1,30800000.00 
2018/2/8,40000000.00 
2018/3/1,61590000.00 
2018/5/8,19630000.00 
2018/4/27,16500000.00 
2018/5/23,28630000.00 
2018/5/25,52600000.00 
2018/6/25,32000000.00 
2018/9/21,41600000.00 
2018/9/25,28500000.00 
2018/6/11,217243733.00 
2018/11/9,13000000.00 
2018/11/30,18165300.00 
2018/12/13,20200000.00 
2019/1/29,57888667.00 
2018/12/28,10000000.00 
2019/1/8,20000000.00 
2019/2/22,26680000.00 
2019/1/28,65630000.00 
2018/10/16,121600000.00 
2019/2/18,41280000.00 
2019/3/14,33360000.00 
2019/3/19,20000000.00 
2019/3/22,50000000.00 
2019/3/25,40100000.00 
2019/3/29,20000000.00 
2019/4/12,40010000.00 
2019/4/15,10690000.00 
2019/4/19,32100000.00 
2019/4/22,25000000.00 
2019/4/26,73490000.00 
2019/4/25,40010000.00 
2019/5/21,49550000.00 
2019/5/17,16536000.00 
2019/5/16,40010000.00 
2019/5/10,20000000.00 
2019/5/22,25000000.00 
2019/5/31,36670000.00 
2019/6/6,21135355.00 
2019/6/18,25000000.00 
2019/7/12,41000000.00 
2019/7/15,13333334.00 
2019/7/23,13350000.00 
2019/8/15,21220000.00 
2019/7/5,47537879.00 
2019/8/28,11500000.00 
2019/9/20,28580000.00 
2019/9/25,20000000.00 
2019/9/27,20000000.00 
2019/10/18,41680000.00 
2019/10/22,25041000.00 
2019/11/15,30300000.00 
2019/11/1,62050000.00 
2019/11/22,41780000.00 
2019/10/29,17000000.00 
2019/11/6,20000000.00 
2019/11/28,30000000.00 
2019/11/14,25000000.00 
2019/11/18,56900000.00 
2019/11/21,42330000.00 
2019/11/25,29210000.00 
2019/12/19,17000000.00 
2019/11/29,40000000.00 
2019/12/4,39230000.00 
2019/12/6,19700000.00 
2019/12/30,14400000.00 
1999/11/10,400000000.00 
2003/4/28,400000000.00 
1999/7/27,300000000.00 
1999/3/12,160000000.00 
2000/4/27,300000000.00 
1998/2/18,300000000.00 
2001/3/9,350000000.00 
2001/12/6,350000000.00 
2003/1/7,250000000.00 
2003/9/12,1000000000.00 
2000/12/19,350000000.00 
2006/10/17,230000000.00 
2006/10/26,2421710550.00 
2000/12/12,1877000000.00 
2003/8/8,280000000.00 
2003/10/29,240000000.00 
2004/6/29,220000000.00 
2013/12/19,1072092605.00 
2017/12/15,1800000000.00 
2002/5/23,350000000.00 
2005/2/3,765000000.00 
2001/8/8,2800000000.00 
2003/7/25,1000000000.00 
2003/1/6,400000000.00 
2003/7/3,60000000.00 
2001/2/9,200000000.00 
2004/3/10,280000000.00 
2002/4/9,1500000000.00 
2001/2/8,80000000.00 
2000/12/18,60000000.00 
2003/3/25,100000000.00 
2006/7/31,150000000.00 
2002/10/9,5000000000.00 
1997/4/10,30000000.00 
1997/4/15,35000000.00 
1997/4/18,45000000.00 
1997/5/6,40000000.00 
1997/5/19,15000000.00 
1997/5/15,30000000.00 
1997/6/4,40000000.00 
1997/5/28,75000000.00 
1997/5/16,35000000.00 
1997/4/22,70000000.00 
1997/5/19,30000000.00 
1997/5/22,47000000.00 
1997/5/28,50000000.00 
1997/5/6,50000000.00 
1997/5/8,35000000.00 
1997/5/8,13575300.00 
1997/5/26,190000000.00 
1997/4/30,40000000.00 
1997/6/4,20000000.00 
1997/5/28,22000000.00 
1997/6/3,60000000.00 
1997/7/4,100000000.00 
1997/6/23,30000000.00 
1997/6/17,27000000.00 
1997/5/26,50000000.00 
1997/5/20,14200000.00 
1997/6/27,35000000.00 
1997/6/6,20000000.00 
1997/6/12,30000000.00 
1997/7/3,12500000.00 
1997/6/20,30000000.00 
1997/6/6,70000000.00 
1997/7/11,30000000.00 
1997/6/25,50000000.00 
1997/6/6,30000000.00 
1997/6/16,50000000.00 
1997/6/18,33000000.00 
1997/6/16,32700000.00 
1997/7/4,37000000.00 
1997/6/26,30000000.00 
1997/7/3,40000000.00 
1997/7/8,50000000.00 
1997/7/9,100000000.00 
1997/6/19,35000000.00 
1997/7/18,100000000.00 
1997/7/4,40000000.00 
1997/6/27,42000000.00 
1997/6/27,29000000.00 
1997/7/3,80000000.00 
1997/11/25,300000000.00 
1997/9/29,35000000.00 
1997/6/18,90000000.00 
1997/11/6,50000000.00 
1997/8/18,70000000.00 
1997/8/7,27500000.00 
1997/10/7,30000000.00 
1997/9/24,80000000.00 
1997/11/27,40000000.00 
1997/10/21,40000000.00 
2004/5/11,45000000.00 
1997/11/5,300000000.00 
1997/8/4,50000000.00 
1997/10/15,80000000.00 
1997/9/8,25000000.00 
1998/1/15,40000000.00 
1997/12/1,12500000.00 
1998/1/7,80000000.00 
1998/4/20,50000000.00 
1998/12/17,80000000.00 
1998/5/11,25000000.00 
1998/3/11,85000000.00 
1998/5/6,50000000.00 
1997/9/1,35000000.00 
1997/11/18,50000000.00 
2000/7/6,40000000.00 
1998/4/2,35000000.00 
1997/10/30,40000000.00 
1998/2/12,40000000.00 
1998/1/22,70000000.00 
1998/3/3,25000000.00 
1998/4/16,14500000.00 
1997/12/3,60000000.00 
1998/2/25,21000000.00 
1999/6/16,40000000.00 
2004/6/23,45000000.00 
1999/9/23,45000000.00 
1999/7/7,60000000.00 
1998/5/20,20000000.00 
1999/10/14,45000000.00 
1998/5/20,70000000.00 
1998/6/5,68000000.00 
1998/6/9,45000000.00 
1998/6/16,50000000.00 
1998/9/18,50000000.00 
1998/5/27,85000000.00 
1998/5/13,19616800.00 
1998/3/27,45000000.00 
1998/5/26,40000000.00 
1998/6/26,80000000.00 
1998/6/16,30000000.00 
1998/6/9,35000000.00 
1998/6/2,70000000.00 
1998/5/29,45000000.00 
1998/6/2,50000000.00 
1999/1/28,70000000.00 
1998/4/27,85000000.00 
1998/9/4,80000000.00 
1998/6/23,150000000.00 
1998/9/24,120000000.00 
1998/11/26,40000000.00 
1999/4/15,80000000.00 
1999/4/8,13340000.00 
1999/4/22,70000000.00 
1998/11/19,55000000.00 
1998/10/14,82000000.00 
1998/11/4,100000000.00 
1998/7/3,32000000.00 
1999/5/7,120000000.00 
1998/10/28,85000000.00 
2003/11/6,30000000.00 
1999/6/11,68000000.00 
1998/8/25,100000000.00 
1998/11/11,50000000.00 
1998/7/1,80000000.00 
1998/10/7,85000000.00 
1999/6/9,60000000.00 
1998/12/10,70000000.00 
1998/12/24,85000000.00 
1999/5/27,23000000.00 
1999/1/7,80000000.00 
1998/8/7,50000000.00 
1999/9/16,75000000.00 
1998/10/21,100000000.00 
1998/8/12,65000000.00 
1999/4/1,33500000.00 
1999/1/15,35000000.00 
1999/6/3,30000000.00 
1999/5/14,70000000.00 
1999/3/19,65000000.00 
1999/7/14,180000000.00 
1999/6/23,65000000.00 
1999/3/25,50000000.00 
1999/8/24,85000000.00 
1999/7/21,45000000.00 
1999/8/17,55000000.00 
1999/8/31,60000000.00 
1999/9/9,75000000.00 
1999/10/21,58000000.00 
1999/12/16,70000000.00 
1998/12/3,60000000.00 
1999/12/23,75000000.00 
1999/9/27,70000000.00 
1999/11/25,205000000.00 
1999/11/5,35000000.00 
2000/1/13,110000000.00 
2000/1/27,45000000.00 
1999/11/16,35000000.00 
2000/2/21,70000000.00 
1999/1/19,60000000.00 
2000/3/9,90000000.00 
2000/4/6,80000000.00 
2000/5/11,100000000.00 
2000/6/2,45000000.00 
2000/6/8,35000000.00 
2000/6/15,30000000.00 
2000/6/15,52000000.00 
2000/3/23,110000000.00 
2000/6/9,40000000.00 
2000/1/20,50000000.00 
1999/12/2,20000000.00 
2000/6/28,75000000.00 
2000/11/28,30000000.00 
2000/12/7,60000000.00 
2000/11/20,55000000.00 
2000/9/22,30000000.00 
2000/11/23,35000000.00 
2000/6/22,48000000.00 
2004/1/30,60000000.00 
2001/3/6,55000000.00 
2003/6/9,40000000.00 
2000/11/30,45000000.00 
2000/11/22,30000000.00 
2000/5/26,50000000.00 
2000/6/12,40000000.00 
2000/6/1,70000000.00 
2000/5/25,70000000.00 
2000/7/6,55000000.00 
2000/7/20,40000000.00 
2000/6/30,55000000.00 
2000/8/25,40000000.00 
1999/2/3,100000000.00 
2000/7/25,40000000.00 
1999/11/18,40000000.00 
2000/5/18,120000000.00 
2003/7/11,42000000.00 
2001/2/28,45000000.00 
2003/6/27,90000000.00 
2000/8/10,70000000.00 
2000/10/18,40000000.00 
2000/7/25,58000000.00 
2000/7/12,80000000.00 
2000/7/31,86000000.00 
2000/9/26,35000000.00 
2000/11/9,105000000.00 
2000/9/19,120000000.00 
2000/10/18,85000000.00 
2004/3/16,80000000.00 
2000/10/18,40000000.00 
2000/9/1,40000000.00 
2000/11/29,50000000.00 
2000/7/20,40000000.00 
2000/11/6,30000000.00 
2000/7/31,60000000.00 
2000/11/1,60000000.00 
2000/9/19,55000000.00 
2001/4/26,80000000.00 
2000/11/16,40000000.00 
2000/8/18,35000000.00 
2000/4/20,80000000.00 
2000/6/30,100000000.00 
2000/7/12,40000000.00 
2000/12/13,45000000.00 
2000/12/26,40000000.00 
2001/2/6,40000000.00 
2000/12/26,45000000.00 
2000/12/20,200000000.00 
2000/9/28,90000000.00 
2001/1/5,40000000.00 
2001/2/28,45000000.00 
2001/6/26,80000000.00 
2001/2/21,60000000.00 
2001/1/19,80000000.00 
2001/3/15,80000000.00 
2000/12/15,60000000.00 
2002/1/31,100000000.00 
2000/12/8,80000000.00 
2001/3/26,80000000.00 
2000/12/21,88000000.00 
2001/5/24,70000000.00 
2001/9/10,121000000.00 
2000/12/25,65000000.00 
2004/2/25,60000000.00 
2001/1/16,40000000.00 
2002/6/25,40000000.00 
2000/12/22,60000000.00 
2001/6/6,40000000.00 
2001/1/18,40000000.00 
2001/12/20,50000000.00 
2001/2/6,78000000.00 
2000/12/11,60000000.00 
2001/3/5,35000000.00 
2000/12/29,90000000.00 
2000/11/27,40000000.00 
2000/12/27,50000000.00 
2000/12/25,60000000.00 
2003/12/30,40000000.00 
2003/4/8,65000000.00 
2000/12/22,45000000.00 
2001/8/20,38500000.00 
2003/8/21,150000000.00 
2002/3/18,505000000.00 
2002/9/26,40000000.00 
2003/8/1,57000000.00 
2002/11/20,30000000.00 
2004/1/15,75000000.00 
2002/6/13,31000000.00 
2001/4/19,40000000.00 
2000/9/22,50000000.00 
1999/4/29,90000000.00 
2001/3/16,50000000.00 
2001/11/29,50000000.00 
2002/1/11,230000000.00 
2001/3/29,60000000.00 
2001/1/15,60000000.00 
2000/10/30,35000000.00 
2001/3/20,30000000.00 
2000/12/21,80000000.00 
2001/1/9,70000000.00 
2003/3/6,55000000.00 
2002/9/16,40000000.00 
2001/7/6,110000000.00 
2002/3/4,45000000.00 
2003/4/1,30000000.00 
2001/3/12,40000000.00 
2001/1/16,150000000.00 
2001/1/11,45000000.00 
2002/1/16,50000000.00 
2001/6/8,70000000.00 
2001/5/8,35000000.00 
2001/1/18,60000000.00 
2001/4/12,90000000.00 
2001/7/23,33917500.00 
2001/2/16,80000000.00 
2004/2/18,60000000.00 
2000/12/29,65000000.00 
2001/1/10,40000000.00 
2001/1/15,40000000.00 
2001/12/12,50000000.00 
2003/5/29,23700000.00 
2001/3/19,27631900.00 
2001/5/31,120000000.00 
2001/3/28,45000000.00 
2002/7/2,80000000.00 
2000/12/28,45000000.00 
2000/12/29,120000000.00 
2001/1/8,50000000.00 
2003/10/9,30000000.00 
2004/4/1,30000000.00 
2003/10/16,40000000.00 
2003/2/12,70000000.00 
2003/6/18,100000000.00 
2004/4/27,24000000.00 
2002/5/9,29152099.00 
2002/7/18,75000000.00 
2001/8/24,88000000.00 
2001/6/28,30000000.00 
2004/6/16,33000000.00 
2004/6/7,45000000.00 
2000/12/6,40000000.00 
2003/7/17,60000000.00 
2003/7/24,60000000.00 
2002/6/20,60000000.00 
2002/4/18,130000000.00 
2003/9/15,150000000.00 
2003/6/19,60000000.00 
2003/7/4,40000000.00 
2003/6/16,40000000.00 
2004/3/2,60000000.00 
2003/7/10,24000000.00 
2004/2/19,30000000.00 
2003/12/24,18000000.00 
2001/9/3,93500000.00 
2003/8/29,48000000.00 
2004/3/3,52000000.00 
2004/3/29,22000000.00 
2002/4/12,60000000.00 
2002/12/19,35000000.00 
2003/5/16,40000000.00 
2003/3/11,26000000.00 
2004/6/1,50000000.00 
2003/9/3,50000000.00 
2004/3/18,40000000.00 
2001/2/12,50000000.00 
2004/4/5,60000000.00 
2001/6/15,30000000.00 
2003/10/21,75000000.00 
2004/3/5,80000000.00 
2003/7/21,60000000.00 
2003/12/10,35000000.00 
2003/11/10,25000000.00 
2003/9/18,40000000.00 
2004/3/12,18000000.00 
2003/8/15,68000000.00 
2003/4/22,80000000.00 
2004/7/14,80000000.00 
2004/5/31,80000000.00 
2003/8/7,18000000.00 
2002/4/25,30000000.00 
2003/8/22,35000000.00 
2001/6/18,45000000.00 
2003/8/14,100000000.00 
2003/6/26,30000000.00 
2004/5/24,28000000.00 
2004/4/21,60000000.00 
2004/5/26,40000000.00 
2002/6/5,40000000.00 
2004/4/20,70000000.00 
2001/8/23,88000000.00 
2002/10/10,20000000.00 
2000/3/1,120000000.00 
2001/6/15,40000000.00 
2003/4/15,58000000.00 
2002/7/9,40000000.00 
2002/5/30,55000000.00 
2001/12/26,50000000.00 
2003/9/30,50000000.00 
2001/8/29,110000000.00 
2002/2/28,60000000.00 
2002/6/18,38000000.00 
2002/11/27,53000000.00 
2002/12/26,60000000.00 
2003/3/19,20000000.00 
2002/8/6,50000000.00 
2002/8/30,80000000.00 
2003/10/10,25000000.00 
2001/3/19,18000000.00 
2001/8/27,71500000.00 
2002/1/8,25000000.00 
2003/3/4,35000000.00 
2002/10/24,70000000.00 
2001/12/27,70000000.00 
2002/12/2,25000000.00 
2002/7/22,40000000.00 
2003/11/27,30000000.00 
2001/5/28,110000000.00 
2002/6/3,32000000.00 
2001/7/2,50000000.00 
2002/7/30,45000000.00 
2002/10/31,40000000.00 
2002/3/28,40000000.00 
2002/8/23,50000000.00 
2002/5/17,30000000.00 
2003/1/23,50000000.00 
2003/1/14,45000000.00 
2001/8/24,88000000.00 
2004/1/7,50000000.00 
2004/3/24,56000000.00 
2003/12/3,60000000.00 
2003/7/31,40000000.00 
2003/8/28,60000000.00 
2001/12/25,165000000.00 
2002/11/7,30000000.00 
2001/2/28,60000000.00 
2002/9/5,25000000.00 
2002/11/8,40000000.00 
2001/3/28,81000000.00 
2001/8/7,45320000.00 
2002/9/18,40000000.00 
2001/2/27,45000000.00 
2002/10/29,40000000.00 
2002/9/19,30000000.00 
2002/7/16,30000000.00 
2003/1/28,30000000.00 
2002/12/10,50000000.00 
2002/7/23,20000000.00 
2001/8/22,44000000.00 
2001/12/18,60000000.00 
2001/5/18,35000000.00 
2001/8/20,275000000.00 
2003/12/16,17000000.00 
2002/11/1,18000000.00 
2004/4/12,40000000.00 
2003/2/26,63000000.00 
2003/3/28,45000000.00 
2003/2/20,60000000.00 
2002/9/11,20000000.00 
2002/5/10,100000000.00 
2002/8/9,60000000.00 
2002/6/6,35000000.00 
2002/8/16,130000000.00 
2002/5/15,25000000.00 
2002/2/5,80000000.00 
2003/6/3,55000000.00 
2002/2/7,200000000.00 
2002/8/15,35000000.00 
2002/9/27,21000000.00 
2001/5/18,25000000.00 
2001/6/12,40000000.00 
2002/7/3,40000000.00 
2002/8/5,50000000.00 
2002/7/11,32000000.00 
2004/3/23,20000000.00 
2002/6/26,50000000.00 
2001/9/6,44000000.00 
2002/8/28,150000000.00 
2002/3/29,300000000.00 
2001/8/28,22000000.00 
1993/8/27,100000000.00 
1990/12/19,200000.00 
1990/12/19,510900.00 
1992/1/13,2000000.00 
1992/3/27,3820000.00 
1992/3/27,1000000.00 
1992/3/27,1000000.00 
1992/3/27,800000.00 
1992/7/24,10000000.00 
1992/8/5,1500000.00 
1992/8/7,500000.00 
1992/8/14,500000.00 
1992/8/20,500000.00 
1992/8/28,500000.00 
1992/9/10,480000.00 
1992/9/29,730000.00 
1992/10/13,400000.00 
1992/11/13,1315000.00 
1992/11/16,800000.00 
1992/11/17,600000.00 
1992/12/2,600000.00 
1992/12/3,800000.00 
1992/12/4,1600000.00 
1993/1/5,15000000.00 
1993/1/7,12000000.00 
1993/1/19,4000000.00 
1993/2/9,8800000.00 
1993/2/9,12000000.00 
1993/3/4,4000000.00 
1993/3/4,6000000.00 
1993/3/4,6000000.00 
1993/3/16,12000000.00 
1993/3/16,20304000.00 
1993/3/26,6344500.00 
1993/3/26,24900000.00 
1993/4/7,6000000.00 
1993/4/7,10000000.00 
1993/4/16,23904000.00 
1993/4/26,83000000.00 
1993/4/26,13000000.00 
1993/5/4,4000000.00 
1993/5/4,3200000.00 
1993/5/4,8000000.00 
1993/5/18,19246800.00 
1993/6/7,16000000.00 
1990/12/19,32938.00 
1990/12/19,8000.00 
1990/12/19,500000.00 
1990/12/19,2101000.00 
1992/9/2,1347300.00 
1993/5/24,19533465.00 
1993/5/24,19710000.00 
1993/6/10,11596400.00 
1993/6/14,6000000.00 
1993/6/14,7200000.00 
1993/6/28,36000000.00 
1993/6/29,117000000.00 
1993/7/9,35000000.00 
1993/7/12,17200000.00 
1993/7/28,63000000.00 
1993/7/28,14500000.00 
1993/8/23,12600000.00 
1993/9/17,18000000.00 
1993/9/24,38800000.00 
1993/9/24,13166000.00 
1993/9/28,8000000.00 
1993/9/28,19454000.00 
1993/10/8,40000000.00 
1993/10/8,16000000.00 
1993/10/18,27000000.00 
1993/10/18,30000000.00 
1993/10/25,24000000.00 
1993/10/28,22500000.00 
1993/10/28,98082600.00 
1993/11/8,14400000.00 
1993/11/8,13050000.00 
1993/11/8,250000000.00 
1993/11/8,10000000.00 
1993/11/19,50000000.00 
1993/11/19,18000000.00 
1993/11/19,9046000.00 
1993/11/22,24160000.00 
1993/11/22,20000000.00 
1993/11/22,12500000.00 
1993/12/6,32280000.00 
1993/12/6,20000000.00 
1993/12/6,49500000.00 
1993/12/6,25000000.00 
1996/5/28,30000000.00 
1996/5/24,33000000.00 
1996/5/28,20000000.00 
1996/6/6,30000000.00 
1996/5/16,32160000.00 
1996/5/16,13561500.00 
1996/5/20,92080000.00 
1996/6/6,32500000.00 
1996/7/1,40000000.00 
1996/5/31,12600000.00 
1996/6/26,30000000.00 
1996/7/1,20760000.00 
1996/6/6,20000000.00 
1996/7/1,40000000.00 
1996/7/2,40500000.00 
1996/6/14,26070000.00 
1996/6/18,17000000.00 
1996/7/16,25000000.00 
1996/7/16,25580000.00 
1996/6/26,30000000.00 
1996/6/26,25000000.00 
1996/7/16,50600000.00 
1996/7/16,13400000.00 
1996/7/2,33750000.00 
1996/7/1,40000000.00 
1996/7/2,30000000.00 
1996/7/16,24000000.00 
1996/7/2,30000000.00 
1996/7/26,36500000.00 
1996/8/2,13000000.00 
1996/8/16,40000000.00 
1996/8/16,20000000.00 
1996/8/8,32555000.00 
1996/7/26,28081500.00 
1996/8/15,15000000.00 
1996/7/31,17500000.00 
1996/8/2,27345000.00 
1996/8/19,15500000.00 
1996/8/8,25000000.00 
1996/8/26,25000000.00 
1996/8/26,15500000.00 
1996/9/9,20000000.00 
1996/9/5,48000000.00 
1996/8/28,17984400.00 
1996/9/18,15000000.00 
1996/9/25,60000000.00 
1996/10/15,15000000.00 
1996/9/23,24000000.00 
1996/9/9,34640000.00 
1996/9/27,20000000.00 
1996/10/11,25000000.00 
1996/10/3,20000000.00 
1996/9/23,17220000.00 
1996/10/3,25000000.00 
1996/10/29,20000000.00 
1996/10/8,32746200.00 
1996/10/11,17500000.00 
1996/10/9,30000000.00 
1996/10/30,33600000.00 
1996/11/4,12528720.00 
1996/11/6,15000000.00 
1996/10/28,16725900.00 
1996/11/15,25000000.00 
1996/11/11,13600000.00 
1996/11/1,21000000.00 
1996/11/20,22000000.00 
1996/11/5,15000000.00 
1996/11/8,15000000.00 
1996/11/8,12800000.00 
1996/11/18,28000000.00 
1996/11/26,40000000.00 
1996/11/21,14000000.00 
1996/12/3,34500000.00 
1996/12/6,31500000.00 
1996/12/5,25000000.00 
1996/12/18,22500000.00 
1996/12/25,15000000.00 
1996/12/25,25600000.00 
1996/12/25,21010000.00 
1997/1/8,25500000.00 
1997/1/21,19000000.00 
1997/2/26,80000000.00 
1997/2/28,29250000.00 
1997/1/30,15000000.00 
1997/1/23,15000000.00 
1997/2/20,25800000.00 
1997/3/6,17500000.00 
1997/3/18,12800000.00 
1997/4/8,12550000.00 
1997/4/18,30000000.00 
1997/4/23,41000000.00 
1993/12/6,39900000.00 
1994/1/3,67727600.00 
1994/1/3,60000000.00 
1994/1/3,20000000.00 
1994/1/3,49970000.00 
1994/1/3,17000000.00 
1994/1/3,24750000.00 
1994/1/6,687810000.00 
1994/1/6,45000000.00 
1994/1/6,49500000.00 
1994/1/6,75000000.00 
1994/1/14,70000000.00 
1994/1/14,22000000.00 
1994/1/28,36000000.00 
1994/1/28,49398000.00 
1994/1/28,5840000.00 
1994/1/28,20400000.00 
1994/1/28,22436000.00 
1994/1/28,16000000.00 
1994/1/28,40411710.00 
1994/2/4,8500000.00 
1994/2/4,11250000.00 
1994/2/4,12700000.00 
1994/2/4,11250000.00 
1994/2/4,33540000.00 
1994/2/4,8030500.00 
1994/2/24,29595589.00 
1994/2/24,22500000.00 
1994/2/24,12700000.00 
1994/2/24,28420000.00 
1994/2/24,7400000.00 
1994/2/24,24000000.00 
1994/2/24,14400000.00 
1994/2/24,11250000.00 
1994/2/24,11340000.00 
1994/2/24,11250000.00 
1994/3/11,49973700.00 
1994/3/11,14400000.00 
1994/3/11,9600000.00 
1994/3/11,8000000.00 
1994/3/11,22000000.00 
1994/3/11,13000000.00 
1994/3/24,15500000.00 
1994/3/24,32000000.00 
1994/3/24,20000000.00 
1994/4/4,10000000.00 
1994/4/4,60000000.00 
1994/4/25,30000000.00 
1994/4/25,40000000.00 
1994/4/25,30000000.00 
1994/4/25,13500000.00 
1994/5/6,29700000.00 
1994/5/6,50000000.00 
1994/5/6,50000000.00 
1994/5/20,50000000.00 
1994/5/20,21655500.00 
1994/5/20,45000000.00 
1994/8/9,25000000.00 
1994/8/9,25000000.00 
1994/8/18,12600000.00 
1994/8/24,18000000.00 
1994/9/12,16100000.00 
1995/2/6,15000000.00 
1995/2/28,12500000.00 
1995/4/11,200000000.00 
1995/1/24,28000000.00 
1995/2/17,30000000.00 
1995/6/30,68980000.00 
1995/10/10,60000000.00 
1995/10/31,50000000.00 
1995/10/13,52000000.00 
1995/11/15,25000000.00 
1995/11/15,13000000.00 
1995/11/15,12701500.00 
1995/12/6,49500000.00 
1995/12/8,18000000.00 
1996/1/30,13000000.00 
1996/2/5,18000000.00 
1996/1/18,22218837.00 
1996/3/12,18000000.00 
1996/2/15,22500000.00 
1996/3/8,25000000.00 
1996/3/18,36500000.00 
1996/3/25,27000000.00 
1996/3/15,15309700.00 
1996/4/8,44000000.00 
1996/3/28,60000000.00 
1996/4/22,25000000.00 
1996/5/3,41700000.00 
1996/5/31,27000000.00 
1996/4/18,51490000.00 
2003/11/18,2326000000.00 
2018/3/1,639999700.00 
2017/11/7,121948396.00 
2016/9/23,184811482.00 
2016/12/6,800000000.00 
2014/9/30,156000000.00 
2016/8/2,1154450000.00 
2016/10/27,261750000.00 
2019/3/1,444444445.00 
2018/3/26,150000000.00 
2017/11/17,138240000.00 
2016/8/15,300000000.00 
2017/2/21,181500000.00 
2015/3/23,1000000000.00 
2015/4/28,597000000.00 
2004/4/7,40000000.00 
2004/8/30,120000000.00 
2004/6/22,65000000.00 
2004/5/25,80000000.00 
2004/7/13,80000000.00 
2004/6/8,70000000.00 
2004/5/18,50000000.00 
2019/6/26,1865104199.00 
2004/4/8,70000000.00 
2005/4/12,58000000.00 
2004/8/17,44000000.00 
2004/8/2,45000000.00 
2004/6/9,35000000.00 
2004/4/19,35000000.00 
2016/8/9,467000000.00 
2004/8/24,67000000.00 
2004/9/6,65000000.00 
2004/5/12,35000000.00 
2004/6/30,50000000.00 
2004/7/6,50000000.00 
2004/7/27,85000000.00 
2004/7/7,40000000.00 
2004/4/28,40000000.00 
2004/4/26,30000000.00 
2004/8/9,85000000.00 
2004/4/14,25000000.00 
2019/5/16,733360000.00 
2004/5/10,20000000.00 
2004/5/14,70000000.00 
2004/5/17,18000000.00 
2004/6/15,36000000.00 
2016/12/26,210000000.00 
2004/6/2,150000000.00 
2010/11/2,150000000.00 
2009/11/17,358546141.00 
2010/7/5,200000000.00 
2006/6/23,280000000.00 
2007/1/26,210000000.00 
2007/2/27,107000000.00 
2007/2/28,350000000.00 
2006/8/1,3030303030.00 
2007/4/6,110000000.00 
2007/4/26,150000000.00 
2007/7/19,630000000.00 
2011/6/3,110000000.00 
2011/3/9,97000000.00 
2012/4/11,75000000.00 
2014/11/5,120000000.00 
2014/9/29,177780000.00 
2010/9/28,2000000000.00 
2017/11/22,266900000.00 
2016/3/16,52000000.00 
2015/1/21,100000000.00 
2011/11/7,79500000.00 
2012/8/8,150000000.00 
2011/6/30,98000000.00 
2018/6/20,400000000.00 
2018/8/31,295906667.00 
2015/1/22,126000000.00 
2019/10/29,1357000000.00 
2017/9/29,160000000.00 
2007/10/9,1800000000.00 
2010/10/28,398000000.00 
2007/12/28,42000000.00 
2011/10/28,105000000.00 
2010/3/31,110000000.00 
2010/2/9,2000000000.00 
2009/7/27,500000000.00 
2017/10/24,359000000.00 
2006/8/18,1639000000.00 
2011/5/9,80000000.00 
2011/3/2,60000000.00 
2010/1/7,1233000000.00 
2011/1/7,786000000.00 
2010/12/31,82000000.00 
2016/6/15,142500000.00 
2016/9/30,222272797.00 
2011/1/27,55000000.00 
2018/6/8,1969530023.00 
2009/12/25,130000000.00 
2015/12/4,542064758.00 
2010/3/29,500000000.00 
2018/10/19,518000000.00 
2016/9/9,200000000.00 
2007/2/5,1001000000.00 
2007/7/12,460000000.00 
2007/9/19,1200000000.00 
2010/10/11,101000000.00 
2010/1/28,1307000000.00 
2008/3/10,2450000000.00 
2010/3/19,1213200000.00 
2015/2/26,500000000.00 
2011/3/17,58800000.00 
2017/3/31,311183100.00 
2011/5/20,80000000.00 
2015/6/26,1525000000.00 
2017/2/15,698000000.00 
2011/2/22,120000000.00 
2011/5/6,50800000.00 
2011/8/8,75000000.00 
2014/1/28,1000000000.00 
2014/12/11,150000000.00 
2017/3/29,698680000.00 
2016/11/16,600450000.00 
2012/2/20,106800000.00 
2011/5/18,120000000.00 
2019/7/5,364000000.00 
2012/3/29,286962422.00 
2011/4/28,140000000.00 
2010/7/15,25570588000.00 
2019/1/21,454376000.00 
2011/6/2,83000000.00 
2007/3/1,1150000000.00 
2018/11/16,1800000000.00 
2017/8/16,558000000.00 
2007/5/15,3190350487.00 
2018/6/11,116200000.00 
2006/12/22,2747987000.00 
2011/12/16,158540000.00 
2012/6/12,150000000.00 
2012/1/16,56000000.00 
2017/4/12,176000000.00 
2015/6/12,147000000.00 
2010/4/28,109251349.00 
2017/1/3,700000000.00 
2010/10/13,263000000.00 
2012/4/23,105000000.00 
2007/12/3,4675000000.00 
2006/10/27,14950000000.00 
2016/9/19,174919085.00 
2019/12/20,149890000.00 
2012/2/16,56000000.00 
2010/3/19,1213200000.00 
2011/1/28,110000000.00 
2011/12/12,500000000.00 
2011/1/13,105100000.00 
2011/5/30,120000000.00 
2011/6/15,67000000.00 
2018/9/26,342155376.00 
2014/8/25,100000000.00 
2006/10/16,1500000000.00 
2016/8/17,93500000.00 
2019/1/18,1351637231.00 
2011/5/27,53000000.00 
2007/4/30,1236731739.00 
2007/12/25,1000000000.00 
2018/8/6,148000000.00 
1994/3/24,15000000.00 
2012/7/6,685000000.00 
2016/6/6,525000000.00 
2019/1/23,275900000.00 
2011/2/1,105000000.00 
2009/9/21,3500000000.00 
2017/7/20,193712341.00 
2007/1/9,1500000000.00 
2011/9/28,304243000.00 
2011/8/12,168000000.00 
2019/12/10,5947988200.00 
2006/11/23,370000000.00 
2009/7/29,12000000000.00 
2011/10/18,3000000000.00 
2011/9/19,60000000.00 
2010/2/23,110000000.00 
2010/2/26,784561275.00 
2015/3/19,129100000.00 
2019/6/28,400000000.00 
2006/9/22,180000000.00 
2011/1/18,54900000.00 
2010/8/3,140000000.00 
2010/8/16,1157000000.00 
2008/12/5,616038405.00 
2008/8/18,3000000000.00 
2010/11/25,200000000.00 
2009/8/18,520000000.00 
2011/8/16,100000000.00 
2011/6/22,80000000.00 
2011/2/1,60000000.00 
2012/3/9,1349735425.00 
2010/1/18,110000000.00 
2007/9/28,500000000.00 
2016/8/8,98710000.00 
2010/8/18,7000000000.00 
2018/1/17,315000000.00 
2018/1/31,361225134.00 
2007/11/5,4000000000.00 
2017/1/18,130500000.00 
2019/1/3,366088889.00 
2019/2/15,150000000.00 
2007/12/12,2336625000.00 
2018/7/20,75790510.00 
2006/12/1,1200000000.00 
2010/1/21,105000000.00 
2017/6/26,333333400.00 
2010/12/6,1500000000.00 
2017/1/23,600000000.00 
2016/11/7,52200000.00 
2011/8/18,110000000.00 
2009/10/15,220000000.00 
2010/12/28,90000000.00 
2008/2/1,1525333400.00 
2008/4/25,1400000000.00 
2016/2/15,169100000.00 
2011/8/10,1500000000.00 
2011/9/8,60000000.00 
2019/11/26,2550000000.00 
2007/12/19,352000000.00 
2007/6/26,1783867446.00 
2011/11/30,509000000.00 
2012/2/23,280000000.00 
2010/12/15,110000000.00 
2007/9/25,9000000000.00 
2017/8/21,364500000.00 
2017/5/15,260000000.00 
2008/4/17,538000000.00 
2012/6/11,192000000.00 
2016/7/6,200000000.00 
2015/6/11,208333300.00 
2014/12/9,186670000.00 
2019/1/8,1898551957.00 
2015/6/10,3891000000.00 
2006/7/5,6493506000.00 
2009/12/16,1995000000.00 
2018/6/13,275020000.00 
2006/12/20,500000000.00 
2011/3/1,410404560.00 
2011/9/29,58620000.00 
2016/8/16,500000000.00 
2007/4/27,2301932654.00 
2007/12/21,140000000.00 
2012/4/27,69105691.00 
2012/4/26,81000000.00 
2012/5/18,100000000.00 
2012/8/17,50500000.00 
2014/2/10,56674239.00 
2014/6/30,20000000.00 
2016/8/26,33350000.00 
2012/7/17,52500000.00 
2014/7/18,26670000.00 
2014/10/10,25000000.00 
2014/11/7,45000000.00 
2015/3/20,79600000.00 
2018/5/9,60000000.00 
2015/3/3,50100000.00 
2016/7/1,37050000.00 
2014/12/31,15000000.00 
2014/10/13,26000000.00 
2014/11/6,75000000.00 
2015/3/25,40000000.00 
2015/4/23,26400000.00 
2015/5/18,20000000.00 
2015/5/27,20000000.00 
2015/4/22,51000000.00 
2015/5/29,50680000.00 
2016/3/7,40000000.00 
2016/3/31,55200000.00 
2016/4/27,23340000.00 
2015/3/20,40000000.00 
2016/8/22,20000000.00 
2017/1/5,33340000.00 
2016/12/7,22700000.00 
2017/1/5,70000000.00 
2016/12/9,50840000.00 
2017/1/20,20000000.00 
2017/1/16,16700000.00 
2017/1/13,16670000.00 
2017/2/9,15000000.00 
2017/3/30,25000000.00 
2017/6/2,34000000.00 
2017/6/27,50000000.00 
2018/5/17,24580000.00 
2017/4/14,33340000.00 
2019/12/17,88890000.00 
2017/9/21,67600000.00 
2018/1/16,100000000.00 
2016/12/23,42160000.00 
2018/3/2,20000000.00 
2016/11/9,55000000.00 
2017/7/28,60000000.00 
2015/6/11,25000000.00 
2016/9/13,55000000.00 
2019/4/15,34678384.00 
2016/7/12,79000000.00 
2017/11/13,18650000.00 
2012/7/31,100000000.00 
2017/4/10,15000000.00 
2017/8/23,20000000.00 
2018/1/3,35500000.00 
2017/4/20,51800000.00 
2017/11/10,24467889.00 
2015/6/30,25000000.00 
2017/5/11,20000000.00 
2014/11/11,20000000.00 
2017/1/26,26670000.00 
2016/8/31,25000000.00 
2019/8/30,70000000.00 
2017/4/25,33360000.00 
2016/12/16,62510000.00 
2014/8/22,66670000.00 
2014/8/5,100000000.00 
2016/5/6,60000000.00 
2017/10/12,53000000.00 
2018/7/9,88000000.00 
2017/9/20,70000000.00 
2015/5/27,23600000.00 
2019/12/31,36670000.00 
2017/10/13,25666700.00 
2014/8/1,72300000.00 
2017/5/11,77300000.00 
2019/8/9,52000000.00 
2015/6/29,58800000.00 
2015/6/29,60000000.00 
2015/2/25,75000000.00 
2019/1/11,45000000.00 
2012/5/3,77000000.00 
2014/7/31,80000000.00 
2017/8/25,20500000.00 
2012/5/29,100000000.00 
2017/8/18,33333400.00 
2016/6/7,25000000.00 
2017/3/20,52000000.00 
2017/9/27,20000000.00 
2017/3/6,20500000.00 
2017/4/21,24970000.00 
2018/2/12,53805000.00 
2017/9/25,54770000.00 
2015/3/20,26670000.00 
2016/8/12,25000000.00 
2016/10/17,45000000.00 
2018/1/5,33400000.00 
2017/1/17,31680000.00 
2014/11/27,43500000.00 
2012/9/6,101000000.00 
2014/7/2,16350000.00 
2014/10/9,100000000.00 
2017/2/7,50500000.00 
2017/3/28,50000000.00 
2017/3/17,39850000.00 
2017/5/12,17000000.00 
2017/8/24,50000000.00 
2017/9/5,22000000.00 
2018/12/28,31500000.00 
2017/1/3,32350000.00 
2018/11/29,20000000.00 
2014/9/9,72000000.00 
2016/9/14,55200000.00 
2018/8/28,26666667.00 
2017/5/31,60000000.00 
2017/5/19,29280000.00 
2015/5/28,80000000.00 
2015/3/26,27680000.00 
2017/6/1,18430000.00 
2016/11/8,23000000.00 
2017/2/10,20210000.00 
2018/3/30,25000000.00 
2019/6/20,22760000.00 
2016/12/28,41000000.00 
2018/11/15,84440000.00 
2015/2/17,40000000.00 
2015/6/30,30000000.00 
2017/4/18,77300000.00 
2017/6/15,21670000.00 
2015/5/15,82350000.00 
2017/1/6,48000000.00 
2017/5/9,40000000.00 
2017/4/21,15250000.00 
2017/7/31,40010000.00 
2019/7/16,22300000.00 
2017/2/22,30000000.00 
2016/12/30,22560000.00 
2019/7/19,87800000.00 
2016/10/26,60000000.00 
2018/5/8,104198556.00 
2017/10/30,70000000.00 
2017/1/10,25000000.00 
2019/5/15,41340000.00 
2015/3/19,22000000.00 
2017/5/17,22870000.00 
2017/9/11,66000000.00 
2017/11/13,52000000.00 
2019/7/29,40500000.00 
2017/12/25,40000000.00 
2017/6/27,22019000.00 
2014/2/11,74850000.00 
2017/10/31,51000000.00 
2018/9/10,21000000.00 
2016/12/27,86660000.00 
2015/12/31,90000000.00 
2015/5/29,50670000.00 
2018/4/12,25000000.00 
2017/3/30,60000000.00 
2017/7/10,41600000.00 
2014/9/26,35000000.00 
2014/1/22,80010000.00 
2015/3/2,25000000.00 
2015/5/18,52500000.00 
2016/10/13,60000000.00 
2015/4/24,25000000.00 
2017/6/19,50820000.00 
2019/4/16,41320000.00 
2015/4/24,30100000.00 
2016/11/30,20230000.00 
2017/5/2,25000000.00 
2017/9/15,77000000.00 
2016/7/28,20000000.00 
2016/11/29,111500000.00 
2017/6/16,40000000.00 
2019/5/23,51000000.00 
2014/7/1,90000000.00 
2017/12/29,33000000.00 
2017/2/13,15000000.00 
2017/7/5,31813300.00 
2019/1/17,29735000.00 
2012/5/7,86670000.00 
2017/6/20,63340000.00 
2016/11/24,33350000.00 
2017/1/19,51670000.00 
2015/3/25,16250000.00 
2016/5/19,51700000.00 
2017/2/22,54010000.00 
2018/4/26,55000000.00 
2019/1/30,16666700.00 
2015/5/13,41000000.00 
2018/1/24,33340000.00 
2017/8/1,81200000.00 
2017/1/25,40000000.00 
2017/9/1,56900000.00 
2017/2/6,33340000.00 
2017/9/26,60000000.00 
2017/11/20,66670000.00 
2012/5/21,100000000.00 
2017/9/29,100000000.00 
2014/12/4,28125000.00 
2014/7/3,51800000.00 
2016/2/5,50000000.00 
2017/9/28,49000000.00 
2019/4/2,59733761.00 
2017/6/22,40000000.00 
2017/5/22,21050000.00 
2017/4/5,71040000.00 
2017/9/12,50500000.00 
2017/7/17,33000000.00 
2017/3/24,25000000.00 
2016/12/15,54749500.00 
2019/11/25,87921800.00 
2016/9/12,40000000.00 
2017/10/18,18890000.00 
2015/12/9,24000000.00 
2012/8/24,63360000.00 
2016/12/21,25100000.00 
2016/10/11,43400000.00 
2017/1/24,17000000.00 
2017/1/4,17800000.00 
2014/10/10,51960000.00 
2017/8/9,31037867.00 
2017/10/20,36000000.00 
2017/12/18,60000000.00 
2018/5/28,40100000.00 
2017/5/16,52000000.00 
2019/11/11,30000000.00 
2017/6/7,25000000.00 
2017/10/16,25000000.00 
2017/9/4,31500000.00 
2017/5/4,41600000.00 
2017/5/3,60000000.00 
2018/2/1,19841270.00 
2017/11/6,31407900.00 
2015/12/24,40000000.00 
2016/8/19,58000000.00 
2018/2/2,23386700.00 
2017/3/17,50000000.00 
2014/12/3,36995000.00 
2015/3/19,20000000.00 
2016/3/9,30000000.00 
2017/9/7,31100000.00 
2016/5/3,51680000.00 
2019/8/5,40044490.00 
2017/9/21,41000000.00 
2017/8/8,37600000.00 
2017/6/13,30000000.00 
2017/4/7,30000000.00 
2014/1/24,89000000.00 
2016/11/10,93340000.00 
2017/8/18,47000000.00 
2015/1/27,20000000.00 
2016/12/2,22000000.00 
2015/5/18,40000000.00 
2015/4/24,64580000.00 
2015/5/28,45800000.00 
2016/8/10,40010000.00 
2016/12/22,29180000.00 
2017/3/6,22000000.00 
2017/1/11,17500000.00 
2017/5/25,16670000.00 
2018/9/21,30200000.00 
2016/12/14,25000000.00 
2017/4/6,52500000.00 
2018/6/22,61000000.00 
2014/12/29,40400000.00 
2015/6/29,60000000.00 
2018/8/27,40000000.00 
2017/7/12,25000000.00 
2018/4/27,40860000.00 
2015/5/27,33340000.00 
2015/5/13,47060000.00 
2015/1/23,25000000.00 
2015/1/22,17000000.00 
2017/8/10,20000000.00 
2017/2/17,40010000.00 
2017/11/15,50000000.00 
2014/10/15,35350000.00 
2017/10/25,22780000.00 
2016/2/18,70000000.00 
2014/8/8,80000000.00 
2019/10/29,37583200.00 
2015/1/28,20000000.00 
2017/7/18,60200000.00 
2019/7/30,35210000.00 
2017/2/13,60000000.00 
2015/6/11,36680000.00 
2017/7/3,25000000.00 
2015/2/17,53350000.00 
2017/11/17,40000100.00 
2017/2/9,52666700.00 
2017/1/12,68450000.00 
2018/12/24,25000000.00 
2017/3/13,43600000.00 
2016/11/17,30090000.00 
2014/12/30,25000000.00 
2017/2/8,25576300.00 
2017/1/20,44000000.00 
2017/1/12,30000000.00 
2017/9/13,92166700.00 
2018/6/27,58800000.00 
2017/12/29,26500000.00 
2017/3/21,18990000.00 
2018/7/30,24000000.00 
2016/9/1,42000000.00 
2017/11/3,63702900.00 
2016/12/1,62500000.00 
2017/11/21,25000000.00 
2019/8/6,29850114.00 
2016/8/1,33550000.00 
2017/3/13,25000000.00 
2018/6/12,17543900.00 
2016/10/25,50600000.00 
2017/1/17,53000000.00 
2015/5/28,65000000.00 
2017/7/21,63000000.00 
2017/2/6,20000000.00 
2015/1/26,41600000.00 
2017/6/21,25000000.00 
2018/2/27,42000000.00 
2019/3/26,41647901.00 
2017/10/20,31670000.00 
2017/11/27,25000000.00 
2015/1/26,33350000.00 
2019/7/26,50000000.00 
2014/10/31,55950000.00 
2017/1/10,84000000.00 
2017/1/13,52000000.00 
2018/7/3,118000000.00 
2015/12/9,30000000.00 
2019/5/8,79500000.00 
2015/1/28,82300000.00 
2014/1/17,82500000.00 
2019/1/22,39090000.00 
2016/4/12,19600000.00 
2015/4/23,23000000.00 
2018/7/9,40000000.00 
2017/7/19,63500000.00 
2016/12/13,90000000.00 
2018/2/8,20000000.00 
2017/11/30,40010000.00 
2018/2/26,100000000.00 
2018/7/13,38120000.00 
2016/10/31,12740000.00 
2017/3/27,43177900.00 
2015/5/15,70000000.00 
2017/8/11,25000000.00 
2017/10/25,21700000.00 
2017/9/6,36680000.00 
2016/4/21,23680000.00 
2016/11/22,58700000.00 
2017/5/9,80000000.00 
2015/3/24,16670000.00 
2017/7/28,48000000.00 
2018/4/20,62000000.00 
2016/6/3,25000000.00 
2016/9/28,16680000.00 
2019/1/16,38667000.00 
2019/8/28,24660000.00 
2017/7/11,21000000.00 
2017/5/17,60000000.00 
2012/8/10,80000000.00 
2017/6/13,53330000.00 
2017/3/24,51000000.00 
2018/4/17,23648889.00 
2017/8/17,24000000.00 
2016/10/12,60000000.00 
2015/12/31,20000000.00 
2016/5/16,50200000.00 
2019/10/15,40100000.00 
2017/4/27,51000000.00 
2015/1/20,34200000.00 
2015/4/27,50000000.00 
2018/9/12,36800000.00 
2017/4/13,53340000.00 
2016/4/6,25000000.00 
2015/1/29,91000000.00 
2015/12/10,52000000.00 
2017/6/30,40000000.00 
2017/4/20,56800000.00 
2014/9/5,60000000.00 
2015/4/22,40000000.00 
2017/11/28,26670000.00 
2018/9/17,20000000.00 
2017/3/15,21300000.00 
2017/9/18,22070000.00 
2019/10/21,49900000.00 
2016/10/14,82500000.00 
2017/2/20,112500000.00 
2015/4/22,60520000.00 
2016/11/25,30000000.00 
2016/4/28,18350000.00 
2016/12/20,56250000.00 
2017/8/2,40000000.00 
2017/4/14,90000000.00 
2015/2/26,30000000.00 
2017/10/17,40000000.00 
2017/3/28,41510000.00 
2015/7/1,33340000.00 
2017/2/14,71260000.00 
2016/9/5,99700000.00 
2017/12/1,41000000.00 
2017/5/24,82770000.00 
2017/11/6,49330000.00 
2016/11/18,69800000.00 
2016/10/21,28390000.00 
2017/8/2,16680000.00 
2016/3/22,49100000.00 
2019/6/21,51474000.00 
2015/12/22,45012600.00 
2019/6/27,35000000.00 
2016/4/18,43600000.00 
2015/3/26,54060000.00 
2018/2/6,20000000.00 
2018/4/18,65000000.00 
2017/1/9,55000000.00 
2016/12/19,50500000.00 
2017/6/14,36000000.00 
2017/8/7,25000000.00 
2017/2/8,52650000.00 
2017/9/8,68680000.00 
2015/4/23,67000000.00 
2015/5/27,68000000.00 
2016/12/28,60000000.00 
2016/10/10,24600000.00 
2016/10/28,51902936.00 
2014/12/31,26680000.00 
2017/12/12,34250000.00 
2018/1/22,19300000.00 
2017/5/10,34950000.00 
2018/4/10,44600000.00 
2015/2/17,24500000.00 
2015/1/27,60000000.00 
2016/11/23,60798900.00 
2015/5/29,25000000.00 
2017/3/14,25609500.00 
2017/4/10,52000000.00 
2017/3/7,16690000.00 
2016/6/28,25000000.00 
2017/11/1,37000000.00 
2019/6/14,84380000.00 
2017/11/10,76000000.00 
2017/12/4,28000000.00 
2015/5/28,22000000.00 
2016/3/10,70000000.00 
2017/4/26,88800000.00 
2017/10/23,32000000.00 
2017/5/10,30000000.00 
2019/9/9,42400000.00 
2016/12/12,50400000.00 
2016/12/30,53360000.00 
2017/7/6,25670000.00 
2015/12/9,41850000.00 
2017/11/2,52220000.00 
2017/6/28,37556600.00 
2015/2/17,40000000.00 
2017/3/10,21750000.00 
2019/2/22,42596100.00 
2016/6/29,54360000.00 
2016/5/17,56000000.00 
2017/3/14,20000000.00 
2017/9/22,25000000.00 
2017/1/25,40000000.00 
2019/4/29,66666700.00 
2015/5/18,25560000.00 
2015/2/27,50000000.00 
2017/11/16,33333400.00 
2017/8/22,27000000.00 
2016/11/11,55280000.00 
2017/8/7,20000000.00 
2015/6/30,95000000.00 
2017/6/15,100000000.00 
2019/5/22,50000000.00 
2019/7/25,41000000.00 
2017/5/5,20000000.00 
2016/8/18,25000000.00 
2016/11/21,52600000.00 
2014/11/4,20000000.00 
2015/5/15,50000000.00 
2016/12/8,20000000.00 
2017/3/8,18700000.00 
2019/8/26,41000000.00 
2012/10/9,200000000.00 
2019/12/24,57670000.00 
2015/12/22,50100000.00 
2015/3/2,60000000.00 
2014/12/5,27260000.00 
2015/12/10,60000000.00 
2019/7/22,40100000.00 
2019/7/22,60000000.00 
2019/7/22,48400000.00 
2019/7/22,45000000.00 
2019/7/22,41000000.00 
2019/7/22,68000000.00 
2019/7/22,112981389.00 
2019/7/22,1800000000.00 
2019/7/22,38800000.00 
2019/7/22,25000000.00 
2019/7/22,53486224.00 
2019/7/22,40000000.00 
2019/7/22,18000000.00 
2019/7/22,20000000.00 
2019/7/22,13277095.00 
2019/7/22,20000000.00 
2019/11/6,20000000.00 
2019/7/22,27000000.00 
2019/11/5,18518519.00 
2019/10/31,23092144.00 
2019/7/22,20000000.00 
2019/7/22,33340000.00 
2019/9/30,45056000.00 
2019/7/22,47880000.00 
2019/9/30,80000000.00 
2019/12/16,21000000.00 
2019/12/11,20000000.00 
2019/11/1,10000000.00 
2019/7/22,41500000.00 
2019/9/30,15550000.00 
2019/12/30,17690000.00 
2020/1/6,18400000.00 
2019/7/22,46000000.00 
2019/12/19,30000000.00 
2019/10/28,50000000.00 
2019/8/8,41120000.00 
2019/11/15,83470000.00 
2019/10/30,50000000.00 
2019/11/18,101000000.00 
2019/9/25,57964529.00 
2019/12/4,23850000.00 
2019/7/22,44200000.00 
2019/12/23,30210467.00 
2019/11/5,50000000.00 
2019/11/20,66800000.00 
2019/10/25,79267940.00 
2019/11/8,41000000.00 
2019/9/6,12795000.00 
2020/1/6,24118254.00 
2019/8/8,25000000.00 
2019/11/21,30000000.00 
2019/12/9,24000000.00 
2019/11/5,27806800.00 
2019/11/5,15500000.00 
2019/12/11,29340000.00 
2019/12/9,21739200.00 
2019/12/26,30000000.00 
2019/11/6,25000000.00 
2019/11/6,70642200.00 
2019/11/15,21493400.00 
2019/12/3,20900000.00 
2019/8/12,50000000.00 
2019/7/22,20000000.00 
2019/12/4,14460000.00 
2019/12/3,20000000.00 
2019/11/6,49562556.00 
2019/10/30,17800000.00 
2019/10/14,15400000.00 
2019/10/31,19250000.00 
2019/7/22,57800000.00 
2019/11/5,43000000.00 
2019/12/5,14660000.00 
