Markettype,Trdmnt,Mnshrtrdtl,Mnvaltrdtl
8,1996-01,51207605,137115389.4
2,1996-01,118290835,367625177.7
4,1996-01,540019071,2128027882
1,1996-01,2299110934,10036961641
8,1996-02,18406378,55785560.29
2,1996-02,50023474,169083153.4
4,1996-02,338225307,1319227468
1,1996-02,886992008,4468295805
8,1996-03,48615936,160076749.9
2,1996-03,125263050,449360926.6
4,1996-03,1153311844,5524431287
1,1996-03,2574148265,13858272183
8,1996-04,65255477,138488793.8
2,1996-04,151718031,468076917.3
4,1996-04,6392888224,31519365450
1,1996-04,6688683118,44105106285
8,1996-05,166123131,410315222.9
2,1996-05,153717123,502487860.2
4,1996-05,8625165960,51905937203
1,1996-05,7023316706,43818470459
2,1996-06,226712665,729619983.4
4,1996-06,11306331586,74761117476
1,1996-06,11253677372,89417153749
8,1996-06,505680870,1641874075
2,1996-07,167110039,582690762.2
4,1996-07,20073516873,1.39813E+11
1,1996-07,12663944414,1.09957E+11
8,1996-07,507618501,1635521871
2,1996-08,305608094,1134365947
4,1996-08,11649037996,93499144423
1,1996-08,7322631550,62562276245
8,1996-08,273945738,946775207.1
2,1996-09,158377097,528239871.6
4,1996-09,13037139452,1.01214E+11
1,1996-09,7895616488,74419535400
8,1996-09,113714511,405646266
2,1996-10,118382127,368745801.2
4,1996-10,26973793869,2.39004E+11
1,1996-10,17360939839,1.44185E+11
8,1996-10,121179555,398618827
2,1996-11,252406757,820053661.5
4,1996-11,23004733426,2.6465E+11
1,1996-11,11682113030,1.06099E+11
8,1996-11,660701743,2472713477
2,1996-12,947304572,3336423909
4,1996-12,15998541501,1.97868E+11
1,1996-12,19767615188,1.99199E+11
8,1996-12,1495282580,8113700843
2,1997-01,375889016,1383296249
4,1997-01,11194888739,1.1457E+11
1,1997-01,6181044982,57487026802
8,1997-01,424503541,2194961666
2,1997-02,258621376,900202844
4,1997-02,7087209101,76352270879
1,1997-02,7192520831,66521830435
8,1997-02,223631951,1184783706
2,1997-03,450462075,1735304049
4,1997-03,17045218065,2.16778E+11
1,1997-03,17391402364,1.93773E+11
8,1997-03,384898262,2174607215
2,1997-04,660296840,3009265096
4,1997-04,16718435104,2.4859E+11
1,1997-04,19626083142,2.4644E+11
8,1997-04,483331745,3137790614
2,1997-05,507904570,2867992932
4,1997-05,14912879099,2.37983E+11
1,1997-05,14180575477,2.04521E+11
8,1997-05,462451772,3079375900
2,1997-06,366658390,1980328148
4,1997-06,11541671607,1.68594E+11
1,1997-06,9089609178,1.30682E+11
8,1997-06,234651140,1364660355
2,1997-07,204289980,958417999
4,1997-07,9768750473,1.31029E+11
1,1997-07,8540187090,1.02897E+11
8,1997-07,346659113,1273328243
2,1997-08,690409084,3477974367
4,1997-08,8418252705,91818195468
1,1997-08,8152980991,80653204646
8,1997-08,712161834,3060365837
2,1997-09,397912529,1610923104
4,1997-09,7874124305,77343759847
1,1997-09,8391087807,76690837830
8,1997-09,235258680,933020306
2,1997-10,358070445,1265919762
4,1997-10,11043946689,1.33325E+11
1,1997-10,6172148917,66486720036
8,1997-10,161808394,640100711.5
2,1997-11,304413370,1039242989
4,1997-11,7806302832,94490334550
1,1997-11,5612390643,59034937991
8,1997-11,118211923,400489977
2,1997-12,391985030,1006505773
4,1997-12,7116893981,83624252386
1,1997-12,6071239366,69837734041
8,1997-12,117491426,337932450.8
2,1998-01,348365470,785344173.4
4,1998-01,7625105475,90090102659
1,1998-01,6309479987,77280357704
8,1998-01,123624239,349231471.3
2,1998-02,480866720,1193579129
4,1998-02,4938669149,54068910593
1,1998-02,5195821420,58754388986
8,1998-02,127696940,409998541.3
2,1998-03,389176923,1013461105
4,1998-03,6654894961,74804379421
1,1998-03,7861522496,90318751350
8,1998-03,115062610,360901650.7
2,1998-04,259919745,680120830.4
4,1998-04,14006452585,1.61208E+11
1,1998-04,15943286928,1.78055E+11
8,1998-04,154298302,384283560.6
2,1998-05,283043230,670838695.9
4,1998-05,13437082493,1.54859E+11
1,1998-05,13195449327,1.54945E+11
8,1998-05,402718792,832676734.6
2,1998-06,293097374,578517182.4
4,1998-06,9717071079,1.15081E+11
1,1998-06,10914593491,1.33846E+11
8,1998-06,113918079,280708690
2,1998-07,278791376,525544883.1
4,1998-07,6856784114,79232716226
1,1998-07,7596567608,87546561814
8,1998-07,130636177,276223342.9
2,1998-08,503862412,658469684.2
4,1998-08,6523777313,66976793805
1,1998-08,7141796123,74072706145
8,1998-08,189610474,267115206.1
2,1998-09,568074416,729718716.4
4,1998-09,8920128108,89325386860
1,1998-09,10636363279,1.1177E+11
8,1998-09,211860603,321443891.3
2,1998-10,437040183,670954398.7
4,1998-10,7843427919,78540700869
1,1998-10,9150323391,98744642676
8,1998-10,125375743,218077060.6
2,1998-11,217584156,391922494.8
4,1998-11,9532936769,1.01698E+11
1,1998-11,9492487802,1.12089E+11
8,1998-11,83977919,165640174.4
2,1998-12,193968602,289314101.2
4,1998-12,4561301781,44637834505
1,1998-12,5104241707,52999633431
8,1998-12,123353285,291342878.7
2,1999-01,187678284,249999240.7
4,1999-01,5276709153,46346529758
1,1999-01,5394205436,54609645019
8,1999-01,50903599,80989579.1
2,1999-02,49272722,73685656.21
4,1999-02,1623843968,14207910051
1,1999-02,1565331630,14969805203
8,1999-02,20048658,32061907.29
2,1999-03,610115877,697885517.6
4,1999-03,8311441512,75419998818
1,1999-03,8936908429,85807383983
8,1999-03,189117505,245821228.8
2,1999-04,397060242,567092014.8
4,1999-04,10052229523,84484006015
1,1999-04,10923537479,99210788853
8,1999-04,325441597,515680455.9
2,1999-05,786248505,1256140231
4,1999-05,11733476736,1.09627E+11
1,1999-05,13885078689,1.37047E+11
8,1999-05,313674770,539898810
2,1999-06,2218385245,4767438956
4,1999-06,36551267894,4.07436E+11
1,1999-06,41124406235,4.77298E+11
8,1999-06,2002063233,5398886861
2,1999-07,1324072465,3154565347
4,1999-07,19502484514,2.38649E+11
1,1999-07,21853146616,2.71534E+11
8,1999-07,911614637,2415882612
2,1999-08,742856754,1466695572
4,1999-08,13411466324,1.50278E+11
1,1999-08,17082790530,1.97465E+11
8,1999-08,404485647,1046168471
2,1999-09,274604266,549975705
4,1999-09,9612237013,1.13318E+11
1,1999-09,11190158221,1.42345E+11
8,1999-09,198386879,490087632.7
2,1999-10,164834781,297316942.1
4,1999-10,4291219625,49850808129
1,1999-10,4750925086,56613261831
8,1999-10,137861889,313659019.4
2,1999-11,292456511,561859066.4
4,1999-11,5917736058,66617908423
1,1999-11,6044589300,75134175472
8,1999-11,316947206,718351954.1
2,1999-12,164843870,314854102.9
4,1999-12,5816593837,65469567019
1,1999-12,6080023335,70628095187
8,1999-12,178443255,411666220.5
2,2000-01,333949869,76441266.49
4,2000-01,15835141144,1.98023E+11
1,2000-01,17215339829,2.18989E+11
8,2000-01,318186609,756390946.2
2,2000-02,441885128,107873180.2
4,2000-02,21496737317,2.94562E+11
1,2000-02,23098975828,3.31565E+11
8,2000-02,351652548,919444800.9
2,2000-03,504694243,108741677.2
4,2000-03,33261735378,4.15951E+11
1,2000-03,32557078998,4.29231E+11
8,2000-03,653487706,1393422227
2,2000-04,443158453,99269430.98
4,2000-04,22954273866,2.86795E+11
1,2000-04,23107636894,2.87594E+11
8,2000-04,392202905,779789875.7
2,2000-05,731380608,188486454.4
4,2000-05,16145831928,2.05622E+11
1,2000-05,16221371711,2.09189E+11
8,2000-05,477021731,1104683521
2,2000-06,1459383430,409910427.9
4,2000-06,24286625763,3.02652E+11
1,2000-06,23989116839,2.99286E+11
8,2000-06,1192833399,3154395285
2,2000-07,1053781582,307838177
4,2000-07,19356461602,2.45237E+11
1,2000-07,20518494461,2.65457E+11
8,2000-07,648978535,1693848395
2,2000-08,2948104379,1062079574
4,2000-08,22088351500,2.92835E+11
1,2000-08,23506471952,3.25312E+11
8,2000-08,1357094435,4047699089
2,2000-09,940383620,304505741.8
4,2000-09,11772529504,1.56471E+11
1,2000-09,10664925321,1.43873E+11
8,2000-09,533506752,1430569053
2,2000-10,777114944,256542599.7
4,2000-10,9193676385,1.29129E+11
1,2000-10,9165080159,1.29655E+11
8,2000-10,418068063,1135010163
2,2000-11,1415494523,538409946.2
4,2000-11,17459264696,2.4062E+11
1,2000-11,17246513224,2.55167E+11
8,2000-11,410808191,1149767014
2,2000-12,1659551500,700324539
4,2000-12,10967240367,1.57854E+11
1,2000-12,13938771763,2.08747E+11
8,2000-12,607948893,1633825676
2,2001-01,911491184,423736359.9
4,2001-01,9005015056,1.2639E+11
1,2001-01,11650312510,1.7028E+11
8,2001-01,465355034,1340461543
2,2001-02,423398829,197230412.9
4,2001-02,6542968416,82749264315
1,2001-02,8088505569,1.10424E+11
8,2001-02,160854804,448245518.8
2,2001-03,10149886791,7881931665
4,2001-03,11988706120,1.61298E+11
1,2001-03,15179544970,2.09315E+11
8,2001-03,11607694402,74951079540
2,2001-04,6988791121,6205003236
4,2001-04,12936718691,1.81569E+11
1,2001-04,17404944496,2.65756E+11
8,2001-04,4984927911,39338752232
2,2001-05,5494771592,6061784620
4,2001-05,9793256606,1.41034E+11
1,2001-05,13696580419,2.17664E+11
8,2001-05,3952168020,35334745906
2,2001-06,4306743027,5059775693
4,2001-06,12735900616,1.76882E+11
1,2001-06,16450942788,2.55098E+11
8,2001-06,2230234475,19087454500
2,2001-07,2232952738,2300534636
4,2001-07,8284238193,1.14925E+11
1,2001-07,10960785090,1.65989E+11
8,2001-07,1365505431,9791646079
2,2001-08,3475414366,2843740799
4,2001-08,6345596726,78761977210
1,2001-08,10482583551,1.35211E+11
8,2001-08,1901235797,11391756212
2,2001-09,1611064931,1304423026
4,2001-09,5417319376,63144187651
1,2001-09,7509313363,97058976524
8,2001-09,963538117,5569812311
2,2001-10,995865076,795365090
4,2001-10,6390359229,67238888298
1,2001-10,9950968634,1.16814E+11
8,2001-10,806289458,4464646589
2,2001-11,995824362,788712025.3
4,2001-11,7115380068,71458283528
1,2001-11,11386908630,1.28158E+11
8,2001-11,579545263,3191723619
2,2001-12,1596548096,1407989981
4,2001-12,7065554025,72729192526
1,2001-12,10453992557,1.18028E+11
8,2001-12,958532631,5630903992
2,2002-01,1666739237,1232517610
4,2002-01,8059219267,64576552246
1,2002-01,12750314749,1.16609E+11
8,2002-01,891944112,4097372297
2,2002-02,599123428,423991560.7
4,2002-02,5486180182,45133431337
1,2002-02,7879271379,75711333404
8,2002-02,443707071,1932704861
2,2002-03,1329530835,994941556.6
4,2002-03,20233060163,1.83724E+11
1,2002-03,25982104112,2.69682E+11
8,2002-03,1197876635,5582579072
2,2002-04,772232838,558706061.5
4,2002-04,12582385765,1.18762E+11
1,2002-04,16734159876,1.74296E+11
8,2002-04,629272184,2972326320
2,2002-05,414506071,293408651.2
4,2002-05,8284586949,78888934468
1,2002-05,10104973529,1.05106E+11
8,2002-05,243513336,1121424910
2,2002-06,901180355,660870699.4
4,2002-06,17539999805,1.67506E+11
1,2002-06,23924239633,2.3061E+11
8,2002-06,688213628,3277037252
2,2002-07,1301240938,971757467.3
4,2002-07,10847598151,1.08409E+11
1,2002-07,18902449399,1.90531E+11
8,2002-07,1334504954,6255871301
2,2002-08,246675471,180376252.3
4,2002-08,7222153928,76095510401
1,2002-08,10534283963,1.09767E+11
8,2002-08,242723376,1176628801
2,2002-09,198868836,142425398.9
4,2002-09,5570026146,55913686946
1,2002-09,7757096340,82381900816
8,2002-09,174008769,785891870.1
2,2002-10,276224812,183771690.8
4,2002-10,4509556835,40149860623
1,2002-10,9192628556,71140372322
8,2002-10,268859915,1049586368
2,2002-11,553913064,329875266.8
4,2002-11,7812977081,65615590325
1,2002-11,13501158126,1.14666E+11
8,2002-11,428044624,1564012621
2,2002-12,513913401,289512702.8
4,2002-12,8519861014,65560382288
1,2002-12,12126218268,1.03985E+11
8,2002-12,394594533,1434119050
2,2003-01,809254897,475558986
4,2003-01,13155907197,1.03897E+11
1,2003-01,25547509390,1.872E+11
8,2003-01,518289423,2025805933
2,2003-02,261671375,153341284
4,2003-02,7113318648,59849912085
1,2003-02,11720304448,99917487015
8,2003-02,240690328,989637914
2,2003-03,277319369,159720282
4,2003-03,8701024513,75685492339
1,2003-03,14852104124,1.29369E+11
8,2003-03,349310827,1496257526
2,2003-04,1125089818,659681721
4,2003-04,22466854169,1.94077E+11
1,2003-04,44782628331,3.63247E+11
8,2003-04,1684826171,7830681549
2,2003-05,475783736,274479899
4,2003-05,13908801577,1.20247E+11
1,2003-05,22749926970,1.89364E+11
8,2003-05,789240541,3588913517
2,2003-06,280266876,159151568
4,2003-06,10873079379,88600906630
1,2003-06,18808476510,1.54134E+11
8,2003-06,786135932,3387856009
2,2003-07,316374467,176899812
4,2003-07,9271433086,76057008898
1,2003-07,17853793087,1.47659E+11
8,2003-07,985485321,4783551188
2,2003-08,354793377,178748789
4,2003-08,6589956764,52384604087
1,2003-08,11287923451,92766573159
8,2003-08,650979122,3038184416
2,2003-09,205196702,100595014
4,2003-09,6652282361,48723903361
1,2003-09,13862862223,1.12473E+11
8,2003-09,436641170,2052757087
2,2003-10,480937981,261037248
4,2003-10,6655198788,45383097907
1,2003-10,14664554549,1.03539E+11
8,2003-10,1607011353,8094342886
2,2003-11,795201416,469088537
4,2003-11,12628326285,81962785394
1,2003-11,27330940957,1.82687E+11
8,2003-11,1770375754,9067164143
2,2003-12,627555134,349098407
4,2003-12,17905460390,1.25619E+11
1,2003-12,39632450056,2.89979E+11
8,2003-12,1251930098,6530266946
2,2004-01,836889836,469596869
4,2004-01,14170320416,1.05319E+11
1,2004-01,31187251892,2.43883E+11
8,2004-01,1018481973,5461966340
2,2004-02,1057170307,588852011
4,2004-02,32999165342,2.56003E+11
1,2004-02,53541510516,4.43102E+11
8,2004-02,1680274328,8361136779
2,2004-03,500701458,306469933
4,2004-03,25918092313,2.12708E+11
1,2004-03,40955581669,3.49325E+11
8,2004-03,895363746,4845085580
2,2004-04,432685473,261280846
4,2004-04,23419641132,1.90356E+11
1,2004-04,36863347534,3.20794E+11
8,2004-04,1291068980,7655435098
2,2004-05,233459107,126573179
4,2004-05,8841424887,62446008884
1,2004-05,14555480152,1.14032E+11
8,2004-05,416204255,2342395344
2,2004-06,447409400,211723370
4,2004-06,12439564648,88369504589
1,2004-06,21686266269,1.66948E+11
8,2004-06,615633789,3034792211
2,2004-07,359134863,165183284
4,2004-07,13154841579,95639564558
1,2004-07,22742336051,1.53218E+11
8,2004-07,617823221,3003719384
2,2004-08,257140195,108623844
4,2004-08,10624797682,70143819487
1,2004-08,17806117034,1.13148E+11
8,2004-08,483852572,2062769938
2,2004-09,523986064,228757885
4,2004-09,22833005159,1.47991E+11
1,2004-09,38382715659,2.39567E+11
8,2004-09,895288131,3887354580
2,2004-10,395321428,185299315
4,2004-10,16105447670,1.12135E+11
1,2004-10,25752962395,1.70613E+11
8,2004-10,630928682,2824972315
2,2004-11,396741319,156179724
4,2004-11,18265323291,1.15406E+11
1,2004-11,29609054188,1.81761E+11
8,2004-11,704928885,2906329575
2,2004-12,245143763,102782143
4,2004-12,13392246434,77900920116
1,2004-12,21882724995,1.25887E+11
8,2004-12,526726767,2134669082
2,2005-01,242203441,92962888
4,2005-01,11763446513,65345800058
1,2005-01,19466907717,1.05743E+11
8,2005-01,497443924,2010793349
2,2005-02,375311141,174829260
4,2005-02,12722156473,70167312067
1,2005-02,21953925229,1.23249E+11
8,2005-02,704918927,3055062403
2,2005-03,603826574,291551368
4,2005-03,18536268573,1.1023E+11
1,2005-03,30513972574,1.79163E+11
8,2005-03,1045219357,5324406475
2,2005-04,652369666,284850373
4,2005-04,20793572869,1.15668E+11
1,2005-04,31239929811,1.73345E+11
8,2005-04,1003787323,4761954723
2,2005-05,262025933,106656009
4,2005-05,11966122634,55781555001
1,2005-05,17851159597,86801427051
8,2005-05,457202928,2157159711
2,2005-06,473851160,172336120
4,2005-06,24069270945,1.19968E+11
1,2005-06,38147263353,1.82262E+11
8,2005-06,1129701813,4550969194
2,2005-07,587464364,174875571
4,2005-07,19639242584,82846747355
1,2005-07,30047817615,1.30221E+11
8,2005-07,810178186,2888887823
2,2005-08,1160262567,349422372
4,2005-08,40766177474,1.77703E+11
1,2005-08,62450034600,2.78469E+11
8,2005-08,1331582088,4672560599
2,2005-09,701407891,217937497
4,2005-09,36136494474,1.53868E+11
1,2005-09,53882490610,2.4947E+11
8,2005-09,904879488,2432261939
2,2005-10,340579245,114206371
4,2005-10,17298714492,76638070273
1,2005-10,26404448199,1.27033E+11
8,2005-10,456644491,1446383583
2,2005-11,261683175,81147136
4,2005-11,20060213711,86069836416
1,2005-11,31213477908,1.34547E+11
8,2005-11,420611860,1371936527
2,2005-12,285279791,107998643
4,2005-12,20599083516,89236356926
1,2005-12,29371344469,1.34913E+11
8,2005-12,403709262,1354985234
2,2006-01,1740608722,639962776
4,2006-01,27568839212,1.28331E+11
1,2006-01,43428900490,2.16645E+11
8,2006-01,1752931790,5636545622
2,2006-02,1347980908,569242127
4,2006-02,27536853671,1.30423E+11
1,2006-02,45307016549,2.24889E+11
8,2006-02,1133240646,4083740107
2,2006-03,925626163,440881852.8
4,2006-03,31816723758,1.45126E+11
1,2006-03,49355025919,2.4624E+11
8,2006-03,1086151202,4023233057
2,2006-04,1178582774,552174986
4,2006-04,53868564045,2.72121E+11
1,2006-04,81418368211,4.31449E+11
8,2006-04,1843752408,7350030301
2,2006-05,1379150591,610689252.1
4,2006-05,70940301444,3.95218E+11
1,2006-05,1.14251E+11,6.64116E+11
8,2006-05,2096484122,8221592490
2,2006-06,846383957,365645355
4,2006-06,60010575018,3.36479E+11
1,2006-06,97744807417,5.5552E+11
8,2006-06,1134422806,4191900146
2,2006-07,722861519,346765455
4,2006-07,52772827362,3.04733E+11
1,2006-07,84992347092,4.98733E+11
8,2006-07,799529750,2827504724
2,2006-08,498055102,246053661
1,2006-08,62676336260,3.40478E+11
8,2006-08,613723264,2246064109
4,2006-08,37390778940,2.00179E+11
2,2006-09,2182313826,852290824
1,2006-09,76056886873,4.20433E+11
8,2006-09,1872240040,5875505334
4,2006-09,40456902005,2.26371E+11
2,2006-10,1540938340,667859784
1,2006-10,78668993818,4.27266E+11
8,2006-10,1632473021,5424748570
4,2006-10,38937496265,2.26216E+11
2,2006-11,1643328313,854017753
1,2006-11,1.17688E+11,6.81658E+11
8,2006-11,1713979887,7279175129
4,2006-11,51998409130,3.31939E+11
2,2006-12,1943014352,1024019413
1,2006-12,1.60715E+11,1.01632E+12
8,2006-12,1984280976,8846692956
4,2006-12,75055010899,4.99423E+11
2,2007-01,4085068932,2642848120
1,2007-01,2.27688E+11,1.6993E+12
8,2007-01,3660884547,19117426228
4,2007-01,1.09963E+11,8.16846E+11
2,2007-02,2122387250,1423769477
1,2007-02,1.45143E+11,1.15358E+12
8,2007-02,2090571830,10022567575
4,2007-02,71667889319,5.70633E+11
2,2007-03,2102320879,1411399300
1,2007-03,2.41528E+11,2.09754E+12
8,2007-03,2135613517,10768320397
4,2007-03,1.22012E+11,1.08243E+12
2,2007-04,2921353998,2368681841
1,2007-04,2.88172E+11,3.18226E+12
8,2007-04,3330376284,19131244567
4,2007-04,1.47445E+11,1.69257E+12
2,2007-05,9940319461,13323744809
1,2007-05,2.81481E+11,3.8258E+12
8,2007-05,5565726710,50330682595
4,2007-05,1.35858E+11,1.91666E+12
2,2007-06,5213929952,5971939676
1,2007-06,2.59808E+11,3.48723E+12
8,2007-06,3982810012,29912305550
4,2007-06,1.34251E+11,1.84538E+12
2,2007-07,3404557990,3900201952
1,2007-07,1.66142E+11,2.12895E+12
8,2007-07,2679423872,21160821271
4,2007-07,84111217853,1.12595E+12
2,2007-08,3044907793,4111937627
1,2007-08,2.37748E+11,3.52862E+12
8,2007-08,2341425036,20518304655
4,2007-08,1.17953E+11,1.8847E+12
2,2007-09,2285735711,3260684911
1,2007-09,1.896E+11,3.02153E+12
8,2007-09,2205505941,16956531348
4,2007-09,93906240150,1.56604E+12
2,2007-10,1923639890,3354677082
1,2007-10,1.32143E+11,2.38506E+12
8,2007-10,1789772102,15478100320
4,2007-10,58938169149,1.08858E+12
2,2007-11,1149621914,1973663400
1,2007-11,99550968371,1.72374E+12
8,2007-11,1579540193,13079995459
4,2007-11,44773018750,7.64903E+11
2,2007-12,1146400739,1717163544
1,2007-12,1.24004E+11,1.96053E+12
8,2007-12,1002855297,7972517318
4,2007-12,54326188856,9.25423E+11
2,2008-01,1341813821,1879654703
1,2008-01,1.75831E+11,3.06179E+12
8,2008-01,1346700007,11338312244
4,2008-01,86052585513,1.56635E+12
2,2008-02,538706228,730828388
1,2008-02,85578279709,1.41755E+12
8,2008-02,635862933,5687063087
4,2008-02,39016228731,6.82593E+11
2,2008-03,762653166,964821003
1,2008-03,1.28329E+11,1.93462E+12
8,2008-03,812016436,6338562446
4,2008-03,56679912144,9.05524E+11
2,2008-04,969109719,1080660241
1,2008-04,1.35837E+11,1.85569E+12
8,2008-04,1020868735,6653551382
4,2008-04,59029569810,8.19097E+11
2,2008-05,834221597,935191029
1,2008-05,1.41647E+11,1.97097E+12
8,2008-05,807440702,5177588102
4,2008-05,68195093997,9.62166E+11
2,2008-06,810941514,773274201
1,2008-06,1.01024E+11,1.12395E+12
8,2008-06,838469495,4724447680
4,2008-06,48675178406,5.49173E+11
2,2008-07,650200360,572810139
1,2008-07,1.44327E+11,1.52602E+12
8,2008-07,849497319,4120018478
4,2008-07,75479185778,7.89741E+11
2,2008-08,612493585,472141293
1,2008-08,90909670471,7.841E+11
8,2008-08,642474867,2862605323
4,2008-08,42999173865,3.87465E+11
2,2008-09,740862534,452218290
1,2008-09,1.0532E+11,8.0699E+11
8,2008-09,882151999,3409604891
4,2008-09,44584340141,3.38076E+11
2,2008-10,632080577,343285335
1,2008-10,1.01364E+11,7.29254E+11
8,2008-10,898659764,2960003476
4,2008-10,46797197745,3.03828E+11
2,2008-11,1205063356,627955743
1,2008-11,1.81497E+11,1.17953E+12
8,2008-11,1179000568,3251971425
4,2008-11,85939475168,5.18726E+11
2,2008-12,1324860131,667364924
1,2008-12,2.26216E+11,1.55839E+12
8,2008-12,1439588713,4291398055
4,2008-12,1.157E+11,7.79893E+11
2,2009-01,658338715,384755679
1,2009-01,1.34344E+11,9.7204E+11
8,2009-01,604305624,2025634735
4,2009-01,68298960060,5.13196E+11
2,2009-02,1882726109,1154843896
1,2009-02,3.22512E+11,2.62574E+12
8,2009-02,2027827994,6477230538
4,2009-02,1.69131E+11,1.3955E+12
2,2009-03,1512027556,1006333654
1,2009-03,2.85674E+11,2.49606E+12
8,2009-03,1732908155,6477751152
4,2009-03,1.40623E+11,1.24167E+12
2,2009-04,1783343380,1211211535
1,2009-04,3.15971E+11,2.99832E+12
8,2009-04,2204807910,8630986059
4,2009-04,1.6125E+11,1.55349E+12
2,2009-05,1543267943,1027185015
1,2009-05,2.45606E+11,2.41162E+12
8,2009-05,1656012708,6763882312
4,2009-05,1.2842E+11,1.27959E+12
2,2009-06,1835766704,1310024937
1,2009-06,2.95988E+11,3.07355E+12
8,2009-06,2952664551,12209767027
4,2009-06,1.44023E+11,1.51854E+12
2,2009-07,2360212387,1927571595
1,2009-07,4.14234E+11,4.7143E+12
8,2009-07,3041793435,14410488663
4,2009-07,1.9829E+11,2.34151E+12
2,2009-08,1891991093,1542426421
1,2009-08,2.89069E+11,3.32274E+12
8,2009-08,2181050378,11202745580
4,2009-08,1.4132E+11,1.70558E+12
2,2009-09,1415912191,1058013208
1,2009-09,2.56593E+11,2.8228E+12
8,2009-09,1678399001,8210765304
4,2009-09,1.31672E+11,1.5766E+12
16,2009-10,434170679,21908391265
2,2009-10,758499010,717612475
1,2009-10,1.75976E+11,1.99336E+12
8,2009-10,1330901730,6964012233
4,2009-10,98033109969,1.20757E+12
16,2009-11,1809105843,82734903796
2,2009-11,3176951718,2855369055
1,2009-11,3.39822E+11,3.88928E+12
8,2009-11,3858252453,20377952387
4,2009-11,1.88324E+11,2.38273E+12
16,2009-12,1611227607,78167553172
2,2009-12,1436073338,1416203875
1,2009-12,2.6766E+11,3.18174E+12
8,2009-12,1959919108,10729904976
4,2009-12,1.41721E+11,1.92381E+12
16,2010-01,1371851064,60191685429
2,2010-01,1456565807,1532599635
1,2010-01,2.34111E+11,2.89727E+12
8,2010-01,1632820925,9446166386
4,2010-01,1.28908E+11,1.8091E+12
16,2010-02,1234044672,49767707043
2,2010-02,671194885,757091998
1,2010-02,1.21883E+11,1.42389E+12
8,2010-02,747540820,4167209044
4,2010-02,72395211301,9.46991E+11
16,2010-03,2636448349,1.20398E+11
2,2010-03,1017360733,1080483456
1,2010-03,2.13899E+11,2.5198E+12
8,2010-03,1434019962,8649193765
4,2010-03,1.26184E+11,1.75227E+12
16,2010-04,3094509489,1.59733E+11
2,2010-04,1287271500,1455020881
1,2010-04,2.28457E+11,2.86548E+12
8,2010-04,1924688633,12076812896
4,2010-04,1.44527E+11,2.14183E+12
16,2010-05,2678186946,1.09525E+11
2,2010-05,881562888,1020430899
1,2010-05,1.66113E+11,1.85746E+12
8,2010-05,1225947107,6856186213
4,2010-05,97994274718,1.30264E+12
16,2010-06,3271827327,1.16827E+11
2,2010-06,664039870,822287905
1,2010-06,1.21906E+11,1.29012E+12
8,2010-06,835894842,4513220429
4,2010-06,85383349846,1.11178E+12
16,2010-07,3305357629,1.04808E+11
2,2010-07,912328611,857647637
1,2010-07,1.89835E+11,1.74374E+12
8,2010-07,1200209021,6734371196
4,2010-07,1.16102E+11,1.40152E+12
16,2010-08,4439551580,1.59646E+11
2,2010-08,1705162210,1594908646
1,2010-08,2.39244E+11,2.46356E+12
8,2010-08,1867238643,10699212693
4,2010-08,1.55725E+11,2.0878E+12
16,2010-09,3576545025,1.31154E+11
2,2010-09,1273295930,1243087965
1,2010-09,2.03253E+11,2.34134E+12
8,2010-09,1854262634,11618504886
4,2010-09,1.3385E+11,1.91861E+12
16,2010-10,3756997843,1.32112E+11
2,2010-10,1475099951,1607165567
1,2010-10,2.9554E+11,3.67349E+12
8,2010-10,2237589952,15586361203
4,2010-10,1.63828E+11,2.44593E+12
16,2010-11,6430988226,2.50488E+11
2,2010-11,2566517040,2841992654
1,2010-11,3.50834E+11,4.56006E+12
8,2010-11,2874953108,21820505863
4,2010-11,2.07414E+11,3.38417E+12
16,2010-12,4113187084,1.72872E+11
2,2010-12,1267925051,1396424088
1,2010-12,2.10698E+11,2.63778E+12
8,2010-12,1404411462,10274162584
4,2010-12,1.24612E+11,2.11296E+12
16,2011-01,2831470393,1.18169E+11
2,2011-01,1139704775,1181751669
1,2011-01,1.71688E+11,2.01634E+12
8,2011-01,848346727,6828613789
4,2011-01,81653297278,1.31316E+12
16,2011-02,3232012137,1.26763E+11
2,2011-02,1160241142,1132252192
1,2011-02,1.74489E+11,2.15617E+12
8,2011-02,786743384,6574812515
4,2011-02,89466659081,1.45533E+12
16,2011-03,4920292499,1.81117E+11
2,2011-03,1825091698,1737352068
1,2011-03,2.92278E+11,3.68571E+12
8,2011-03,1139639408,8860869802
4,2011-03,1.55637E+11,2.42979E+12
16,2011-04,3223605130,98027599142
2,2011-04,1460427884,1509415569
1,2011-04,2.29526E+11,2.71781E+12
8,2011-04,1081518159,8273680536
4,2011-04,1.24152E+11,1.74779E+12
16,2011-05,3591649711,83781930648
2,2011-05,1007126106,938427800
1,2011-05,1.77504E+11,2.03229E+12
8,2011-05,814424937,6104579327
4,2011-05,96849956042,1.26447E+12
16,2011-06,4480303719,90557856197
2,2011-06,929830164,980833062
1,2011-06,1.61765E+11,1.84401E+12
8,2011-06,757330940,5470265472
4,2011-06,92445371230,1.18084E+12
16,2011-07,8299259911,1.82653E+11
2,2011-07,858651041,979681718
1,2011-07,1.96337E+11,2.29486E+12
8,2011-07,877204929,6270277362
4,2011-07,1.21259E+11,1.71527E+12
16,2011-08,10814827688,2.62695E+11
2,2011-08,771799953,891369088
1,2011-08,1.79426E+11,1.90729E+12
8,2011-08,788413262,5316093981
4,2011-08,1.09321E+11,1.50434E+12
16,2011-09,5781883475,1.31584E+11
2,2011-09,480409374,491942395
1,2011-09,1.18548E+11,1.2075E+12
8,2011-09,539447872,3566049101
4,2011-09,70240660947,8.80126E+11
16,2011-10,6294248011,1.33354E+11
2,2011-10,498648493,463438747
1,2011-10,1.19679E+11,1.11272E+12
8,2011-10,520230280,3144764546
4,2011-10,68509319147,8.10598E+11
16,2011-11,13832190426,3.01078E+11
2,2011-11,679839661,649899539
1,2011-11,1.63492E+11,1.61921E+12
8,2011-11,601247786,3666609206
4,2011-11,1.05226E+11,1.30783E+12
16,2011-12,8043664964,1.62218E+11
2,2011-12,559549699,454155891
1,2011-12,1.14892E+11,1.0198E+12
8,2011-12,578813943,2695978710
4,2011-12,71706281354,8.00664E+11
16,2012-01,6189787070,1.08964E+11
2,2012-01,409393823,352946130
1,2012-01,1.04149E+11,9.03279E+11
8,2012-01,494075069,2550712433
4,2012-01,62343850960,6.41904E+11
16,2012-02,12190178774,2.25352E+11
2,2012-02,704689852,631230927
1,2012-02,1.94524E+11,1.76775E+12
8,2012-02,1018601182,5949206641
4,2012-02,1.28043E+11,1.35536E+12
16,2012-03,12993072578,2.60669E+11
2,2012-03,984373802,780861925
1,2012-03,2.07961E+11,2.01758E+12
8,2012-03,1454748807,7748140278
4,2012-03,1.33416E+11,1.55599E+12
16,2012-04,7815854046,1.38897E+11
2,2012-04,744938046,593458960
1,2012-04,1.62627E+11,1.46504E+12
8,2012-04,931337308,4939215758
4,2012-04,1.02817E+11,1.0645E+12
16,2012-05,11626820090,1.96971E+11
2,2012-05,767603680,693007186
1,2012-05,1.98356E+11,1.93172E+12
8,2012-05,921113211,4979310216
4,2012-05,1.21852E+11,1.35727E+12
16,2012-06,13109920272,2.08253E+11
2,2012-06,523019926,650022894
1,2012-06,1.27086E+11,1.20917E+12
8,2012-06,513048991,3269676058
4,2012-06,88217754372,9.67522E+11
16,2012-07,14611169017,2.32202E+11
2,2012-07,740728554,739490016
1,2012-07,1.34168E+11,1.21348E+12
8,2012-07,704198246,3697370487
4,2012-07,92764290107,1.03352E+12
16,2012-08,15077596613,2.36496E+11
2,2012-08,658459728,426819991
1,2012-08,1.35701E+11,1.14284E+12
8,2012-08,801923799,4848489298
4,2012-08,1.01135E+11,1.00963E+12
16,2012-09,14842774875,2.13311E+11
2,2012-09,535048034,422508482
1,2012-09,1.42744E+11,1.15224E+12
8,2012-09,673077053,3555411301
4,2012-09,97644834380,9.41652E+11
16,2012-10,9665502643,1.3197E+11
2,2012-10,396290160,272691229
1,2012-10,1.22729E+11,9.18458E+11
8,2012-10,671080644,3675124468
4,2012-10,85419678690,7.62666E+11
16,2012-11,10389883714,1.33029E+11
2,2012-11,362427717,275851298
1,2012-11,1.24158E+11,9.14381E+11
8,2012-11,711746190,4143265027
4,2012-11,80658666987,6.88925E+11
16,2012-12,17940767773,2.25584E+11
2,2012-12,922987993,682740869
1,2012-12,2.23598E+11,1.71223E+12
8,2012-12,1145206836,6239503487
4,2012-12,1.3516E+11,1.20157E+12
16,2013-01,22644074524,3.37159E+11
2,2013-01,2047233446,1718744674
1,2013-01,2.65145E+11,2.2482E+12
8,2013-01,2823567992,18212337512
4,2013-01,1.70534E+11,1.68846E+12
16,2013-02,14348773067,2.19131E+11
2,2013-02,1383633853,1202585966
1,2013-02,1.8127E+11,1.61967E+12
8,2013-02,1264959012,9685210933
4,2013-02,1.1024E+11,1.16124E+12
16,2013-03,18199458914,2.88814E+11
2,2013-03,1158107054,1004271519
1,2013-03,2.31437E+11,2.03353E+12
8,2013-03,1241639858,8313033751
4,2013-03,1.4816E+11,1.51996E+12
16,2013-04,11730252960,1.96749E+11
2,2013-04,708088903,612614660
1,2013-04,1.49006E+11,1.28134E+12
8,2013-04,946201136,6515142717
4,2013-04,1.03651E+11,1.07555E+12
16,2013-05,28212219535,4.69704E+11
2,2013-05,1088612778,890118695
1,2013-05,2.28401E+11,2.08126E+12
8,2013-05,1500290576,10339160958
4,2013-05,1.8125E+11,1.90289E+12
16,2013-06,21057652065,3.37965E+11
2,2013-06,762203313,581211042
1,2013-06,1.54476E+11,1.32645E+12
8,2013-06,940369687,6522184592
4,2013-06,1.17812E+11,1.1606E+12
16,2013-07,35424489044,5.79643E+11
2,2013-07,669922735,493744629
1,2013-07,2.15827E+11,1.81665E+12
8,2013-07,838916318,5328313951
4,2013-07,1.73661E+11,1.72861E+12
16,2013-08,34050230621,5.56451E+11
2,2013-08,1161608853,920089108
1,2013-08,2.47787E+11,2.06279E+12
8,2013-08,723907908,5077593152
4,2013-08,1.8849E+11,1.8699E+12
16,2013-09,24716003844,4.48143E+11
2,2013-09,1519953375,1444262557
1,2013-09,2.98431E+11,2.52771E+12
8,2013-09,674598221,4918169216
4,2013-09,1.7236E+11,1.67473E+12
16,2013-10,28069242211,5.23324E+11
2,2013-10,1108748033,978499928
1,2013-10,2.36631E+11,2.09159E+12
8,2013-10,756612328,5587348296
4,2013-10,1.70063E+11,1.706E+12
16,2013-11,29567334094,5.43801E+11
2,2013-11,746101772,625224060
1,2013-11,2.18041E+11,1.91786E+12
8,2013-11,733535278,6552480753
4,2013-11,1.53526E+11,1.5134E+12
16,2013-12,31811209418,5.65662E+11
2,2013-12,796048066,630491121
1,2013-12,2.0633E+11,1.79385E+12
8,2013-12,754252120,5939120201
4,2013-12,1.48732E+11,1.53603E+12
16,2014-01,37001009482,6.95983E+11
2,2014-01,488199106,420563949
8,2014-01,655498612,4733358927
4,2014-01,1.3792E+11,1.49729E+12
1,2014-01,1.5587E+11,1.35726E+12
16,2014-02,30834819526,6.64644E+11
2,2014-02,672261383,570418989
8,2014-02,850315853,5525992869
4,2014-02,1.70474E+11,1.91144E+12
1,2014-02,2.0445E+11,1.78889E+12
16,2014-03,24797713794,5.32925E+11
2,2014-03,666369560,523791500
8,2014-03,785319486,5522696236
4,2014-03,1.76833E+11,1.8023E+12
1,2014-03,2.30631E+11,1.86032E+12
16,2014-04,19681692763,3.85801E+11
2,2014-04,456194176,369744753
8,2014-04,629272392,4544831012
4,2014-04,1.40811E+11,1.40243E+12
1,2014-04,2.06289E+11,1.67432E+12
16,2014-05,21620073503,3.86555E+11
2,2014-05,331556038,270990654
8,2014-05,382415002,3176613667
4,2014-05,1.13953E+11,1.14737E+12
1,2014-05,1.50914E+11,1.19835E+12
2,2014-06,292353914,232485557
16,2014-06,32001519238,5.62933E+11
8,2014-06,362414595,2521107946
4,2014-06,1.30767E+11,1.33119E+12
1,2014-06,1.58831E+11,1.31031E+12
2,2014-07,606082305,445130645
16,2014-07,36694741526,6.40113E+11
8,2014-07,788454731,4886081473
4,2014-07,2.29833E+11,2.2717E+12
1,2014-07,2.97489E+11,2.38688E+12
2,2014-08,860702701,684906447
16,2014-08,36774062817,6.26723E+11
8,2014-08,904457385,5702183230
4,2014-08,2.56303E+11,2.63083E+12
1,2014-08,3.33517E+11,2.7855E+12
2,2014-09,1236898897,953319551
16,2014-09,43526861953,8.03942E+11
8,2014-09,1248691116,7549742390
1,2014-09,4.17866E+11,3.54628E+12
4,2014-09,3.0256E+11,3.23668E+12
2,2014-10,825960960,644234042
8,2014-10,875505536,5514574819
1,2014-10,3.68903E+11,3.12467E+12
4,2014-10,2.4756E+11,2.68559E+12
16,2014-10,33882302987,6.66941E+11
2,2014-11,1132726925,1000082648
8,2014-11,958306473,6026919533
1,2014-11,5.68001E+11,4.87518E+12
4,2014-11,2.89452E+11,3.2131E+12
16,2014-11,35010687823,7.47375E+11
2,2014-12,2017868430,1759293111
8,2014-12,1388711224,9777856865
1,2014-12,1.13633E+12,1.14705E+13
4,2014-12,4.56062E+11,5.51884E+12
16,2014-12,48126580515,1.03094E+12
2,2015-01,1135930663,1078993570
8,2015-01,945770022,6952108005
1,2015-01,7.02607E+11,7.82755E+12
4,2015-01,2.9948E+11,3.98738E+12
16,2015-01,41178062330,8.98433E+11
2,2015-02,543960905,543112846
8,2015-02,508728233,4069657172
1,2015-02,3.61016E+11,4.11498E+12
4,2015-02,1.91521E+11,2.63649E+12
16,2015-02,31708624623,7.89516E+11
2,2015-03,1509798547,1420482345
8,2015-03,1292042815,9210304436
1,2015-03,9.42739E+11,1.1257E+13
4,2015-03,5.04936E+11,7.4423E+12
16,2015-03,73741831435,2.04793E+12
2,2015-04,3429926123,4138147410
8,2015-04,2741045552,23017479887
1,2015-04,1.26431E+12,1.73327E+13
4,2015-04,6.06672E+11,1.01153E+13
16,2015-04,75775616166,2.46976E+12
2,2015-05,4073204610,5768844500
8,2015-05,3211543427,32942946213
1,2015-05,1.06242E+12,1.62976E+13
4,2015-05,6.08685E+11,1.14186E+13
16,2015-05,87327698823,3.2949E+12
2,2015-06,3822975772,6071002011
8,2015-06,2361783137,24614900998
1,2015-06,1.28324E+12,1.99625E+13
4,2015-06,6.61353E+11,1.30364E+13
16,2015-06,90036143216,3.48901E+12
2,2015-07,3828659922,4444055052
4,2015-07,6.06667E+11,9.0521E+12
1,2015-07,1.31553E+12,1.60848E+13
8,2015-07,2102248789,17258742321
16,2015-07,1.03404E+11,2.94197E+12
2,2015-08,2510648784,2758875683
4,2015-08,5.13655E+11,7.50709E+12
8,2015-08,1321097670,9707134389
1,2015-08,8.69415E+11,1.07572E+13
16,2015-08,84018820989,2.19973E+12
2,2015-09,1503082157,1535743080
4,2015-09,3.6693E+11,4.37694E+12
8,2015-09,865117405,6215862064
1,2015-09,5.34748E+11,5.61659E+12
16,2015-09,77893121724,1.59421E+12
2,2015-10,1876312934,2096385356
4,2015-10,4.58792E+11,6.29662E+12
8,2015-10,1114522060,8750667963
16,2015-10,96032495662,2.31755E+12
1,2015-10,5.43382E+11,6.4069E+12
2,2015-11,2463077081,2996218812
4,2015-11,5.98949E+11,9.51442E+12
8,2015-11,1122639845,9286903094
16,2015-11,1.29512E+11,3.55191E+12
1,2015-11,7.04118E+11,9.20135E+12
2,2015-12,3839769540,5046638961
4,2015-12,4.82016E+11,8.13752E+12
8,2015-12,1584871427,14400460686
16,2015-12,99858098560,2.84694E+12
1,2015-12,5.32978E+11,7.17493E+12
8,2016-01,1000393874,7734758483
2,2016-01,2630691492,3010765548
4,2016-01,3.48354E+11,4.71813E+12
16,2016-01,74632773950,1.73731E+12
1,2016-01,3.98146E+11,4.31853E+12
8,2016-02,685592571,4969030124
2,2016-02,1423992651,1555623847
4,2016-02,2.59532E+11,3.41322E+12
16,2016-02,57482526703,1.3015E+12
1,2016-02,2.99905E+11,3.06715E+12
8,2016-03,714920032,5159359670
2,2016-03,1635301572,1966676979
4,2016-03,4.28233E+11,5.774E+12
16,2016-03,98898302293,2.21215E+12
1,2016-03,5.06825E+11,5.32974E+12
8,2016-04,620681175,4709110699
2,2016-04,1094680030,1330016524
16,2016-04,82249366225,1.99925E+12
4,2016-04,3.50332E+11,5.17374E+12
1,2016-04,3.77602E+11,4.20613E+12
8,2016-05,513450571,3909001329
2,2016-05,873064765,1119497472
16,2016-05,74978670157,1.6662E+12
4,2016-05,2.89346E+11,4.19855E+12
1,2016-05,2.84512E+11,3.14863E+12
8,2016-06,380217723,2992054396
2,2016-06,699463773,878888162
1,2016-06,3.16894E+11,3.76423E+12
16,2016-06,1.07542E+11,2.46245E+12
4,2016-06,3.47431E+11,5.16318E+12
8,2016-07,766155390,5778365484
2,2016-07,866781272,970435082
16,2016-07,98977758151,2.28217E+12
1,2016-07,4.00299E+11,4.69685E+12
4,2016-07,3.90956E+11,5.65259E+12
8,2016-08,725574359,5592864948
2,2016-08,750543850,781430875
16,2016-08,78108966385,1.79755E+12
1,2016-08,3.94871E+11,4.44472E+12
4,2016-08,3.61402E+11,4.87628E+12
2,2016-09,631307781,669899342
8,2016-09,579234261,4641535567
16,2016-09,65001852776,1.39115E+12
1,2016-09,2.78952E+11,3.13643E+12
4,2016-09,2.7078E+11,3.66503E+12
2,2016-10,920909795,915982546
8,2016-10,546141341,4200828919
1,2016-10,2.77392E+11,3.05725E+12
4,2016-10,2.50884E+11,3.36152E+12
16,2016-10,56524785753,1.24563E+12
2,2016-11,974289745,1007108476
8,2016-11,720797403,5002327047
1,2016-11,5.19106E+11,5.84701E+12
4,2016-11,4.05698E+11,5.61762E+12
16,2016-11,88549477950,2.06485E+12
2,2016-12,684286421,708274196
8,2016-12,507924226,3503877331
1,2016-12,3.95909E+11,4.40132E+12
4,2016-12,2.97573E+11,3.94116E+12
16,2016-12,61356384047,1.38086E+12
2,2017-01,518002528,507279167
1,2017-01,2.75431E+11,3.04927E+12
4,2017-01,2.11775E+11,2.68456E+12
8,2017-01,364462650,2350916082
16,2017-01,46182648541,9.6647E+11
2,2017-02,702901893,715749645
1,2017-02,3.39101E+11,3.77235E+12
4,2017-02,2.47807E+11,3.14201E+12
8,2017-02,546671769,4032870439
16,2017-02,53583622308,1.10871E+12
2,2017-03,892255173,890729865
1,2017-03,4.10871E+11,5.08194E+12
8,2017-03,631708073,4711829903
16,2017-03,78885623750,1.90053E+12
4,2017-03,3.19771E+11,4.53601E+12
2,2017-04,574517788,562817241
1,2017-04,3.78371E+11,4.22048E+12
8,2017-04,559054122,3701765699
16,2017-04,61461414528,1.22344E+12
4,2017-04,2.90796E+11,3.71387E+12
2,2017-05,478454444,455882325
1,2017-05,3.22324E+11,3.60291E+12
8,2017-05,525347158,3221020577
16,2017-05,70716122598,1.26903E+12
4,2017-05,2.50527E+11,3.20049E+12
2,2017-06,457574180,481201278
1,2017-06,3.20008E+11,3.65539E+12
8,2017-06,522579033,3518316034
16,2017-06,76229849406,1.23667E+12
4,2017-06,2.78542E+11,3.54429E+12
2,2017-07,653889842,646479907
1,2017-07,4.18108E+11,4.50229E+12
8,2017-07,585593420,3938849980
16,2017-07,74199087082,1.19985E+12
4,2017-07,3.34011E+11,4.0206E+12
2,2017-08,790237969,777885636
1,2017-08,5.05196E+11,5.53878E+12
8,2017-08,625933671,3891204045
16,2017-08,1.00948E+11,1.64504E+12
4,2017-08,3.76633E+11,4.54923E+12
2,2017-09,1089879878,1224630585
1,2017-09,4.22171E+11,4.93248E+12
8,2017-09,691072486,4611724585
16,2017-09,1.0161E+11,1.87568E+12
4,2017-09,3.55159E+11,4.63712E+12
2,2017-10,722527564,762260900
1,2017-10,2.69951E+11,3.401E+12
8,2017-10,727683240,5053154770
16,2017-10,69075868379,1.30528E+12
4,2017-10,2.46729E+11,3.19803E+12
2,2017-11,753410516,800359927
1,2017-11,3.97487E+11,5.13088E+12
8,2017-11,1001204475,6788398624
16,2017-11,79772988507,1.57819E+12
4,2017-11,3.28834E+11,4.43349E+12
2,2017-12,381530287,407961363
1,2017-12,2.93741E+11,3.62544E+12
8,2017-12,402811198,2781202719
16,2017-12,64812734648,1.15767E+12
4,2017-12,2.44685E+11,3.16332E+12
2,2018-01,622102283,701550328
8,2018-01,620113742,4540584112
1,2018-01,4.79155E+11,5.76753E+12
16,2018-01,82919358664,1.41176E+12
4,2018-01,3.33268E+11,4.24814E+12
2,2018-02,579305547,617573208
8,2018-02,319431221,2092417095
1,2018-02,2.88317E+11,3.25835E+12
16,2018-02,62616523503,8.84157E+11
4,2018-02,1.90574E+11,2.26638E+12
2,2018-03,627847335,658086803
8,2018-03,403924681,2630501723
16,2018-03,1.22E+11,1.97049E+12
1,2018-03,3.69781E+11,4.39277E+12
4,2018-03,3.16753E+11,3.9213E+12
2,2018-04,376987139,381299747
8,2018-04,343097283,2083270744
16,2018-04,1.02526E+11,1.76288E+12
1,2018-04,2.69522E+11,3.36972E+12
4,2018-04,2.43357E+11,3.06626E+12
2,2018-05,568236043,621052510
8,2018-05,496745061,3785535991
16,2018-05,1.07493E+11,1.77682E+12
1,2018-05,2.97361E+11,3.80648E+12
4,2018-05,2.69347E+11,3.35206E+12
2,2018-06,422449386,441755397
8,2018-06,394674119,2732484015
16,2018-06,85477992366,1.27932E+12
1,2018-06,2.61975E+11,3.09761E+12
4,2018-06,2.27239E+11,2.55933E+12
2,2018-07,402208100,381232571
16,2018-07,1.15928E+11,1.61921E+12
1,2018-07,3.04507E+11,3.25669E+12
8,2018-07,372775055,2278141263
4,2018-07,2.87359E+11,2.87049E+12
2,2018-08,495868631,456598884
16,2018-08,93257047782,1.13693E+12
8,2018-08,442701923,2568349403
1,2018-08,2.81643E+11,2.86985E+12
4,2018-08,2.75297E+11,2.54144E+12
2,2018-09,314521266,308777249
8,2018-09,236743590,1254255167
16,2018-09,79989996805,8.63367E+11
1,2018-09,2.14521E+11,2.1508E+12
4,2018-09,2.26918E+11,1.9264E+12
2,2018-10,494857987,448769617
8,2018-10,418440527,1781287374
16,2018-10,81339365163,8.52814E+11
1,2018-10,2.73548E+11,2.4461E+12
4,2018-10,2.47654E+11,1.91399E+12
2,2018-11,822231424,600939286
8,2018-11,537929019,2242838568
16,2018-11,1.31112E+11,1.32897E+12
1,2018-11,4.0446E+11,3.34833E+12
4,2018-11,4.11545E+11,3.10351E+12
1,2018-12,2.57134E+11,2.23396E+12
2,2018-12,377950164,298435601
8,2018-12,291011709,1236050414
16,2018-12,95255154946,9.47932E+11
4,2018-12,2.64167E+11,2.10017E+12
2,2019-01,563890700,376539880
4,2019-01,3.41722E+11,2.60529E+12
8,2019-01,379917786,1914262828
1,2019-01,3.38E+11,2.80167E+12
16,2019-01,1.16272E+11,1.11943E+12
2,2019-02,863060691,640266587
4,2019-02,4.56193E+11,3.5939E+12
8,2019-02,654475339,3104879674
1,2019-02,4.41318E+11,3.81184E+12
16,2019-02,1.37175E+11,1.42966E+12
2,2019-03,1323474565,1046095146
4,2019-03,8.22122E+11,7.27054E+12
8,2019-03,947068516,4303533785
1,2019-03,8.67869E+11,8.29389E+12
16,2019-03,2.56314E+11,3.01382E+12
2,2019-04,881496156,846471138
4,2019-04,6.96031E+11,6.76117E+12
8,2019-04,672164202,3817901755
1,2019-04,7.47832E+11,7.55664E+12
16,2019-04,2.11288E+11,2.53471E+12
2,2019-05,446292855,424500005
4,2019-05,4.21808E+11,3.86241E+12
8,2019-05,332114916,1616054692
1,2019-05,4.46066E+11,4.31504E+12
16,2019-05,1.44788E+11,1.62388E+12
2,2019-06,365178106,346682913
4,2019-06,3.55927E+11,3.27266E+12
8,2019-06,251740114,1111790263
1,2019-06,3.97098E+11,3.8391E+12
16,2019-06,1.40385E+11,1.59817E+12
2,2019-07,372725809,384558820
4,2019-07,3.64223E+11,3.43497E+12
8,2019-07,362586866,1630503938
1,2019-07,3.65803E+11,3.75599E+12
16,2019-07,1.3939E+11,1.69926E+12
32,2019-07,5655270573,2.1263E+11
2,2019-08,422086993,390866731
4,2019-08,3.80123E+11,3.72498E+12
8,2019-08,337230642,1410086255
1,2019-08,3.59898E+11,3.81489E+12
16,2019-08,1.45388E+11,1.84822E+12
32,2019-08,9128502948,4.45139E+11
2,2019-09,375945807,333884485
8,2019-09,302047628,1287343264
1,2019-09,3.90955E+11,4.38925E+12
4,2019-09,4.33621E+11,4.37701E+12
16,2019-09,1.75661E+11,2.37397E+12
32,2019-09,3360446775,1.66822E+11
1,2019-10,2.60468E+11,2.84721E+12
2,2019-10,215875325,201015040
8,2019-10,148502202,814085954.3
16,2019-10,1.2864E+11,1.67004E+12
4,2019-10,2.99363E+11,3.00577E+12
32,2019-10,2834101483,1.24845E+11
1,2019-11,2.99756E+11,3.18098E+12
2,2019-11,321555598,267862916
8,2019-11,191911037,880814888.5
16,2019-11,1.26312E+11,1.79063E+12
4,2019-11,3.28342E+11,3.34371E+12
32,2019-11,4418158123,1.74907E+11
1,2019-12,4.07254E+11,4.20977E+12
2,2019-12,409469847,299154103
8,2019-12,421628576,1586647228
16,2019-12,1.73442E+11,2.38674E+12
4,2019-12,4.60391E+11,4.43553E+12
32,2019-12,5105596430,2.05083E+11
